Devis_ID	Unité	Client	Type_Travail	Montant_HT	Coefficient	Numéro_OA	Count_OA	Statut	État	Description	Date_RFQ	Acheteur
PI124176	SABC_Ndokoti	Boissons du Cameroun	Fourniture	1231680	1.5	Lost	0	Terminé	Closed	PDR pour Asservissement lubrification zone Pal-Dpal	2024-05-07	Cedric NGAKAM
PI22600	SABC_Bafoussam	Boissons du Cameroun	Placement_RH	669162	1.5	Regul	1	Terminé	Closed	TRAVAUX D'ENTRETIEN FIN DE SEMAINE 52	2022-12-31	Anicet GHISLAIN FOKA
PI23000	SABC_Yaounde	Boissons du Cameroun	Placement_RH	3600000	1	3359069	1	Terminé	Closed	ASSISTANCE METROLOGUE (MAINTENANCE DES EQUIPEMENTS DE CONTROLE)	2023-12-31	Olivier Talteng
PI23010	SCDP Depot de Bessengue	SCDP	Fourniture_Pose	3367630	2	7300000699	1	Terminé	Closed	REHABILITATION DES SIRENES D'ALARME MBOPPI/PORT DE PECHE	2023-12-31	Francois OUNKAP
PI23043	GRACEDOM Souza	Gracedom Invest	Installation	1230000	1.5	P00639	1	Terminé	Closed	intervention automaticien usine COCA COLA Spuza	2023-03-26	LOOH NDI SONDO
PI23048	GRACEDOM Souza	Gracedom Invest	Formation	6375000	2	P00106	1	Terminé	Closed	formation type initiation à l'automatisme industrielle orientation maintenance usine COCA COLA Souza	2023-03-26	Raoul Djampou
PI23052	SCDP Depot de Bessengue	SCDP	Fourniture_Pose	1983792	1.5	7300000696	1	Terminé	Closed	REHABILITATION DES PROJECTEURS DES MIRADORS	2023-12-07	Francois OUNKAP
PI23054	SABC_Bafoussam	Boissons du Cameroun	Fourniture_Pose	2598000	1.6	3392581	1	Terminé	Closed	fourniture et installation des lampadaires solaires 100w et 80wAU CC Bafoussam autonomie 12H usine de Bafoussam	2023-04-19	Joseph DJIEUBOU 
PI23061	SABC_Bafoussam	Boissons du Cameroun	Fourniture_Pose	2954000	1.8	3392572	1	Terminé	Closed	fourniture et installation des lampadaires solaires 100w et 80wAU CC Bafoussam autonomie 12H usine de Bafoussam	2023-04-19	Joseph DJIEUBOU 
PI23064	SABC_Yaounde	Boissons du Cameroun	Placement_RH	921000	1.8	3378895	1	Terminé	Closed	travaux d'assistance technique, mise en service agitateurs dans les conges sirop pour production ORANGINA usine de Yaoundé	2023-05-15	Hassan FOUAPON KOUOTOU
PI23081	SIAC	Boissons du Cameroun	Fourniture_Pose	141300	1.4	3407305	1	Terminé	Closed	maintenance éclairage salle réunion et installation électrique pour exploitation d'une cafétière	2023-10-20	Christel TCHATO
PI23084	SABC_Koumassi	Boissons du Cameroun	Formation	12000299	1.7	3407190	1	Terminé	Closed	Formation TIA PORTAL - SABC	2023-07-04	Jeanny Orelie TIENTCHEU 
PI23084A	SABC_Bafoussam	Boissons du Cameroun	Placement_RH	67500	2	Lost	0	Terminé	Closed	TRAVAUX POUR ENTRETIEN FIN DE SEMAINE 46  DES CHAINES 4 et 6	2023-11-18	Aurelien Kouanda Missambi
PI23087	SABC_Bafoussam	Boissons du Cameroun	Placement_RH	67500	2	3428954	1	Terminé	Closed	Travaux pour entretien fin semaine 52 chaine 6	2023-12-26	Joseph DJIEUBOU 
PI23090	PROCUBEST	PROCUBEST	Fourniture_Pose	2853803.42	1.2	Lost	0	Terminé	Closed	Mise a Niveau Parc Adduction d'eau CAMWATER	2023-12-24	Albert Dipita
PI23091	SABC_Bafoussam	Boissons du Cameroun	Fourniture_Pose	3390000	3	Lost	0	Terminé	Closed	SIMATIC MICROBOS PC 427B-RTX POUR TRANSPORTEUR DE BOUTEILLES CHAINE 5. AVEC L'ASSISTANCE OBLIGATOIRE D'UN MONTEUR POUR MISE EN SERVICE.	2023-12-20	Jean Bossango
PI23233	SEMC	SEMC	Fourniture_Pose	3102356	1.4	3375790	1	Terminé	Closed	mise en place des interrupteurs de sécurité pour motopompe TDE SGX (ILS)	2023-05-03	Rosine Kati
PI23274	SEMC	SEMC	Fourniture_Pose	3476550	1.6	3393892	1	Terminé	Closed	consultation pour pose de centrale de mesure	2023-08-23	Rosine Kati
PI23290	DANGOTE_Dla	DANGOTE CEMENT SA	Fourniture	1485180	1.3	CM40006308	1	Terminé	Closed	Supply of MULTIMETER - ELECTRICAL	2023-10-12	Benjamin N. Eteh
PI23298	SABC_Ndokoti	Boissons du Cameroun	Fourniture	1745000	1.5	3401511	1	Terminé	Closed	demande de prix 3188285 - projecteurs LED	2023-10-23	Cedric NGAKAM
PI23323	DANGOTE_Dla	DANGOTE CEMENT SA	Fourniture_Pose	770000	1.3	CM42008482	1	Terminé	Closed	DCC230210 - supply and install amplifier at the gate	2023-07-15	Benjamin N. Eteh
PI23356	SIAC	Boissons du Cameroun	Fourniture_Pose	1407834	1.6	3395896	1	Terminé	Closed	automate de gestion de la distributiondes eaux et du réseau incendie SIAC est en arrêt	2023-09-08	Christel TCHATO
PI23364	DANGOTE_Dla	DANGOTE CEMENT SA	Fourniture	46200	1.4	Regul	1	Terminé	Closed	Furniture of  - Gas Fittings	2023-08-25	Iloga Gerard
PI23385	DANGOTE_Dla	DANGOTE CEMENT SA	Fourniture_Pose	1428267	1.7	CM42008210I	1	Terminé	Closed	DIGITAL GAUGE WITH DATA LOGGER	2023-10-06	Benjamin N. Eteh
PI23386	SABC_Bafoussam	Boissons du Cameroun	Fourniture	3952384	1.6	OA3394311	1	Terminé	Closed	Remise en service des electrovannes	2023-09-08	Jean Bossango
PI23391	DANGOTE_BAF	DANGOTE CEMENT SA	Fourniture_Pose	1343923	1.2	CM42008380	1	Terminé	Closed	Supply & Installation of solar lighting at Dibombari	2023-09-14	Benjamin N. Eteh
PI23395	DANGOTE_Dla	DANGOTE CEMENT SA	Fourniture_Pose	1692800	1.6	CM42008320	1	Terminé	Closed	Supply of DUST MEASURE DEVICE USEPA PM10/PM2.5	2023-12-06	Benjamin N. Eteh
PI23399	DANGOTE_Dla	DANGOTE CEMENT SA	Fourniture	1264320	1.25	CM40006245	1	Terminé	Closed	DCC 230283 - Smoke Detector & Distill Water	2023-09-19	Benjamin N. Eteh
PI23458	SABC_Yaounde	Boissons du Cameroun	Fourniture	956880	1.5	3379122	1	Terminé	Closed	Demande de prix 3173201 détecteur 	2023-05-16	Michel KAMGA DZETCHU 
PI23458-1	SABC_Yaounde	Boissons du Cameroun	Fourniture	0	1.3	3379122	1	Terminé	Closed	POUR CONDITIONNEMENT CHAINE 2 MIXTE	2023-05-16	
PI23463	DANGOTE_Dla	DANGOTE CEMENT SA	Fourniture	48000	1.4	Regul	1	Terminé	Closed	Furniture of 16sqmm x 12mm cable lug	2023-05-24	Benjamin N. Eteh
PI23475	SABC_Yaounde	Boissons du Cameroun	Fourniture	2560000	1.6	3379456	1	Terminé	Closed	PI23475 - COMMANDE ÉLECTROVANNE (ex OA3379456)	2023-07-07	
PI23501	DANGOTE_Dla	DANGOTE CEMENT SA	Fourniture	350400	1.3	CM40006291	1	Terminé	Closed	DCC 230284 - Supply of Battery, Radio, PMNN4415AR, MOTOROLA	2023-09-22	Benjamin N. Eteh
PI23538	DANGOTE_Dla	DANGOTE CEMENT SA	Fourniture	156800	1	CM42008288	1	Terminé	Closed	fourniture	2023-10-25	Benjamin N. Eteh
PI23540	DANGOTE_Dla	DANGOTE CEMENT SA	Installation	952000	1.4	CM42008385	1	Terminé	Closed	REHABILITATION OF OUTDOOR LIGHTING (18m Poles - Plant & Jetty)	2023-09-26	Benjamin N. Eteh
PI23542	DANGOTE_Dla	DANGOTE CEMENT SA	Fourniture	1106000	1.3	CM42008383	1	Terminé	Closed	DCC 230320 - Supply of loto device, lock boxes - HSE	2023-10-30	Benjamin N. Eteh
PI23545	SABC_Bafoussam	Boissons du Cameroun	Fourniture	693984	1.4	3403859	1	Terminé	Closed	DP3185526	2023-10-30	Jean Bossango
PI23552	SABC_Ndokoti	Boissons du Cameroun	Reparation	300000	1.3	3405262	1	Terminé	Closed	dépannage d'une console Elitebook B40 G3	2023-11-02	Hassan FOUAPON KOUOTOU
PI23560	DANGOTE_Dla	DANGOTE CEMENT SA	Fourniture	450000	1.3	CM40006343	1	Terminé	Closed	Solenoid Valve	2023-11-15	Catherine TOTO
PI23561	SOCAVER	Societe Camerounaise des Verrieries	Metrologie	1242000	1.5	3408694	1	Terminé	Closed	vérification métrologique des thermomètres infrarouges	2023-11-22	Thierry Ekendjoum
PI23565	SIAC	Boissons du Cameroun	Fourniture_Pose	275000	1.4	3372949	1	Terminé	Closed	coffret polyester 820*610*300	2023-06-01	Christel TCHATO
PI23567	DANGOTE_Dla	DANGOTE CEMENT SA	Fourniture	1468800	1.6	Lost	0	Terminé	Closed	Iniator REP. NCN4-12 GM60-B3-C2-V1-Y2263 - ELECTRICAL	2023-12-19	Benjamin N. Eteh
PI23568	DANGOTE_Dla	DANGOTE CEMENT SA	Fourniture_Pose	3101150	1.3	Lost	0	Terminé	Closed	Replacement of AC supply cables - ELECTRICAL	2023-12-27	Benjamin N. Eteh
PI23569	DANGOTE_Dla	DANGOTE CEMENT SA	Fourniture_Pose	3441568	1.6	CM42008584	1	Terminé	Closed	Supply & Installation COM UNIT 560CMR01 R0002@SS - ELECTRICAL	2023-12-21	Benjamin N. Eteh
PI23570	SABC_Yaounde	Boissons du Cameroun	Fourniture	3885000	1.4	Lost	0	Terminé	Closed	CABLE POUR TRAVAUX D'ECLAIRAGE LOCAL TGBT CHAINE 9	2023-12-26	Rosine Kati
PI23571	SABC_Ndokoti	Boissons du Cameroun	Fourniture	512260	1.6	Lost	0	Terminé	Closed	PDR POUR REMPLACEMENT DES RELAIS MINIATURES OBSOLETES	2023-12-26	Jean Bossango
PI23572	SEMC	SEMC	Fourniture	1726240	1.6	Lost	0	Terminé	Closed	COMMANDE REMPLACER MEGOHMETRE DEFECTUEUX USINE SEMC	2023-12-26	Rosine Kati
PI23573	SEMC	SEMC	Fourniture	4730600	1.6	Lost	0	Terminé	Closed	COMMANDE COMPTEUR POUR RESEAU SERVITUDE USINE SEMC	2023-12-29	Jean Bossango
PI23574	SABC_Yaounde	Boissons du Cameroun	Fourniture	734080	1.6	3415687	1	Terminé	Closed	PDR POUR SOUTIREUSE ET ETQ CH7	2023-12-29	Jean Bossango
PI23574A	SABC_Ndokoti	Boissons du Cameroun	Fourniture	734080	1.6	Lost	0	Terminé	Closed	PDR POUR SOUTIREUSE ET ETQ CH7	2023-12-29	Jean Bossango
PI23604	DIXSTONE	Dixstone Operations Cameroun	Fourniture	2404500	1.3	4502205789	1	Terminé	Closed	demande de devis MR-3492-STIM	2023-10-25	Alex Amoutse
PI23613	BOCOM 	BOCOM PETROLEUM SA	Fourniture	275600	1.3	0004642	1	Terminé	Closed	Fourniture du matériel	2023-12-28	Valdyce Mbogoum
PI23614	BOCOM 	BOCOM PETROLEUM SA	Fourniture	624000	1.3	0000399	1	Terminé	Closed	Fourniture du matériel	2023-12-28	Valdyce Mbogoum
PI23615	BOCOM 	BOCOM PETROLEUM SA	Fourniture	50700	1.3	aucun	1	Terminé	Closed	Fourniture du matériel	2023-12-28	Valdyce Mbogoum
PI23722	BOCOM 	BOCOM PETROLEUM SA	Fourniture	6565033	1.6	0003566	1	Terminé	Closed	fourniture boutons et lampes	2023-04-27	Valdyce Mbogoum
PI23728	SEMC	SEMC	Fourniture_Pose	4869260	1.1000000000000001	Lost	0	Terminé	Closed	MISE EN CONFORMITE DES INSTALLATIONS ELECTRIQUE	2023-12-31	Rosine Kati
PI23738	SABC_Bafoussam	Boissons du Cameroun	Fourniture	120000	1.5	3428954	1	Terminé	Closed	Fourniture selon la DI 190992	2023-12-06	Joseph DJIEUBOU 
PI23741	SABC_Bafoussam	Boissons du Cameroun	Fourniture	379950	2.5299999999999998	Regul	1	Terminé	Closed	Fourniture des bagues d'étanchéité	2023-07-14	Joseph DJIEUBOU 
PI23756	SOCAPALM_Eseka	SOCAPALM	Fourniture_Pose	12075178	1.55	271/2023	1	Terminé	Closed	ARMOIRE CLARIFICATION EXTENSION USINE	2023-08-31	Emmanuel Biyong
PI23760	BOCOM 	BOCOM PETROLEUM SA	Fourniture	2570000	1.3	0003788	1	Terminé	Closed	fourniture disjoncteurs et autres	2023-03-01	Valdyce Mbogoum
PI23766	SCDP Depot de Bessengue	SCDP	Fourniture	5731200	2	7300000640	1	Terminé	Closed	LAMPES TORCHES ATEX	2023-09-19	Marie-line Ntyame
PI23767	SIAC	Boissons du Cameroun	Fourniture_Pose	833004	2	3404248	1	Terminé	Closed	fourniture et pose d'un coffret prises	2023-08-30	Christel TCHATO
PI23768	SABC_Ndokoti	Boissons du Cameroun	Fourniture_Pose	3402794	1.8	3402847	1	Terminé	Closed	travaux de raccordement électrique bâche CO2 usine Ndokoti	2023-09-26	François Atangana
PI23778	SIAC	Boissons du Cameroun	Fourniture_Pose	599569	1.5	3404248	1	Terminé	Closed	déplacement coffret inverseur et dépose coffret téléphonie	2023-10-06	Christel TCHATO
PI23783	SEMC	SEMC	Fourniture_Pose	4375634	1.45	3409937	1	Terminé	Closed	CONSULTATION  POSE DE COFFRETS - ELECTRIQUES BATIMENTS USINE SEMC	2023-10-18	Ruth Ngo Makoumba
PI23785	SIAC	Boissons du Cameroun	Fourniture_Pose	583050	1.4	3420584	1	Terminé	Closed	Travaux de déplacement coffret magasin alcool et remplacement disjoncteurs	2023-12-19	Christel TCHATO
PI23802	SCDP Depot de Bessengue	SCDP	Fourniture_Pose	48772053	1.5	041	1	Terminé	Closed	Systeme d'AU: SCDP Bessengue, Deido, Bonabéri, Bafoussam, Ngaoundéré, Garoua Maroua	2023-12-31	
PI23807	SCDP Depot de Nsam	SCDP	Fourniture_Pose	46114029	1.2	052	1	Terminé	Closed	FOURNITURE, INSTALLATION, ESSAIS ET MISE EN SERVICE SYSTEMES DE PROTECTION CONTRE LA FOUDRE (SCDP NSAM) PHASE 1	2022-10-14	
PI23880	SIAC	Boissons du Cameroun	Fourniture_Pose	675000	2	3407307	1	Terminé	Closed	contrôle des installations électriques RAP02_ELEC131882	2023-11-07	Christel TCHATO
PI23885	SIAC	Boissons du Cameroun	Fourniture_Pose	430000	1.35	3411852	1	Terminé	Closed	TRAVAUX DE MISE CONFORMITE COFFRET SUITE CONTRÔLE THERMOGRAPHIE APAVE	2023-12-09	Christel TCHATO
PI23887	SIAC	Boissons du Cameroun	Fourniture_Pose	308160	1.4	3420583	1	Terminé	Closed	RENOVATION COFFRET ONDULEUR MAGASIN RESINE	2023-12-19	Christel TCHATO
PI24001	SIAC	Boissons du Cameroun	Fourniture	900000	1	Lost	0	Terminé	Closed	Fourniture Fluke 1507	2023-01-03	Christel TCHATO
PI24002	SABC_Ndokoti	Boissons du Cameroun	Fourniture	9614760	1.6	Lost	0	Terminé	Closed	Pds Maitre Asi /Remplacement Des
Maitres Asi Donc Les Afficheurs Sont
Devenus Illisibles Impossible Le Lire Les
Defauts
	2024-01-04	Jean Bossango
PI24003	DANGOTE_Dla	DANGOTE CEMENT SA	Fourniture	12827501	1.6	Lost	0	Terminé	Closed	Few items for INSTRUMENTATION 	2024-01-19	Benjamin N. Eteh
PI24004	SABC_Yaounde	Boissons du Cameroun	Fourniture	517696	1.6	3419104	1	Terminé	Closed	Commande SOS d'un dialogue opérateur pour
station RIA CP suite défectuosité de celui en
Marque service	2024-01-04	Jean Bossango
PI24005	SABC_Ndokoti	Boissons du Cameroun	Fourniture	391300	1.3	3422604	1	Terminé	Closed	Pour Branchement Des Nouvelles
Toilettes Mixte Et Prises (Mono Et
Marque Triphasee)
	2024-01-05	Cedric NGAKAM
PI24006	BOCOM 	BOCOM PETROLEUM SA	Fourniture	6105781	1.25	Lost	0	Terminé	Closed	Fourniture divers pour bureaux, barriere et autres DEPOT BANSOA	2024-01-18	Roland Takam
PI24007	GRACEDOM Souza	Gracedom Invest	Fourniture	1064340	1.4	Lost	0	Terminé	Closed	BARRAGES IMMATÉRIELS DE SÉCURITÉ	2024-01-11	LOOH NDI SONDO
PI24008	DANGOTE_Dla	DANGOTE CEMENT SA	Fourniture	33026824	1.4	Lost	0	Terminé	Closed	PURCHASE OF BEARINGS	2024-01-05	Catherine TOTO
PI24009	SABC_Yaounde	Boissons du Cameroun	Fourniture	22443215	1.4	Lost	0	Terminé	Closed	REMPLACEMENT DES CELLULES VETUSTES A LA CENTRALE THERMIQUE 	2024-01-08	Rosine Kati
PI24010	SABC_Koumassi	Boissons du Cameroun	Fourniture	30286020	1.4	Lost	0	Terminé	Closed	REMPLACEMENT DES CELLULES MT VETUSTES DANS LES POSTES DE DISTRIBUTION D'ENERGIE ELECTRIQUE - KOUMASSI	2024-01-08	Rosine Kati
PI24011	SABC_Yaounde	Boissons du Cameroun	Fourniture	3519259	1.4	3424202	1	Terminé	Closed	REVISION 2024 COMMANDE LOCALE UBG YAOUNDE	2024-01-08	Jean Bossango
PI24012	SEMC	SEMC	Fourniture_Pose	435000	1	Lost	0	Terminé	Closed	ALIMENTATION RESISTANCE RESISTANCES BEC	2024-01-16	Rosine Kati
PI24013	DANGOTE_Dla	DANGOTE CEMENT SA	Fourniture_Pose	731500	1	Lost	0	Terminé	Closed	Supply and Install AMPLIFIER and Maintenance of LOUD SPEAKERS	2024-01-07	Iloga Gerard
PI24014	SABC_Koumassi	Boissons du Cameroun	Installation	1564500	1.4	Lost	0	Terminé	Closed	Consultation pour Déplacements Coffret de Commande Pompe fosse chaine 4 et 5	2024-01-17	Basile DONNANG DONGMO
PI24015	SABC_Bafoussam	Boissons du Cameroun	Installation	356900	1.6	Lost	0	Terminé	Closed	REMPLACEMENT DES CONTACTEURS ET DISJONCTEURS +FICHE 3P+T SUR LES  25 TOD	2024-01-06	Anicet GHISLAIN FOKA
PI24016	DANGOTE_Dla	DANGOTE CEMENT SA	Fourniture	270000	1.5	Lost	0	Terminé	Closed	SUPPLY OF FEW ITEMS	2024-01-15	Lambi Mandjeck
PI24017	DANGOTE_Dla	DANGOTE CEMENT SA	Fourniture	0	1	Lost	0	Annulé	Closed	Supply of SOLVENT -LEIBINGER JET2 INKJET PRINTER - INSTRUMENTATION	2024-01-17	Benjamin N. Eteh
PI24018	SABC_Yaounde	Boissons du Cameroun	Fourniture	10124616	1.6	Lost	0	Terminé	Closed	BESOIN DES PR POUR CIRCUIT ASI PAL/DEPAL CH6	2024-01-17	Jean Bossango
PI24019	SABC_Yaounde	Boissons du Cameroun	Fourniture	7950983	1.4	Lost	0	Terminé	Closed	BESOIN CABLES CONNECTEURS POUR TRAVAUX ENTRETIEN CH6	2024-01-17	Jean Bossango
PI24020	SABC_Koumassi	Boissons du Cameroun	Installation	5899564	1.63	Lost	0	Terminé	Closed	POUR REMPLACEMENT URGENT INVERSEUR CIRCUIT ECLAIRAGE	2024-01-17	Basile DONNANG DONGMO
PI24021	SABC_Koumassi	Boissons du Cameroun	Fourniture	3780000	1.4	Lost	0	Terminé	Closed	POUR REMPLACEMENT URGENT CONTACTEUR CIRCUIT ECLAIRAGE	2024-01-16	Cedric NGAKAM
PI24021A	BOCOM 	BOCOM PETROLEUM SA	Fourniture	3780000	1.4	Lost	0	Terminé	Closed	MAINTENANCE INFORMATIQUE	2024-01-18	
PI24022	SOCAVER	Societe Camerounaise des Verrieries	Metrologie	2470000	1	3424420	1	Terminé	Closed	Verification Metrologique des EQUIPEMENTS DE MESURE ET DE SURVEILLANCE	2024-01-18	Thierry Ekendjoum
PI24023	SABC_Koumassi	Boissons du Cameroun	Fourniture_Pose	876800	1.3	3435321	1	Terminé	Closed	CONSULTATION POUR DEPLACEMENT COFFRET DE COMMANDE POMPE FOSSE CHAINE 4 ET 5	2024-01-18	Romel Fopa
PI24024	SABC_Koumassi	Boissons du Cameroun	Fourniture_Pose	33686624	1.5	Lost	0	Terminé	Closed	REALISATION D'UN BANC D'ESSAI POUR LE CENTRE DE FORMATION EX-BVS	2024-01-22	Hassan FOUAPON KOUOTOU
PI24025	SABC_Koumassi	Boissons du Cameroun	Fourniture	824000	1.6	OA3433140	1	Terminé	Closed	DEMANDE DE PRIX DA 3185581 / DEMARREUR PROGRESSIF	2024-01-23	Cedric NGAKAM
PI24026	SABC_Yaounde	Boissons du Cameroun	Fourniture	796092	2	Lost	0	Terminé	Closed	REMISE EN SERVICE DU MOTEUR PRE-ETIRAGE COMMANDE DU PANNEAU DE CONTRÔLE RCL240-4	2024-01-22	Rosine Kati
PI24027	SABC_Ndokoti	Boissons du Cameroun	Fourniture	3177785	1.4	Lost	0	Terminé	Closed	REVISION ANNUELLE 2024	2024-01-23	Cedric NGAKAM
PI24028	SABC_Garoua	Boissons du Cameroun	Fourniture	73380000	1.22	Lost	0	Terminé	Closed	ALIMENTATION ENERGIE ELECTRIQUE NOUVELLE LIGNE GAROUA	2024-01-24	Rosine Kati
PI24029	SABC_Garoua	Boissons du Cameroun	Fourniture	4641247	1.3	Lost	0	Terminé	Closed	ALIMENTATION ENERGIE ELECTRIQUE NOUVELLE LIGNE GAROUA	2024-01-24	Rosine Kati
PI24030	HBO_Clients	HBO	Divers	8350000	1.077	Lost	0	Terminé	Closed	Fourniture a Yaounde d'un touret de Cuivre Nu 185mm2 500m	2024-01-23	Brice Nyasse
PI24031	SOCAVER	Societe Camerounaise des Verrieries	Metrologie	2300000	1.9	Lost	0	Terminé	Closed	Verification Metrologique des EQUIPEMENTS DE MESURE ET DE SURVEILLANCE	2024-01-18	Thierry Ekendjoum
PI24032	SABC_Yaounde	Boissons du Cameroun	Fourniture	5760216	1.4	Lost	0	Terminé	Closed	COUPLEUR PROFIBUS DP/DP EN REMPLACEMENT DIU YAOUNDE	2024-01-24	Rosine Kati
PI24033	DANGOTE_Dla	DANGOTE CEMENT SA	Fourniture	1651380	1.5	Lost	0	Terminé	Closed	Cable with straight plug	2024-01-25	Martin-Pierre DOOH
PI24034	SABC_Bafoussam	Boissons du Cameroun	Fourniture	1415765	1.3	Lost	0	Terminé	Closed	REVISION 2024 CH4 BAFOUSSAM PDR A COMMANDER EN LOCAL MARQUE PALL	2024-01-29	Jean Bossango
PI24035	DANGOTE_Dla	DANGOTE CEMENT SA	Fourniture_Pose	881660	1.3	CM42008684	1	Terminé	Closed	Maintenance of the Elect. workshop Rolling Door – ELECTRICAL	2024-01-29	Benjamin N. Eteh
PI24036	SIAC	Boissons du Cameroun	Fourniture_Pose	988500	1.26	3429888	1	Terminé	Closed	Travaux d'amelioration de l'éclairage bâtiment administratif	2024-01-31	Christel TCHATO
PI24037	SABC_Ndokoti	Boissons du Cameroun	Fourniture	6900860	1.34	Lost	0	Terminé	Closed	COMMANDE URGENTE DE CONNECTEURS, DE DISTRIBUTEURS ET DETECTEURS POUR Marque BESOIN AUX SILOS NDOKOTI	2024-02-01	Cedric NGAKAM
PI24038	SABC_Koumassi	Boissons du Cameroun	Fourniture	2024754	1.4	Lost	0	Terminé	Closed	Pour Upgrade programme automate CIP TOD pour stérilisation à chaud suivant demande DPQ	2024-02-01	Cedric NGAKAM
PI24039	SEMC	SEMC	Reparation	20196451	1	Lost	0	Terminé	Closed	DEMANDE D'OFFRE POUR ENTRETIEN ANNUEL DES CLIMATISEURS ARMOIRES ELECTRIQUES	2024-01-31	Rosine Kati
PI24040	GRACEDOM Souza	Gracedom Invest	Fourniture	1250328.32	1.32	Lost	0	Terminé	Closed	Kit Etalonnage detecteur fixe NH3	2024-02-05	LOOH NDI SONDO
PI24041	DANGOTE_Dla	DANGOTE CEMENT SA	Fourniture	1680402	1.4	CM40006408	1	Terminé	Closed	EBMPAPST RG130/0800-3612-010201 RADIAL BLOWER	2024-02-08	Benjamin N. Eteh
PI24042	SABC_Ndokoti	Boissons du Cameroun	Fourniture	3714900	1.5	Lost	0	Terminé	Closed	PR DISJONCTEUR CONTACTEUR PASTEURISATEUR LIGNE 14	2024-02-08	Cedric NGAKAM
PI24043	SABC_Koumassi	Boissons du Cameroun	Fourniture	7003164	1.4	Lost	0	Terminé	Closed	Transmetteur de temperature 4-20mA	2024-02-08	Romel Fopa
PI24044	DIXSTONE	Dixstone Operations Cameroun	Fourniture	3022292	1.39	Lost	0	Terminé	Closed	DIXSTONE MR-1130-DOS - Matériel IT pour Câblage réseau	2024-02-14	Alex Amoutse
PI24045	SABC_Ndokoti	Boissons du Cameroun	Fourniture	2794800	1.5	Lost	0	Terminé	Closed	Commande de projecteurs led 200W pour besoin aux silos ndokoti	2024-02-14	Cedric NGAKAM
PI24046	DANGOTE_Dla	DANGOTE CEMENT SA	Fourniture	1884000	1.4	CM40006441	1	Terminé	Closed	DCC 240050 - COMPRESSOR, VR144KSE-TFP-522	2024-02-14	Benjamin N. Eteh
PI24047	SABC_Koumassi	Boissons du Cameroun	Fourniture_Pose	6160394	1.33	Lost	0	Terminé	Closed	Mise en conformité de notre station préparation CIP brassage	2024-02-09	Romel Fopa
PI24048-1	SABC_Ndokoti	Boissons du Cameroun	Placement_RH	1000000	1.3	3421827	1	Terminé	Closed	COMMANDE ANNUELLE OUVERTE SUR L'ANNEE: JAN-DEC 24 (Electricien Instrumentiste)	2023-01-01	François Atangana
PI24048-10	SABC_Ndokoti	Boissons du Cameroun	Placement_RH	1000000	1.3	3421827	1	Terminé	Closed	COMMANDE ANNUELLE OUVERTE SUR L'ANNEE: JAN-DEC 24 (Electricien Instrumentiste)	2023-06-02	François Atangana
PI24048-11	SABC_Ndokoti	Boissons du Cameroun	Placement_RH	1000000	1.3	3421827	1	Terminé	Closed	COMMANDE ANNUELLE OUVERTE SUR L'ANNEE: JAN-DEC 24 (Electricien Instrumentiste)	2023-06-02	François Atangana
PI24048-12	SABC_Ndokoti	Boissons du Cameroun	Placement_RH	1000000	1.3	3421827	1	Terminé	Closed	COMMANDE ANNUELLE OUVERTE SUR L'ANNEE: JAN-DEC 24 (Electricien Instrumentiste)	2023-06-02	François Atangana
PI24048-2	SABC_Ndokoti	Boissons du Cameroun	Placement_RH	1000000	1.3	3421827	1	Terminé	Closed	COMMANDE ANNUELLE OUVERTE SUR L'ANNEE: JAN-DEC 24 (Electricien Instrumentiste)	2023-02-01	François Atangana
PI24048-3	SABC_Ndokoti	Boissons du Cameroun	Placement_RH	1000000	1.3	3421827	1	Terminé	Closed	COMMANDE ANNUELLE OUVERTE SUR L'ANNEE: JAN-DEC 24 (Electricien Instrumentiste)	2023-03-01	François Atangana
PI24048-4	SABC_Ndokoti	Boissons du Cameroun	Placement_RH	1000000	1.3	3421827	1	Terminé	Closed	COMMANDE ANNUELLE OUVERTE SUR L'ANNEE: JAN-DEC 24 (Electricien Instrumentiste)	2023-04-01	François Atangana
PI24048-5	SABC_Ndokoti	Boissons du Cameroun	Placement_RH	1000000	1.3	3421827	1	Terminé	Closed	COMMANDE ANNUELLE OUVERTE SUR L'ANNEE: JAN-DEC 24 (Electricien Instrumentiste)	2023-05-01	François Atangana
PI24048-6	SABC_Ndokoti	Boissons du Cameroun	Placement_RH	1000000	1.3	3421827	1	Terminé	Closed	COMMANDE ANNUELLE OUVERTE SUR L'ANNEE: JAN-DEC 24 (Electricien Instrumentiste)	2023-06-01	François Atangana
PI24048-7	SABC_Ndokoti	Boissons du Cameroun	Placement_RH	1000000	1.3	3421827	1	Terminé	Closed	COMMANDE ANNUELLE OUVERTE SUR L'ANNEE: JAN-DEC 24 (Electricien Instrumentiste)	2023-06-01	François Atangana
PI24048-8	SABC_Ndokoti	Boissons du Cameroun	Placement_RH	1000000	1.3	3421827	1	Terminé	Closed	COMMANDE ANNUELLE OUVERTE SUR L'ANNEE: JAN-DEC 24 (Electricien Instrumentiste)	2023-06-02	François Atangana
PI24048-9	SABC_Ndokoti	Boissons du Cameroun	Placement_RH	1000000	1.3	3421827	1	Terminé	Closed	COMMANDE ANNUELLE OUVERTE SUR L'ANNEE: JAN-DEC 24 (Electricien Instrumentiste)	2023-06-02	François Atangana
PI24049	DANGOTE_Dla	DANGOTE CEMENT SA	Fourniture_Pose	471432.25279999996	1.28	Lost	0	Terminé	Closed	Supply and installation of an air extractor (Laboratory)	2024-02-16	Iloga Gerard
PI24050	SABC_Koumassi	Boissons du Cameroun	Fourniture_Pose	824300	1.41	Lost	0	Terminé	Closed	Voir Madame Momha pour la description du travail et la greation d'un devis relatif aux travaux	2024-02-17	Romel Fopa
PI24051	SABC_Garoua	Boissons du Cameroun	Fourniture	10116974	1.4	Lost	0	Terminé	Closed	PROJET D'AMELIORATION DE LA CIP TOD  : LISTE DU MATERIEL D'AUTOMATISME ET D'INSTRUMENTATION	2024-02-19	Rosine Kati
PI24052	SABC_Yaounde	Boissons du Cameroun	Fourniture	21181200	1.2	Lost	0	Terminé	Closed	MATERIEL COMPLEMENTAIRE POUR AUTOMATISME PROJET FROID POSITIF YAOUNDE	2024-02-19	Rosine Kati
PI24053	SABC_Garoua	Boissons du Cameroun	Fourniture	1206000	1.2	3527193	1	Terminé	Closed	CABLE POUR PROJET D'AMELIORATION DE LA CIP TOD	2024-02-19	Rosine Kati
PI24054	SEMC	SEMC	Fourniture_Pose	19670236	1.31	3443952	1	Terminé	Closed	AVIS DE CONSULTATION INFIRMERIE SEMC SCOPE ELECTRICITE 2024	2024-02-16	Fred Ewande Abdou
PI24055	SABC_Bafoussam	Boissons du Cameroun	Fourniture_Pose	5473000	1.62	Lost	0	Terminé	Closed	Offre pour basculer l'éclairage au dessus des TOD et TBF en solaire	2024-02-19	Joseph DJIEUBOU 
PI24056	SABC_Koumassi	Boissons du Cameroun	Fourniture_Pose	3311200	1.65	OA3433927	1	Terminé	Closed	Maitrise du flux de soude dans les bacs à soude PET et SIROPERIE afin de limiter les risques suite Audit SMI	2024-02-18	Romel Fopa
PI24057	SABC_Yaounde	Boissons du Cameroun	Metrologie	3360000	2.8	3437264	1	Terminé	Closed	Tâches assistants métrologue des usines de Yaoundé CP TC UBG centre médical usine et Olembé	2024-02-21	Olivier Talteng
PI24057-1	SABC_Yaounde	Boissons du Cameroun	Metrologie	840000	1.8	3437264	1	Terminé	Closed	Tâches assistants métrologue des usines de Yaoundé CP TC UBG centre médical usine et Olembé	2024-06-01	Olivier Talteng
PI24057-2	SABC_Yaounde	Boissons du Cameroun	Metrologie	840000	1.8	3437264	1	Terminé	Closed	Tâches assistants métrologue des usines de Yaoundé CP TC UBG centre médical usine et Olembé	2024-06-01	Olivier Talteng
PI24057-3	SABC_Yaounde	Boissons du Cameroun	Metrologie	840000	1.8	3437264	1	Terminé	Closed	Tâches assistants métrologue des usines de Yaoundé CP TC UBG centre médical usine et Olembé	2024-06-01	Olivier Talteng
PI24058	SEMC	SEMC	Fourniture	209560	1.3	Lost	0	Terminé	Closed	COUPLEUR PROFIBUS DP/DP EN REMPLACEMENT DIU YAOUNDE	2024-02-21	Rosine Kati
PI24059	SEMC	SEMC	Fourniture	1425580	1.3	Lost	0	Terminé	Closed	COUPLEUR PROFIBUS DP/DP EN REMPLACEMENT DIU YAOUNDE	2024-02-21	Rosine Kati
PI24060	SABC_Garoua	Boissons du Cameroun	Fourniture	2260989	1.4	Lost	0	Terminé	Closed	 Matériel DANFOSS pour mise en place vaccination eau de rinçage CIP TOD GAROUA	2024-02-21	Rosine Kati
PI24061	SABC_Garoua	Boissons du Cameroun	Fourniture	2275578	1.4	Lost	0	Terminé	Closed		2024-02-21	Rosine Kati
PI24062	DANGOTE_Yde	DANGOTE CEMENT SA	Fourniture_Pose	229850	1.22	CM42008540	1	Terminé	Closed	Maintenance of Electrical circuit & Air conditioners	2024-02-21	Lambi Mandjeck
PI24063	DIXSTONE	Dixstone Operations Cameroun	Fourniture_Pose	17733908	1.4	Lost	0	Terminé	Closed	Electronic Spares for Cement unit and Batch Mixer	2024-02-20	Alex Amoutse
PI24064	BOCOM 	BOCOM PETROLEUM SA	Fourniture	2137500	1.2	Lost	0	Terminé	Closed	FOURNITURE CLIMATISEURS 1.25CV	2024-02-27	Roland Takam
PI24065	SABC_Bafoussam	Boissons du Cameroun	Placement_RH	91200	1.5	Regul	1	Terminé	Closed	TRAVAUX MAINTENANCE (ENTRETIEN TRIMESTRIEL DEPALETISSEUR, DECAUSSEUSE…) CHAINE 4 DU 29/02/2024	2024-02-27	Michel Kenmoe
PI24066	SABC_Bafoussam	Boissons du Cameroun	Placement_RH	91200	1.5	Lost	0	Terminé	Closed	TRAVAUX MAINTENANCE (MOTEUR DES EQUIPEMENTS) EN CHAINE 5 DU 29/02/2024	2024-02-27	Aurelien Kouanda Missambi
PI24067	SABC_Bafoussam	Boissons du Cameroun	Fourniture_Pose	1490250	1.42	Lost	0	Terminé	Closed	PASSAGE DES CABLES ETHERNET ET CABLES TENSION ONDULEE POUR REVAMPING  BRASSAGE	2024-02-26	Anicet GHISLAIN FOKA
PI24068	SABC_Bafoussam	Boissons du Cameroun	Fourniture_Pose	2364550	1.46	Lost	0	Terminé	Closed	RACCORDEMENT AUTOCLAVE DE LABORATOIRE SUR TENSION ONDULEE	2024-02-23	
PI24069	SABC_Koumassi	Boissons du Cameroun	Fourniture_Pose	33686624	1.41	Lost	0	Terminé	Closed	SUPERVISION NIVEAU DECHETS DANS LES FOSSES DE RELEVAGE STEP USINE KOUMASSI	2024-02-22	Iris Dkouam
PI24069X	BOCOM 	BOCOM PETROLEUM SA	Fourniture	11200000	1.4	Lost	0	Terminé	Closed	FOURNITURE DE CABLE BLINDE (souple non blindé)	2024-03-01	Roland Takam
PI24070	BOCOM 	BOCOM PETROLEUM SA	Fourniture	9520000	1.4	Lost	0	Terminé	Closed	FOURNITURE DE CABLE BLINDE (rigide blindé)	2024-03-01	Roland Takam
PI24071	SABC_Bafoussam	Boissons du Cameroun	Fourniture_Pose	2349000	1.5	Lost	0	Terminé	Closed	OFFRE POUR RACCORDEMENT AUTOCLAVE LABORATOIRE SUR TENSION ONDULEE- CHAINE PET	2024-02-23	Anicet GHISLAIN FOKA
PI24072	SABC_Bafoussam	Boissons du Cameroun	Fourniture_Pose	843600	1.35	Lost	0	Terminé	Closed	Passage des câbles Ethernet et câbles tension Ondulée du projet revamping  Montelektro du brassage.	2024-02-26	Anicet GHISLAIN FOKA
PI24073	DANGOTE_Dla	DANGOTE CEMENT SA	Fourniture	4773272	1.4	Lost	0	Terminé	Closed	DCC 240066 - Supply of few brake - ELECTRICAL 	2024-03-01	Benjamin N. Eteh
PI24074	DANGOTE_Dla	DANGOTE CEMENT SA	Fourniture	3408622	1.35	Lost	0	Terminé	Closed	Few items for instrumentation - INSTRUMENTATION	2024-03-03	Benjamin N. Eteh
PI24075	DANGOTE_Dla	DANGOTE CEMENT SA	Fourniture	201942	1.2	CM40006444	1	Terminé	Closed	DCC 240073 - Supply of few items for instrumentation - INSTRUMENTATION 	2024-03-04	Benjamin N. Eteh
PI24075A	SIAC	Boissons du Cameroun	Fourniture_Pose	6808800	1.5	Lost	0	Terminé	Closed	FOURNITURE ET POSE NOUVEAUX CAPTEURS DE NIVEAU STATION DE TRAITEMENT DES EAUX	2024-02-24	Christel TCHATO
PI24076	SIAC	Boissons du Cameroun	Fourniture_Pose	438000	1.3	3445081	1	Terminé	Closed	CONNEXION SIRENE DEFAUTS AU COFFRET DE SIGNALISATION DES DEFAUTS DES CHAMBRES FROIDES	2024-03-01	Christel TCHATO
PI24077	SABC_Koumassi	Boissons du Cameroun	Fourniture_Pose	11538000	1.2	Lost	0	Terminé	Closed	SUPERVISION NIVEAU DECHETS DANS LES FOSSES DE RELEVAGE STEP USINE KOUMASSI	2024-05-08	Hassan FOUAPON KOUOTOU
PI24078	SABC_Koumassi	Boissons du Cameroun	Fourniture_Pose	235500	1.21	3438171	1	Terminé	Closed	REHABILITATION ECLAIRAGE MAGASIN MPR	2024-03-05	Basile DONNANG DONGMO
PI24079	DANGOTE_Dla	DANGOTE CEMENT SA	Fourniture	3546522	1.4	CM40006443	1	Terminé	Closed	DCC 240085 - FLOW METER,ELEC MGNTC,DN32,PROMAG 50W	2024-03-05	Benjamin N. Eteh
PI24080	DANGOTE_Dla	DANGOTE CEMENT SA	Fourniture	3705806	1.3	CM40006499	1	Terminé	Closed	DCC 240080 - Few items for electrical - ELECTRICAL	2024-03-05	Benjamin N. Eteh
PI24080-1	DANGOTE_Dla	DANGOTE CEMENT SA	Fourniture	3705806	1.3	CM42008778	1	Terminé	Closed	DCC 240080 - Few items for electrical - ELECTRICAL	2024-03-05	Benjamin N. Eteh
PI24081	SABC_Koumassi	Boissons du Cameroun	Fourniture_Pose	2995381	1.3	Lost	0	Terminé	Closed	passage de câble CIP TOD	2024-03-07	Clément Tientcheu
PI24082	SABC_Bafoussam	Boissons du Cameroun	Placement_RH	91200	1.4	Regul	1	Terminé	Closed	TRAVAUX MAINTENANCE (ENTRETIEN TRIMESTRIEL DE LA SOUTIREUSE, DE LA LAVEUSE DE BOUTEILLES ET  LES ENTRETIENS... CHAINE 4 DU 11/03/2024	2024-03-10	Michel Kenmoe
PI24083	DANGOTE_Dla	DANGOTE CEMENT SA	Fourniture	40000	2	Regul	1	Terminé	Closed	Few items for Instrumentation - Power Supply for PC	2024-03-11	Iloga Gerard
PI24084	DANGOTE_Dla	DANGOTE CEMENT SA	Fourniture	170000	2	CM42008692	1	Terminé	Closed	SUPPLY OF ELECTRONIC BALLAST (Outdoor lighting rehabilitation)	2024-03-14	Iloga Gerard
PI24085	SABC_Bafoussam	Boissons du Cameroun	Fourniture	1749832	1.4	Lost	0	Terminé	Closed	REMPLACEMENT DES SONDES DE TEMPERATURE DEFECTUEUSES SUR LES TOD	2024-03-14	Jean Bossango
PI24086	SABC_Bafoussam	Boissons du Cameroun	Fourniture	1911000	1.3	Lost	0	Terminé	Closed	REMPLACEMENT DES FLOTTEURS DEFECTUEUX DANS LA FOSSE	2024-03-14	Jean Bossango
PI24087	BOCOM 	BOCOM PETROLEUM SA	Fourniture	3518610	1.36	Lost	0	Terminé	Closed	FOURNITURE MATERIEL 1	2024-03-13	Roland Takam
PI24088	BOCOM 	BOCOM PETROLEUM SA	Fourniture	5457000	1.44	Lost	0	Terminé	Closed	FOURNITURE MATERIEL 2	2024-03-13	Roland Takam
PI24089	SABC_Bafoussam	Boissons du Cameroun	Fourniture	0	1	Lost	0	Annulé	Closed	REMPLACEMENT DU THERMOSTAT DEFECTUEUX SUR LE GROUPE	2024-03-13	Jean Bossango
PI24090	SABC_Yaounde	Boissons du Cameroun	Fourniture	112000	1.4	Lost	0	Terminé	Closed	Commande SOS d'un relais pour remise en service station RIA CP	2024-03-11	Jean Bossango
PI24091	SABC_Koumassi	Boissons du Cameroun	Fourniture	6291220	1.3	Lost	0	Terminé	Closed	Matériel à commander en SOS  - INSTRUMENTATION	2024-03-14	
PI24092	SABC_Koumassi	Boissons du Cameroun	Fourniture_Pose	134400	1.4	Lost	0	Terminé	Closed	Points des travaux et Point Matériel CIP TOD Koumassi	2024-03-14	
PI24093	SABC_Koumassi	Boissons du Cameroun	Fourniture	2112000	1.6	Lost	0	Terminé	Closed	Points des travaux et Point Matériel CIP TOD Koumassi	2024-03-14	
PI24094	TRADEX_DLA	TRADEX SA	Fourniture_Pose	1023000	1.37	Lost	0	Terminé	Closed	ALIMENTATION ELECTRIQUE DESFOURS DU RESTAURANT DE LA BOUTIQUE DE MISSOLE 	2024-03-14	
PI24095	GRACEDOM Souza	Gracedom Invest	Fourniture	2284674	1.4	Lost	0	Terminé	Closed	Qoutation for few items OMRON & SICK	2024-03-19	
PI24096	SIAC	Boissons du Cameroun	Fourniture_Pose	476000	1.5	3439479	1	Terminé	Closed	maintenance coffret inverseur de source salle serveur	2024-03-25	Christel TCHATO
PI24097	SIAC	Boissons du Cameroun	Fourniture_Pose	1820421	1.46	3439593	1	Terminé	Closed	Installation nouveau coffret inverseur de source salle serveur	2024-03-25	Christel TCHATO
PI24098	SABC_Bafoussam	Boissons du Cameroun	Fourniture	4856768	1.6	3437649	1	Terminé	Closed	MISE A JOUR OUTILLAGE FACOM MECANICIENS & ELECTRICIENS	2024-03-22	Jean Bossango
PI24099	SABC_Yaounde	Boissons du Cameroun	Fourniture	4564714	1.4	Lost	0	Terminé	Closed	BESOIN DES RELAIS DE SECURITE POUR DEPALETISEUR CHAINE 6	2024-03-21	Michel KAMGA DZETCHU 
PI24100	SABC_Ndokoti	Boissons du Cameroun	Fourniture	0	1.3	Lost	0	Terminé	Closed	Revision annuelle des chaudieres à vapeur	2024-03-27	Jean Bossango
PI24101	SABC_Ndokoti	Boissons du Cameroun	Fourniture	3439602	1.3	3439602	1	Terminé	Closed	Installation des vannes de purge sur les aerorefrigaerants	2024-03-27	Jean Bossango
PI24102	SABC_Koumassi	Boissons du Cameroun	Fourniture	26909700	1.6	Lost	0	Terminé	Closed	Outillage Atelier Electricité Koumassi	2024-03-26	Iris Dkouam
PI24103	SIAC	Boissons du Cameroun	Fourniture_Pose	9226880	1.4	Lost	0	Terminé	Closed	installation interrupteur dynamique magasin CENTRALE	2024-03-26	Christel TCHATO
PI24104	SABC_Koumassi	Boissons du Cameroun	Fourniture_Pose	428900	1.3	3444017	1	Terminé	Closed	DEPLACEMENT COFFRET POMPE IMMERGEE FOSSE EAUX USEES CH4	2024-03-20	Basile DONNANG DONGMO
PI24105	SABC_Bafoussam	Boissons du Cameroun	Placement_RH	91200	2	Lost	0	Terminé	Closed	FOURNITURE DE 04 PRESTATAIRES ELECTRICIENS POUR TRAVAUX D'ENTRETIEN FIN DE MOIS	2024-03-26	Anicet GHISLAIN FOKA
PI24106	SABC_Bafoussam	Boissons du Cameroun	Placement_RH	91200	3.5	regul	1	Terminé	Closed	TRAVAUX DE MAINTENANACE EN CHAINE 4	2024-03-25	Michel Kenmoe
PI24107	SABC_Yaounde	Boissons du Cameroun	Fourniture	0	1.3	Lost	0	Terminé	Closed	BESOIN PR DE REMPLACEMENT	2024-03-27	Michel KAMGA DZETCHU 
PI24108	SABC_Ndokoti	Boissons du Cameroun	Fourniture	0	1.3	Lost	0	Terminé	Closed	Remplacer les détecteurs de regulation de vitesse à l'entrée et sortie etiqueteuse CH7	2024-03-27	Jean Bossango
PI24109	SABC_Koumassi	Boissons du Cameroun	Fourniture_Pose	0	1.3	Lost	0	Terminé	Closed	Mise en conformite Station CIP Brassage 	2024-03-20	Iris Dkouam
PI24110	SABC_Koumassi	Boissons du Cameroun	Fourniture_Pose	221900	1.3	3444017	1	Terminé	Closed	fourniture et Pose Câble Alimentation Baie UPGRADE SYSTEME BRASSAGE	2024-03-28	Iris Dkouam
PI24111	DANGOTE_Dla	DANGOTE CEMENT SA	Fourniture	6300	1.5	Lost	0	Terminé	Closed	Phoenix connector	2024-05-27	Martin-Pierre DOOH
PI24112	PROCUBEST	PROCUBEST	Fourniture	4756635	1.3	Lost	0	Terminé	Closed	DEMANDE DE PRIX N° 53521 PIECES SOUFFLEUSE	2024-03-24	Albert Dipita
PI24113	SABC_Koumassi	Boissons du Cameroun	Fourniture_Pose	8190960	1.3	Lost	0	Terminé	Closed	travaux fourniture et pose vannes CIP TOD	2024-03-12	
PI24114	SOCAVER	Societe Camerounaise des Verrieries	Fourniture	1434000	1.2	OA3436390	1	Terminé	Closed	ACHAT MATERIEL COMMUN DE TRAVAIL DE L'EQUIPE DE LA DIVISION MAINTENANCE	2024-04-01	Cecile TCHUIENCHE
PI24115	SOCAVER	Societe Camerounaise des Verrieries	Fourniture_Pose	7715720	1.49	Lost	0	Terminé	Closed	Conception d'un banc d'essai Automatisme	2024-03-19	Thierry Ekendjoum
PI24116	SOCAVER	Societe Camerounaise des Verrieries	Formation	6000000	3	Lost	0	Terminé	Closed	Formation TIA Portal	2024-03-19	Thierry Ekendjoum
PI24117	TRADEX_DLA	TRADEX SA	Fourniture_Pose	1882000	1.3	Lost	0	Terminé	Closed	CONSULTATION POUR L’INSTALLATION D’UN NOUVEAU GROUPE ELECTROGENE A TRADEX MISSOLE	2024-04-01	Leticia Essoe
PI24118	BOCOM 	BOCOM PETROLEUM SA	Fourniture	636250	1.4	Lost	0	Terminé	Closed	fourniture câble électrique	2024-04-02	Valdyce Mbogoum
PI24119	SOCAVER	Societe Camerounaise des Verrieries	Fourniture	130000	1.3	Lost	0	Terminé	Closed	DEGRIPPANT ELECTRONIQUE	2024-04-02	Cecile TCHUIENCHE
PI24120	SABC_Koumassi	Boissons du Cameroun	Fourniture	3658069	1.4	Lost	0	Terminé	Closed	COMMANDE URGENTE DE KIT DE REPARATION DES VERINS	2024-04-03	Jean Bossango
PI24121	SABC_Koumassi	Boissons du Cameroun	Fourniture_Pose	127500	1.3	3444017	1	Terminé	Closed	Consultation pour Mise en conformité câble d'alimentation Eneo CASTEL -HALL	2024-04-03	Iris Dkouam
PI24122	SABC_Koumassi	Boissons du Cameroun	Fourniture	1945910	1.4	Lost	0	Terminé	Closed	PR DE SECURITES ET RESOLUTION DES ANOMALIES FLASH PASTEURISATEUR	2024-04-03	Michel KAMGA DZETCHU 
PI24123	DANGOTE_Dla	DANGOTE CEMENT SA	Fourniture_Pose	2560940	1.26	Lost	0	Terminé	Closed	Mechanical workshop office - ELECTRICAL	2024-04-04	Benjamin N. Eteh
PI24124	DANGOTE_Dla	DANGOTE CEMENT SA	Fourniture_Pose	172500	1.23	42008716	1	Terminé	Closed	Replacement of socket and cable	2024-04-03	Lambi Mandjeck
PI24125	SABC_Bafoussam	Boissons du Cameroun	Fourniture_Pose	880700	1.42	Lost	0	Terminé	Closed	travaux de passage de câbles profibus entre fosse de relevage usine bafoussam	2024-03-30	Anicet GHISLAIN FOKA
PI24126	SIAC	Boissons du Cameroun	Fourniture_Pose	1293760	1.6	Lost	0	Terminé	Closed	Installer un compteur d'energie a la STEP	2024-04-03	Christel TCHATO
PI24127	SIAC	Boissons du Cameroun	Fourniture_Pose	6030800	1.6	Lost	0	Terminé	Closed	Installer des compteurs d'energie pour les chambres froides et conteneurs frigorifiques	2024-04-03	Christel TCHATO
PI24128	DANGOTE_Dla	DANGOTE CEMENT SA	Reparation	2650000	1	Lost	0	Terminé	Closed	VFD repairs - INSTRUMENTATION	2024-04-08	Benjamin N. Eteh
PI24129	SABC_Yaounde	Boissons du Cameroun	Fourniture	624000	1.3	3440209	1	Terminé	Closed	COMMANDE POUR REMPLACEMENT DES ELECTRODISTRIBUTEURS DEFECTUEUX	2024-04-09	Jean Bossango
PI24130	SEMC	SEMC	Fourniture	225440	1.35	Lost	0	Terminé	Closed	COMMANDE POUR REMPLACEMENT DES DISJONTEURS MOTEURS EN PANNE	2024-04-09	Jean Bossango
PI24131	SABC_Garoua	Boissons du Cameroun	Fourniture	8799700	1.3	Lost	0	Terminé	Closed	POUR REMPLACEMENT DES PROJECTEURS DEFECTUEUX ET RENFORCEMENT DES POINTS LUMINEUX SUR LA BARRIERE COUR MLU SUIVANT DEMANDE QHSE DANS L'USINE	2024-04-06	Jean Bossango
PI24132	DANGOTE_Dla	DANGOTE CEMENT SA	Formation	3487008	1.3	Lost	0	Terminé	Closed	Formation Profibus DSC	2024-04-09	Martin-Pierre DOOH
PI24133	SABC_Koumassi	Boissons du Cameroun	Fourniture_Pose	3351636	1.28	3457933	1	Terminé	Closed	AMELIORATION BOUCLES DE MESURES DE TEMPERATURES DES 38 TOD DE L'USINE KOUMASSI	2024-04-10	Patrick Aimé HAMO FIKOUE
PI24134	SABC_Bafoussam	Boissons du Cameroun	Placement_RH	136800	3	Lost	0	Terminé	Closed	mise en application des actions du PAC de la thermographie chaine 4 2024 (15 16 Avril 2024)	2024-04-15	Michel Kenmoe
PI24135	SABC_Ndokoti	Boissons du Cameroun	Fourniture	626898	1.5	3445556	1	Terminé	Closed	PDR POUR CIRCUIT AIR DES VENTOUSSES	2024-04-15	Jean Bossango
PI24136	SABC_Ndokoti	Boissons du Cameroun	Fourniture	2448360	1.5	3441231	1	Terminé	Closed	PDR pour remplacement electrodistributeurs defectueux	2024-04-15	Jean Bossango
PI24137	SABC_Ndokoti	Boissons du Cameroun	Fourniture_Pose	0	1.3	Lost	0	Terminé	Closed	Ecarts Food Safety  à corriger	2024-04-15	François Atangana
PI24138	SEMC	SEMC	Fourniture	1764000	1.1599999999999999	3440207	1	Terminé	Closed	ECONOMIE D'ENERGIE: RACCORDEMENT_x000D_DEBIMETRE EAU TRAITRETEMENT DES EAUX	2024-04-16	Adriane Flora DJUIKOM 
PI24139	SEMC	SEMC	Fourniture	3801000	1.4	3440191	1	Terminé	Closed	CMDE DES DEMARREURS PROGRESSIFS POUR REMPLACEMENT CELUI DEFECTUEUX USINE SEMC ET RETOUR DIU NDOKOTI	2024-04-16	Adriane Flora DJUIKOM 
PI24140	DANGOTE_Dla	DANGOTE CEMENT SA	Fourniture	1209369	1.66	Lost	0	Terminé	Closed	SOLENOIDE VALVE AIRTEC - INSTRUMENTATION	2024-04-16	Benjamin N. Eteh
PI24141	DANGOTE_Yde	DANGOTE CEMENT SA	Fourniture	16500	1.5	Lost	0	Terminé	Closed		2024-04-11	Lambi Mandjeck
PI24142	SABC_Koumassi	Boissons du Cameroun	Fourniture_Pose	0	1	Lost	0	Annulé	Closed	metrage des câbles basse tension	2024-04-17	Iris Dkouam
PI24143	PROCUBEST	PROCUBEST	Fourniture	1000000	1	Lost	0	Terminé	Closed	AVIS D'APPEL D'OFFRES INTERNATIONAL OUVERT #056/24/AOIO/SDCC/CIPM DU 11/04/2024 POUR LA FOURNITURE DE TROIS (03) LOTS DE MATERIELS ELECTRIQUES POUR USINES D'EGRENAGE DE LA SODECOTON	2024-04-17	Albert Dipita
PI24144	BOCOM 	BOCOM PETROLEUM SA	Fourniture_Pose	1093000	1.48	Lost	0	Terminé	Closed		2024-04-17	
PI24145	SCDP Depot de Bessengue	SCDP	Fourniture	1144000	1.35	Lost	0	Terminé	Closed	déplacement sirène d'alarme dépôt SCDP Mboppi	2024-04-19	Francois OUNKAP
PI24146	SABC_Ndokoti	Boissons du Cameroun	Fourniture	665000	1.3	3440228	1	Terminé	Closed	La carte EAN ne lit plus les valeurs de temperature	2024-04-19	Adriane Flora DJUIKOM 
PI24147	SABC_Ndokoti	Boissons du Cameroun	Fourniture	11805172	1.32	Lost	0	Terminé	Closed	PDR SIEMENS POUR REVISION ANNUELLE 2024 SOUTIREUSE	2024-04-19	Adriane Flora DJUIKOM 
PI24148	SABC_Ndokoti	Boissons du Cameroun	Fourniture	1246000	1.3	3440229	1	Terminé	Closed	PDR SIEMENS POUR REVISION ANNUELLE 2024 LAVEUSE	2024-04-19	Adriane Flora DJUIKOM 
PI24149	SABC_Ndokoti	Boissons du Cameroun	Fourniture	3070928	1.3	3440220	1	Terminé	Closed	PDR IFM POUR REVISION 2024 LAVEUSE	2024-04-19	Adriane Flora DJUIKOM 
PI24150	DANGOTE_Dla	DANGOTE CEMENT SA	Fourniture	1917160	1.3	CM40006508	1	Terminé	Closed	Few items of instrumentation - INSTRUMENTATION  SITRANS LR250	2024-04-19	Benjamin N. Eteh
PI24151	DANGOTE_Dla	DANGOTE CEMENT SA	Fourniture_Pose	4091200	1.3	Lost	0	Terminé	Closed	Essengue warehouse - ELECTRICAL  	2024-04-19	Benjamin N. Eteh
PI24152	SABC_Bafoussam	Boissons du Cameroun	Fourniture	3487008	1.3	3443349	1	Terminé	Closed	REVISION ANNUELLE 2024 CHAINE 5	2024-04-22	Jean Bossango
PI24153	SABC_Bafoussam	Boissons du Cameroun	Fourniture	2353910	1.3	3443354	1	Terminé	Closed	REVISION ANNUELLE 2024 CHAINE 5	2024-04-22	Jean Bossango
PI24154	DANGOTE_Dla	DANGOTE CEMENT SA	Fourniture_Pose	2222250	1.3	42009036	1	Terminé	Closed	Rehabilitation of outdoor lighting	2024-04-23	Benjamin N. Eteh
PI24155	SOCAVER	Societe Camerounaise des Verrieries	Fourniture_Pose	0	1.3	3451771	1	Terminé	Closed	Installation coffret sirène alarme	2024-04-23	
PI24156	SOCAVER	Societe Camerounaise des Verrieries	Fourniture_Pose	2432272	1.43	3448955	1	Terminé	Closed	installation détecteur franchissement portails guérites	2024-04-24	Thierry Ekendjoum
PI24157	TRADEX_YDE	TRADEX SA	Fourniture_Pose	6907477	1.38	Lost	0	Terminé	Closed	travaux de correction des anomalies à la station service de TRADEX Nsimalen	2024-04-24	Leticia Essoe
PI24158	SOCAVER	Societe Camerounaise des Verrieries	Fourniture	3500000	1.4	3448118	1	Terminé	Closed	Fourniture CPU414 6ES7414-3XJ04-0AB0	2024-04-25	
PI24159	SOCAVER	Societe Camerounaise des Verrieries	Fourniture	2500000	1.4	Lost	0	Terminé	Closed	Fourniture CPU315 6ES7 315-2EH14-0AB0	2024-04-25	
PI24160	DANGOTE_Dla	DANGOTE CEMENT SA	Fourniture	102700	1.3	CM42008793	1	Terminé	Closed	Supply of ABB spare - Electrical	2024-04-26	Lambi Mandjeck
PI24161	SOCAVER	Societe Camerounaise des Verrieries	Fourniture	0	1.3	Lost	0	Terminé	Closed	DA 3198186 SOUPAPE DE SURETE	2024-04-24	Philemon SANDJONG TCHAZOU 
PI24162	SABC_Ndokoti	Boissons du Cameroun	Fourniture	1,170,000
	2	Lost	0	Terminé	Closed	RENFORCEMENT ECLAIRAGE AU MAGASIN MLU	2024-04-27	Adriane Flora DJUIKOM 
PI24163	SABC_Bafoussam	Boissons du Cameroun	Placement_RH	89600	3.2	Lost	0	Terminé	Closed	contrôle de serrage des boites de raccordement des moteurs chaine 4	2024-04-27	Michel Kenmoe
PI24164	SABC_Bafoussam	Boissons du Cameroun	Placement_RH	89600	3.2	Lost	0	Terminé	Closed	OFFRE POUR TRAVAUX DE MAINTENANACE EN CHAINE 5	2024-04-27	Alexandre PENDA NKONGO MBEA
PI24165	SABC_Bafoussam	Boissons du Cameroun	Placement_RH	89600	3.2	Lost	0	Terminé	Closed	Travaux d'entretien fin de mois SGXFABSTEP 	2024-04-28	Anicet GHISLAIN FOKA
PI24166	GRACEDOM Souza	Gracedom Invest	Fourniture	2300000	1.3	regul	1	Terminé	Closed	fourniture encodeur usine COCA-COLA Souza	2024-04-29	Raoul Djampou
PI24167	SABC_Yaounde	Boissons du Cameroun	Fourniture	1089700	1.55	3445879	1	Terminé	Closed	BESOIN PIECES DE SECURITE LAVEUSE DE BOUTEILLES CH5	2024-05-02	Michel KAMGA DZETCHU 
PI24168	SOCAVER	Societe Camerounaise des Verrieries	Fourniture_Pose	0	1	Lost	0	Annulé	Closed	INSTALLATION D’UNE COMMANDE SANS FIL DU PALAN PETITS PRODUITS MPC (CHANTIER FOUR 2)	2024-05-02	Cecile TCHUIENCHE
PI24169	SOCAVER	Societe Camerounaise des Verrieries	Fourniture_Pose	2508000	1.47	Lost	0	Terminé	Closed	REFECTION DE LA SIGNALISATION SONORE DE TOUS LES ÉLEMENTS DE LA STATION COMPOSITION (CHANTIER FOUR 2)	2024-05-02	Cecile TCHUIENCHE
PI24170	SOCAVER	Societe Camerounaise des Verrieries	Fourniture_Pose	5181588	1.48	Lost	0	Terminé	Closed	MISE EN CONFORMITÉ DU CIRCUIT FUEL (CHANTIER FOUR 2)	2024-05-02	Cecile TCHUIENCHE
PI24171	SOCAVER	Societe Camerounaise des Verrieries	Fourniture_Pose	0	1.3	Lost	0	Terminé	Closed	INSTALLATION CAPTEURS D’ALIGNEMENT TAPIS ARCHE 21 ET ARCHE 22 (CHANTIER FOUR 2)	2024-05-02	Cecile TCHUIENCHE
PI24172	SOCAVER	Societe Camerounaise des Verrieries	Fourniture_Pose	2716040	1.24	Lost	0	Terminé	Closed	RÉHABILITATION DES COFFRETS DE GRAISSAGE CENTRALISÉE DES MACHINES IS 21 ET 22 (CHANTIER FOUR 2)	2024-05-02	Cecile TCHUIENCHE
PI24173	SOCAVER	Societe Camerounaise des Verrieries	Fourniture_Pose	0	1	Lost	0	Annulé	Closed	TRAVAUX DE VÉRIFICATION MÉTROLOGIQUE ET CORRECTION DES CHAINES DE MESURES DE TEMPÉRATURE (CHANTIER FOUR 2)	2024-05-02	Cecile TCHUIENCHE
PI24174	SABC_Ndokoti	Boissons du Cameroun	Fourniture_Pose	0	1.3	Lost	0	Terminé	Closed	déplacement coffrets électriques (garage chariotset refectoire cuisine 1)	2024-05-03	François Atangana
PI24175	SABC_Koumassi	Boissons du Cameroun	Fourniture_Pose	1841748	1.17	3459182	1	Terminé	Closed	Fourniture matériel et mise en service motopompe Aero des compresseurs d'air SDM	2024-05-06	Patrick Aimé HAMO FIKOUE
PI24177	SABC_Yaounde	Boissons du Cameroun	Fourniture	312800	1.5	3444277	1	Terminé	Closed	Remplacer les cables blessés au palettiseur - CABLE PROFIBUS 2x0.64mm²  SIEMEMS	2024-05-08	Michel KAMGA DZETCHU 
PI24178	SABC_Yaounde	Boissons du Cameroun	Fourniture	824000	1.6	3451962	1	Terminé	Closed	BESOIN DES VARIATEUYR DE VITESSE POUR TRANSPORTEUR DE CAISSES CHAINE 6	2024-05-08	Michel KAMGA DZETCHU 
PI24179	SABC_Yaounde	Boissons du Cameroun	Fourniture	1342500	1.5	Lost	0	Terminé	Closed	BESOIN DES PIECES DE RECHANGE POUR LAVEUSE DE BOUTEILLES CHAINE 6	2024-05-08	Michel KAMGA DZETCHU 
PI24180	SABC_Yaounde	Boissons du Cameroun	Fourniture	3522400	1.7	Lost	0	Terminé	Closed	COMMANDE PIECES DE RECHANGE TB	2024-05-08	Michel KAMGA DZETCHU 
PI24181	SABC_Yaounde	Boissons du Cameroun	Fourniture	4051800	1.5	Lost	0	Terminé	Closed	COMMANDE PIECES DE RECHANGE SOUTIREUSE	2024-05-08	Michel KAMGA DZETCHU 
PI24182	SABC_Yaounde	Boissons du Cameroun	Fourniture	305456	1.7	3444412	1	Terminé	Closed	INTERRUPTEUR DE NIVEAU A FLOTTEUR 	2024-05-08	Michel KAMGA DZETCHU 
PI24183	SABC_Yaounde	Boissons du Cameroun	Fourniture	826512	1.61	3445873	1	Terminé	Closed	REMPLACER LES FLOTTEURS DE LA FOSSE DE RELEVAGE CHAINE 2	2024-05-08	Michel KAMGA DZETCHU 
PI24184	GRACEDOM Souza	Gracedom Invest	Fourniture	10066213	1.7	Lost	0	Terminé	Closed	Commande PR Ligne 18K	2024-05-08	Raoul Djampou
PI24185	SABC_Koumassi	Boissons du Cameroun	Fourniture_Pose	38644760	1.4	Lost	0	Terminé	Closed	mise à niveau remplacement des détecteurs de circulation multi-usages	2024-05-03	Roland Jani
PI24186	SABC_Bafoussam	Boissons du Cameroun	Fourniture_Pose	1761750	1.3	Lost	0	Terminé	Closed	remplacement des chemins de câbles défectueux aux caves TOD	2024-04-30	Anicet GHISLAIN FOKA
PI24187	SABC_Koumassi	Boissons du Cameroun	Fourniture_Pose	0	1.3	3459182	1	Terminé	Closed	Mise en conformité coffret électrique	2024-05-10	Clément Tientcheu
PI24188	SABC_Yaounde	Boissons du Cameroun	Fourniture	2784000	1.6	3445706	1	Terminé	Closed	COMMANDE SOS ELECTROVANNES POUR REMPLACEMENT VANNES VETUSTES AU BRASSAGE	2024-05-10	
PI24189	SABC_Koumassi	Boissons du Cameroun	Fourniture_Pose	2033296	1.2	3444288	1	Terminé	Closed	OFFRE DE SERVICES POUR SYSTEME DE RELEVES AUTOMATIQUES DE 50 COMPTEURS ELECTRIQUES	2024-05-10	
PI24190	SABC_Koumassi	Boissons du Cameroun	Fourniture	3511206	1.2	CM40006617	1	Terminé	Closed	OFFRE DE LICENCES LOGICIELS POUR PROJET DE RELEVES AUTOMATIQUES DE COMPTEURS D'ENERGIE ELECTRIQUE	2024-05-10	
PI24191	SABC_Koumassi	Boissons du Cameroun	Fourniture	5910660	1.46	3540183	1	Terminé	Closed	Remplacement des câbles,detecteurs et suppression des boites de dérivation FLM1 et 2	2024-05-11	Cedric NGAKAM
PI24191-1	SABC_Koumassi	Boissons du Cameroun	Fourniture	0	1.3	3539696	1	Terminé	Closed	Remplacement des câbles,detecteurs et suppression des boites de dérivation FLM1 et 2	2024-05-11	Cedric NGAKAM
PI24192	SABC_Koumassi	Boissons du Cameroun	Fourniture	4800000	1.5	Lost	0	Terminé	Closed	Remplacement controleur de circulation M11 Entonnement HS	2024-05-11	Cedric NGAKAM
PI24193	SABC_Koumassi	Boissons du Cameroun	Fourniture	1768000	1.7	Lost	0	Terminé	Closed	Remplacement des prises HS dans l,usine et fabrication rallonge cables pour travaux Marque infrastructures	2024-05-11	Cedric NGAKAM
PI24194	DANGOTE_Dla	DANGOTE CEMENT SA	Fourniture	142500	1.5	3538290	1	Terminé	Closed	SUPPLY OF MICROPHONE 	2024-05-13	Martin-Pierre DOOH
PI24195	SABC_Koumassi	Boissons du Cameroun	Fourniture_Pose	639540	1.3	3457483	1	Terminé	Closed	LIVRAISON ET INSTALLATION CABLE ET ARRET D'URGENCE COUP DE POING POUR LES CHAUDIERES	2024-05-13	Iris Dkouam
PI24196	SCDP Depot de Bessengue	SCDP	Fourniture	4339500	1	aucun	1	Terminé	Closed	FOURNITURE MATERIELS POUR HABILITATION CHAUFFEURS CAMIONS	2024-05-16	Francois OUNKAP
PI24197	SABC_Koumassi	Boissons du Cameroun	Fourniture_Pose	0	1.3	3463211	1	Terminé	Closed	MISE EN CONFORMITE COFFRET EXTRACTEUR D'AIR LOCAL TGBT	2024-05-14	Clément Tientcheu
PI24198	SABC_Koumassi	Boissons du Cameroun	Fourniture_Pose	0	1.3	Lost	0	Terminé	Closed	TRAVAUX DE MISE EN CONFORMITE COFFRET ECLAIRAGE CENTRALE THERMIQUE	2024-05-14	Clément Tientcheu
PI24199	SABC_Koumassi	Boissons du Cameroun	Fourniture_Pose	0	1.3	3459182	1	Terminé	Closed	MISE EN CONFORMITE COFFRET CHARGEMENT/DECHARGEMENT SALLE DES MACHINES	2024-05-14	Clément Tientcheu
PI24200	SABC_Koumassi	Boissons du Cameroun	Fourniture_Pose	0	1.3	Lost	0	Terminé	Closed	MISE EN CONFORMITE COFFRET PORTAIL	2024-05-14	Clément Tientcheu
PI24201	DANGOTE_Dla	DANGOTE CEMENT SA	Fourniture	2819970	1.5	Lost	0	Terminé	Closed	Few items Part B for instrumentation - INSTRUMENTATION	2024-05-16	Benjamin N. Eteh
PI24202	DANGOTE_Dla	DANGOTE CEMENT SA	Fourniture	4057362	1.5	CM40006536	1	Terminé	Closed	Few items Part A for instrumentation - INSTRUMENTATION	2024-05-16	Benjamin N. Eteh
PI24203	DANGOTE_Dla	DANGOTE CEMENT SA	Fourniture	4565140	1.3	Lost	0	Terminé	Closed	NOMAYOS WAREHOUSE - ELECTRICAL	2024-05-22	Benjamin N. Eteh
PI24204	SABC_Bafoussam	Boissons du Cameroun	Fourniture	1517256	1.6	Lost	0	Terminé	Closed	COMPLEMENT PR REVISION ANNUELLE CHAINE 5	2024-05-17	Michel KAMGA DZETCHU 
PI24205	SABC_Bafoussam	Boissons du Cameroun	Fourniture	675000	1.8	3447751	1	Terminé	Closed	REMPLACEMENT DES CONTACTEURS DEFECTUEUX SUR LE COMPERESSEUR	2024-05-16	Michel KAMGA DZETCHU 
PI24206	SABC_Yaounde	Boissons du Cameroun	Fourniture	2024390	1.5	3447590	1	Terminé	Closed	BESOIN PIECES DE SECURITE POUR DECAISSEUSE CH5	2024-05-17	Michel KAMGA DZETCHU 
PI24207	SABC_Yaounde	Boissons du Cameroun	Fourniture	4335888	1.6	Lost	0	Terminé	Closed	REGULATEUR DE TEMPERATURE	2024-05-17	Michel KAMGA DZETCHU 
PI24208	SABC_Yaounde	Boissons du Cameroun	Fourniture	919916	1.43	Lost	0	Terminé	Closed	INTERRUPTEUR DE NIVEAU A FLOTTEUR	2024-05-17	Michel KAMGA DZETCHU 
PI24209	SABC_Bafoussam	Boissons du Cameroun	Placement_RH	91200	3	Lost	0	Terminé	Closed	travaux de maintenance en chaine 5	2024-05-18	Alexandre PENDA NKONGO MBEA
PI24210	SABC_Bafoussam	Boissons du Cameroun	Placement_RH	91200	3	regul	1	Terminé	Closed	travaux de maintenance en chaine 4	2024-05-18	Alexandre PENDA NKONGO MBEA
PI24211	SABC_Bafoussam	Boissons du Cameroun	Placement_RH	91200	3	Lost	0	Terminé	Closed		2024-05-19	Anicet GHISLAIN FOKA
PI24212	SOCAPALM_Bambou	SOCAPALM	Fourniture_Pose	1984500	1.5	SCP0824POH00970	1	Terminé	Closed	travaux de mise à la terre station service SOCAPALM BAMBOU	2024-05-17	
PI24213	SABC_Yaounde	Boissons du Cameroun	Fourniture	1301220	1.5	3448290	1	Terminé	Closed	DIVERS ELECT	2024-05-17	Michel KAMGA DZETCHU 
PI24214	SIAC	Boissons du Cameroun	Fourniture_Pose	1975380	1.42	Lost	0	Terminé	Closed	Installation Transmetteur de Pression pour pompes de distribution eau traitée	2024-05-21	Christel TCHATO
PI24215	SOCAVER	Societe Camerounaise des Verrieries	Fourniture	458573	1.6	3447255	1	Terminé	Closed	CAPTEUR PHOTOELECTRIQUE	2024-05-23	Philemon SANDJONG TCHAZOU 
PI24216	SOCAVER	Societe Camerounaise des Verrieries	Fourniture	5993250	2.2999999999999998	Lost	0	Terminé	Closed	APPEL D'OFFRE N° 3201915  CPU SIEMENS pour l'armoire de commande de la MPC	2024-05-23	Philemon SANDJONG TCHAZOU 
PI24217	SABC_Koumassi	Boissons du Cameroun	Fourniture_Pose	900000	1.6	3456087	1	Terminé	Closed	Consultation pour Mise en conformité Sécurité couvercle des SILOS Usine Koumassi	2024-05-23	Iris Dkouam
PI24218	SABC_Ndokoti	Boissons du Cameroun	Fourniture	348799	1.66	Lost	0	Terminé	Closed	PDR POUR COUPURE AIR LORS DES LONGS_x000D_ ARRETS 	2024-05-24	Adriane Flora DJUIKOM 
PI24219	SABC_Ndokoti	Boissons du Cameroun	Fourniture	2667774	1.4	Lost	0	Terminé	Closed	PDR POUR CIRCUIT HYDRAULIQUE DU PASTO CH7	2024-05-24	Adriane Flora DJUIKOM 
PI24220	SABC_Yaounde	Boissons du Cameroun	Fourniture	5017550	1.7	3450518	1	Terminé	Closed	Commande SOS des électrovannes pour remplacement vannes vétuste en SAB Yaoundé	2024-05-26	Michel KAMGA DZETCHU 
PI24221	SABC_Yaounde	Boissons du Cameroun	Fourniture	2847060	1.5	3448286	1	Terminé	Closed	Apparaillage de mesure electrique.	2024-05-26	Michel KAMGA DZETCHU 
PI24222	SABC_Yaounde	Boissons du Cameroun	Fourniture	1636800	2	3450520	1	Terminé	Closed	Remplacer les détecteurs ultrason shuntés sur la table d'accumulation entrée laveuse	2024-05-26	
PI24224	SABC_Yaounde	Boissons du Cameroun	Fourniture	1933944	1.45	3449042	1	Terminé	Closed	PR critque, stock à zero	2024-05-26	
PI24225	SABC_Yaounde	Boissons du Cameroun	Fourniture	190485	1.66	Lost	0	Terminé	Closed	PR critique, stock à zero	2024-05-25	
PI24226	SABC_Yaounde	Boissons du Cameroun	Fourniture	4652800	1.6	Lost	0	Terminé	Closed	PR critque, stock à zero	2024-05-25	
PI24227	SABC_Yaounde	Boissons du Cameroun	Fourniture	2665440	1.35	Lost	0	Terminé	Closed	pieces pour remise en service securité pasteurisateur	2024-05-25	Michel KAMGA DZETCHU 
PI24228	SABC_Yaounde	Boissons du Cameroun	Fourniture	3714880	1.6	3450519	1	Terminé	Closed	BESOIN DES PIECES DE RECHANGE POUR ENCAISSEUSE/DECAISSEUSE CH5	2024-05-25	Michel KAMGA DZETCHU 
PI24229	DANGOTE_Dla	DANGOTE CEMENT SA	Fourniture	6693660	1.5	CM40006542	1	Terminé	Closed	Few items Part C for instrumentation  - INSTRUMENTATION  	2024-05-21	Benjamin N. Eteh
PI24230	SABC_Bafoussam	Boissons du Cameroun	Fourniture	1960800	1.5	Lost	0	Terminé	Closed	ACQUISITION CAPTEURS DE COURANT AMPFLEX A193 800 POUR REMISE A NIVEAU Marque ANALYSEUR RESEAU CENTRALE THERMIQUE	2024-05-28	Michel KAMGA DZETCHU 
PI24231	SABC_Guiness	Boissons du Cameroun	Fourniture	1690396	1.4	Lost	0	Terminé	Closed	Supply of PHMETERS	2024-05-28	
PI24232	SIAC	Boissons du Cameroun	Fourniture_Pose	3701390	1.3	Lost	0	Terminé	Closed	INSTALLATION NOUVEAU COFFRET POMPE FORAGE	2024-05-27	
PI24233	SABC_Bafoussam	Boissons du Cameroun	Placement_RH	91200	3	Lost	0	Terminé	Closed	travaux de mainenance CH5 du 31 Mai 2024	2024-05-28	Alexandre PENDA NKONGO MBEA
PI24234	SABC_Bafoussam	Boissons du Cameroun	Placement_RH	91200	3	Regul	1	Terminé	Closed	travaux de maintenance électriques préventives et curatives CH4 du 31 Mai 2024	2024-05-28	Michel Kenmoe
PI24235	SABC_Bafoussam	Boissons du Cameroun	Placement_RH	0	1.3	Lost	0	Terminé	Closed	travaux d'asservissement de la lubrification MTB 28 29, 30 201M1 et 202M2, à la marche de ces transporteurs	2024-05-28	Michel Kenmoe
PI24236	DIXSTONE	Dixstone Operations Cameroun	Fourniture	3612469	1.4	Lost	0	Terminé	Closed	CORDONS ET  ACCESSOIRES POUR MULTIMETRE & MEGOHMMETRE	2024-05-29	Alex Amoutse
PI24237	SABC_Koumassi	Boissons du Cameroun	Fourniture_Pose	5045800	1.3	Lost	0	Terminé	Closed	CONSULTATION DE MISE EN CONFORMITEE CIP BRASSAGE	2024-05-29	Judiscael YONKEU HEKOUA
PI24238	SABC_Yaounde	Boissons du Cameroun	Fourniture	850095	1.5	3448669	1	Terminé	Closed	BESOIN PIECE DE RECHANGE SOUTIREUSE BOUCHEUSE	2024-05-29	Michel KAMGA DZETCHU 
PI24239	SABC_Yaounde	Boissons du Cameroun	Fourniture	442400	2	Lost	0	Terminé	Closed	BESOIN DES RELAIS DE SECURITE	2024-05-29	Michel KAMGA DZETCHU 
PI24240	SABC_Yaounde	Boissons du Cameroun	Fourniture	2053600	1.7	3452474	1	Terminé	Closed	cellules pour transporteur de bouteilles	2024-05-29	Michel KAMGA DZETCHU 
PI24241	SOCAPALM_Bambou	SOCAPALM	Etudes	1810000	2	SCP0824POH00971	1	Terminé	Closed	études de mise en conformité d'un système de protection contre la foudre usine de Bambou	2024-05-16	Patrick RANDRIAMISATA
PI24242	SABC_Bafoussam	Boissons du Cameroun	Placement_RH	91200	1.3	Lost	0	Terminé	Closed	TRAVAUX D'ASSERVISSEMENT DE LA LUBRIFICATION DES MTB 28,29,30, 201M1 ET 202M2 A LA MARCHE DE CES TRANSPORTEURS DI212192	2024-05-29	Michel Kenmoe
PI24243	DANGOTE_Dla	DANGOTE CEMENT SA	Fourniture	471888	5	CM42009335	1	Terminé	Closed	RELAY WITH BASE.: RXM2BD+RXZE1M2C 	2024-05-30	Benjamin N. Eteh
PI24244	DANGOTE_Dla	DANGOTE CEMENT SA	Fourniture	31121924	1.42	CM40006555	1	Terminé	Closed	DCC 2400156 - THERMOGRAPHIC CAMERA, FLUKE TI480	2024-05-30	Benjamin N. Eteh
PI24244-1	DANGOTE_Dla	DANGOTE CEMENT SA	Fourniture	1598061	1.59	CM40006741	1	Terminé	Closed	VIBRATION PEN-CMAS-100 SL	2024-12-10	Benjamin N. Eteh
PI24245	DANGOTE_Dla	DANGOTE CEMENT SA	Installation	17000000	1.37	CM42008911	1	Terminé	Closed	China Fire Detector System Maintenance - INSTRUMENTATION	2024-05-23	Benjamin N. Eteh
PI24246	SABC_Bafoussam	Boissons du Cameroun	Fourniture_Pose	4104000	2.8	3451865	1	Terminé	Closed	DEMANDE D'OFFRE POUR FOURNITURE ET INSTALLATION LAMPADAIRES SOLAIRES LED AUTONOMES BAFOUSSAM	2024-05-30	
PI24247	SABC_Bafoussam	Boissons du Cameroun	Placement_RH	91200	3	Lost	0	Terminé	Closed	travaux de maintenance électrique préventive en chaine 4	2024-05-30	Michel Kenmoe
PI24248	DANGOTE_Dla	DANGOTE CEMENT SA	Fourniture	575000	1.35	Lost	0	Terminé	Closed	Supply & Inst of EXHAUST FAN-300MM,85W,230VAC,50HZ - ELECTRICAL	2024-05-31	Benjamin N. Eteh
PI24249	DANGOTE_Dla	DANGOTE CEMENT SA	Fourniture	1198200	1.5	CM40006680	1	Terminé	Closed	s7-300 DI/DO Module 6ES7 322-1BH01-0AA0.	2024-06-02	Martin-Pierre DOOH
PI24250	DIXSTONE	Dixstone Operations Cameroun	Fourniture	10842268	1.3	Lost	0	Terminé	Closed	PRB-014208 / E-Electrical Consumable	2024-06-03	Alex Amoutse
PI24251	SABC_Ndokoti	Boissons du Cameroun	Fourniture	2773792	5.8	Lost	0	Terminé	Closed	PDS MODULE E/S POUR AUTOMATE TSX MICRO	2024-06-03	Cedric NGAKAM
PI24252	SABC_Bafoussam	Boissons du Cameroun	Fourniture	1629460	1.4	Lost	0	Terminé	Closed	KIT DE JOINTS DE PLAQUES DE	2024-05-25	Michel KAMGA DZETCHU 
PI24253	SOCAVER	Societe Camerounaise des Verrieries	Fourniture	722400	1.4	Lost	0	Terminé	Closed	DA3203086 DISJONCTEURS MOTEURS	2024-06-04	Philemon SANDJONG TCHAZOU 
PI24254	SABC_Ndokoti	Boissons du Cameroun	Fourniture	468540	1.5	Lost	0	Terminé	Closed	REMPLAEMENT DES VERINS CADRE CENTRAGE ET CADRE PRESSEUR Marque PALETISSEUR CHAINE 8	2024-06-06	Michel KAMGA DZETCHU 
PI24255	SABC_Yaounde	Boissons du Cameroun	Fourniture	105300	1.3	Lost	0	Terminé	Closed	Projet froid eau glacée YAOUNDE : commande matériel complémentaire raccordement électrique	2024-06-06	Rosine Kati
PI24256	SOCAPALM_Eseka	SOCAPALM	Etudes	0	1.3	Lost	0	Terminé	Closed	étude mise en conformité d'un système de protection contre la foudre usine d'Eseka	2024-05-16	Anne Chantal Ngo Ngidjol
PI24257	SABC_Koumassi	Boissons du Cameroun	Fourniture	2650000	2.65	Lost	0	Terminé	Closed	Fourniture et remplacement afficheur HMI chaudière LOOS 5	2024-06-06	Patrick Aimé HAMO FIKOUE
PI24258	DANGOTE_Dla	DANGOTE CEMENT SA	Fourniture	1356660	1.1399999999999999	CM40006551	1	Terminé	Closed	DCC 2400164 - Few items for instrumentation - INSTRUMENTATION	2024-06-07	Benjamin N. Eteh
PI24259	SABC_Yaounde	Boissons du Cameroun	Fourniture_Pose	9332000	1.45	Lost	0	Terminé	Closed	CONSULTATION POUR FOURNITURE ET INSTALLATION LAMPADAIRES SOLAIRES LED AUTONOMES YAOUNDE - Nouveau Terrain YAOUNDE	2024-06-07	Rosine Kati
PI24260	SOCAVER	Societe Camerounaise des Verrieries	Fourniture	3339820	1.7	Lost	0	Terminé	Closed	PANOPLIE DETECTEURS INDUCTIFS/DP	2024-06-07	Philemon SANDJONG TCHAZOU 
PI24261	SABC_Garoua	Boissons du Cameroun	Fourniture	2788110	1.5	3450840	1	Terminé	Closed	SUGGESTION REAPPRO RACCORD ET DITRIBUTEUR N°5394 FESTO	2024-06-07	Adriane Flora DJUIKOM 
PI24262	SABC_Yaounde	Boissons du Cameroun	Fourniture_Pose	11252000	1.45	3456671	1	Terminé	Closed	CONSULTATION POUR FOURNITURE ET INSTALLATION LAMPADAIRES SOLAIRES LED AUTONOMES YAOUNDE - Nouveau Terrain YAOUNDE	2024-06-07	Rosine Kati
PI24263	DIXSTONE	Dixstone Operations Cameroun	Fourniture	51616	4	3303001053	1	Terminé	Closed	PRB-013885 / Marine - MOSFET	2024-06-08	Alex Amoutse
PI24264	SABC_Koumassi	Boissons du Cameroun	Fourniture_Pose	3314500	1.45	1234567	1	Terminé	Closed	Améliorations Eclairage de certaines zones du Batiment Administratif (Remplacement des Réglettes Double 36watts HS par des Mini lampes Leds de 25watts)	2024-06-11	
PI24265	SABC_Koumassi	Boissons du Cameroun	Fourniture_Pose	3219500	1.33	Lost	0	Terminé	Closed	Améliorations Eclairage de certaines zones de l'usine(Remplacement des Réglettes Double 36watts HS par des Mini lampes Leds de 25watts)	2024-06-11	Iris Dkouam
PI24266	DIXSTONE	Dixstone Operations Cameroun	Fourniture	1639136	1.93	Lost	0	Terminé	Closed	PRB-013387 - E-Electrical Parts / ADN-130	2024-06-13	Alex Amoutse
PI24267	SCDP Depot de Bessengue	SCDP	Fourniture_Pose	8852572	2.36	Lost	0	Terminé	Closed	fourniture des caisses à outils dédiées aux électriciens et multimètres FLUKE 115 pour le personnel électricien de la SCDP	2024-06-13	Marie-line Ntyame
PI24268	SEMC	SEMC	Fourniture_Pose	8566574	1.3	Lost	0	Terminé	Closed	AVIS DE CONSULTATION POUR FOURNITURE ET POSE TOURNIQUET INFIRMERIE CASTEL CARE SEMC	2024-06-14	Fred Ewande Abdou
PI24269	DIXSTONE	Dixstone Operations Cameroun	Fourniture	5397234	1.29	Lost	0	Terminé	Closed	PRB-011031 - E-Electrical Items / ADN-130	2024-06-13	Alex Amoutse
PI24270	SABC_Koumassi	Boissons du Cameroun	Fourniture	2158500	1.5	Lost	0	Terminé	Closed	Electrovanne ASCO 353 pour décolmateur	2024-06-14	Adriane Flora DJUIKOM 
PI24271	SCDP Depot de Bessengue	SCDP	Etudes	50215558	1.4	Lost	0	Terminé	Closed	Motorisation des access de la SCDP	2024-06-13	
PI24272	SABC_Bafoussam	Boissons du Cameroun	Placement_RH	91200	3.3	Lost	0	Terminé	Closed	travaux électriques trimestriels et annuels à la SOUT, DECAIS, DEPAL et PASTO CH4	2024-06-18	Michel Kenmoe
PI24273	SABC_Bafoussam	Boissons du Cameroun	Fourniture_Pose	0	1	Lost	0	Annulé	Closed	Fourniture et pose des chemins de câbles CABLOFIL de 50 et 80 en INOX à la laveuse de bouteille CH4	2024-06-18	Michel Kenmoe
PI24274	SIAC	Boissons du Cameroun	Fourniture	77000	5	regul	1	Terminé	Closed	fourniture câble USB-VGA	2024-06-19	Christel TCHATO
PI24275	SOCAVER	Societe Camerounaise des Verrieries	Fourniture	10186800	2	Lost	0	Terminé	Closed	Achat Batteries de rechange pour les onduleurs GALAXY PW 40KVA de l'usine SOCAVER	2024-06-19	Philemon SANDJONG TCHAZOU 
PI24276	SOCAVER	Societe Camerounaise des Verrieries	Fourniture	2445788	1.3	3453534	1	Terminé	Closed	ACHAT MATÉRIEL POUR ARMOIRE DE COMMANDE AERO N°1 SOCAVER / 3200840	2024-06-19	Philemon SANDJONG TCHAZOU 
PI24276A	SOCAVER	Societe Camerounaise des Verrieries	Fourniture	2445788	1.3	3453866	1	Terminé	Closed	ACHAT MAT POUR ARMOIRE DE COMMANDE AERO N°1 SOCAVER / 3200840	2024-06-19	Philemon SANDJONG TCHAZOU 
PI24277	SABC_Ndokoti	Boissons du Cameroun	Fourniture	1849760	1.6	3458194	1	Terminé	Closed	REVAMPING CHASSIS ELECTRIQUE ET
REMPLACEMENT DES CELLULES CASSEES	2024-06-19	Cedric NGAKAM
PI24278	SABC_Bafoussam	Boissons du Cameroun	Fourniture	715390	1.3	Lost	0	Terminé	Closed	MISE EN EN PLACE DU BANC ESSAI
AUTOMATE S7 1500 SOUS TIA V17 SUIVANT
Marque PDCA DE LA FORMATION	2024-06-19	Michel KAMGA DZETCHU 
PI24279	SABC_Bafoussam	Boissons du Cameroun	Fourniture	10210820	1.4	Lost	0	Terminé	Closed	SUGGESTION DE REAPPRO. N°5552:
MANOMETRES DE MARQUE BOURDON POUR
REMPLACEMENTS DES MULTIPLES CAS DE
NON CONFORMITE DANS L'USINE : URGENT	2024-06-19	Michel KAMGA DZETCHU 
PI24280	SOCAVER	Societe Camerounaise des Verrieries	Fourniture	757800	3	Lost	0	Terminé	Closed	DA 3204002 CAPTEUR	2024-06-19	Philemon SANDJONG TCHAZOU 
PI24281	SABC_Koumassi	Boissons du Cameroun	Fourniture	1013070	1.5	Lost	0	Terminé	Closed	DETECTEURS DE PROXIMITE INDUCTIVE
POUR PROTEGER LES ELEVATEURS D'USINE	2024-06-19	Adriane Flora DJUIKOM 
PI24282	DANGOTE_Dla	DANGOTE CEMENT SA	Fourniture	11992020	1.24	Lost	0	Terminé	Closed	Few lighting consumables - ELECTRICAL	2024-06-18	Benjamin N. Eteh
PI24283	DANGOTE_Dla	DANGOTE CEMENT SA	Fourniture	4241250	1.5	Lost	0	Terminé	Closed	MPCB, 3P,9-12.5A,690V,STD,3RV1121-1KA10	2024-06-18	Benjamin N. Eteh
PI24284	DANGOTE_Dla	DANGOTE CEMENT SA	Fourniture	400000	1.21	Lost	0	Terminé	Closed	GEN-ATS maintenance	2024-06-20	Lambi Mandjeck
PI24285	BOCOM 	BOCOM PETROLEUM SA	Fourniture_Pose	701000	1.3	Lost	0	Terminé	Closed	reste à payer travaux BOCOM BTP	2024-06-01	
PI24286	SABC_Ndokoti	Boissons du Cameroun	Fourniture	573300	1.3	Lost	0	Terminé	Closed	PDR POUR REMPLACEMENT DES CÂBLES_x000D_DES JOGS VETUSTES	2024-06-20	Cedric NGAKAM
PI24287	SABC_Ndokoti	Boissons du Cameroun	Fourniture	491400	1.3	Lost	0	Terminé	Closed	CORDON POUR APPAREILS DE MESURE DE L'ATELIER	2024-06-20	Cedric NGAKAM
PI24288	SABC_Ndokoti	Boissons du Cameroun	Fourniture	5980000	1.3	3458976	1	Terminé	Closed	REMPLACEMENT CABLES MOTEURS TRANSPORTEURS BOUTEILLES ET CAISSES	2024-06-20	Cedric NGAKAM
PI24289	SABC_Ndokoti	Boissons du Cameroun	Fourniture	0	1	Lost	0	Annulé	Closed	POUR CONFECTION DES AXES DES TRANSPORTEURS DE CAISSES CHAINE 7	2024-06-20	Cedric NGAKAM
PI24290	SABC_Ndokoti	Boissons du Cameroun	Fourniture	4271692	1.5	Lost	0	Terminé	Closed	REMPLACEMENT CAMERA THERMINE USINE	2024-06-20	Cedric NGAKAM
PI24291	SABC_Koumassi	Boissons du Cameroun	Fourniture	3541994	1.68	Lost	0	Terminé	Closed	APPAREILS DE MESURE POUR CONTRÖLEBOUCLES DE TEMPERATURE DES TOD	2024-06-20	Adriane Flora DJUIKOM 
PI24292	SABC_Yaounde	Boissons du Cameroun	Fourniture	3911518	1.35	Lost	0	Terminé	Closed	DETECTEUR POUR TRANSPORTEUR DE BOUTEILLE SIDEL	2024-06-21	Michel KAMGA DZETCHU 
PI24293	SABC_Yaounde	Boissons du Cameroun	Fourniture	1014690	1.5	Lost	0	Terminé	Closed	BESOIN PR DE SECURITE DEPALETTISEUR CH5	2024-06-21	Michel KAMGA DZETCHU 
PI24294	SABC_Koumassi	Boissons du Cameroun	Fourniture_Pose	12061900	1.3	Lost	0	Terminé	Closed	Consultation Pour Mise en Service centrale Incendie Usine de Koumassi	2024-06-21	Iris Dkouam
PI24295	SABC_Yaounde	Boissons du Cameroun	Fourniture	1210966	1.4	Lost	0	Terminé	Closed	BESOIN PR DE SECURITE LAVEUSE DE BOUTEILLES CH5	2024-06-22	Michel KAMGA DZETCHU 
PI24296	SABC_Koumassi	Boissons du Cameroun	Fourniture_Pose	2192840	2.25	Lost	0	Terminé	Closed	 Fourniture et installation TOR et compteurs Atelier Mecanique et départs Batteries 1&2 	2024-06-24	Clément Tientcheu
PI24297	SABC_Koumassi	Boissons du Cameroun	Fourniture_Pose	2381340	2.84	Lost	0	Terminé	Closed	Fourniture et installation TOR et compteur local TGBT 3 brassage 	2024-06-24	Clément Tientcheu
PI24298	SABC_Koumassi	Boissons du Cameroun	Fourniture_Pose	3277180	2.4500000000000002	Lost	0	Terminé	Closed	 Fourniture et installation TOR et compteurs Splits PET1 & 2	2024-06-24	Clément Tientcheu
PI24299	SABC_Yaounde	Boissons du Cameroun	Fourniture	0	1	Lost	0	Annulé	Closed	DEMANDE DE PRIX  pour Moto-réducteurs et Frein Complet de l’ENCAIS-DECAIS  CH5 YDE 	2024-06-25	Michel KAMGA DZETCHU 
PI24300	SOCAVER	Societe Camerounaise des Verrieries	Fourniture	5236280	1.4	3456489	1	Terminé	Closed	ACHAT MATÉRIEL POUR ARMOIRE DE COMMANDE POMPE INCENDIE RÉSEAU PERMANENT 	2024-06-27	Philemon SANDJONG TCHAZOU 
PI24301	SOCAVER	Societe Camerounaise des Verrieries	Fourniture	4646720	1.3	Lost	0	Terminé	Closed	Achat Transformateur 400-230V /110V (Réappro Stock)	2024-06-27	Philemon SANDJONG TCHAZOU 
PI24302	DANGOTE_Yde	DANGOTE CEMENT SA	Fourniture_Pose	275600	1.89	CM42008998	1	Terminé	Closed	Electrical incident at Nomayos	2024-06-27	Lambi Mandjeck
PI24303	SABC_Bafoussam	Boissons du Cameroun	Placement_RH	91200	3.5	Lost	0	Terminé	Closed	travaux de mainrenance fin de mois 01/07/2024 SGX/FAB/STEP	2024-06-27	Anicet GHISLAIN FOKA
PI24304	SABC_Koumassi	Boissons du Cameroun	Fourniture_Pose	4689180	1.74	Lost	0	Terminé	Closed	Fournitures et Poses des Luminaires Usine Koumassi (bureaux et zones obscures ayant des lampes HS ).	2024-06-27	Basile DONNANG DONGMO
PI24305	SCDP Depot de Bessengue	SCDP	Fourniture_Pose	1355500	2.5	2024000340/2024/SCDP	1	Terminé	Closed	Travaux de mise en conformite des circuits de prise de courant	2024-06-27	Joseph NONG
PI24306	SABC_Bafoussam	Boissons du Cameroun	Placement_RH	182400	3.5	Lost	0	Terminé	Closed	travaux de maintenance en chaine 4	2024-06-28	Alexandre PENDA NKONGO MBEA
PI24307	SABC_Bafoussam	Boissons du Cameroun	Placement_RH	91200	3.5	Lost	0	Terminé	Closed	travaux maintnenance en chaine 5	2024-06-28	Alexandre PENDA NKONGO MBEA
PI24308	SABC_Bafoussam	Boissons du Cameroun	Fourniture	0	1	Lost	0	Annulé	Closed	REMISE EN SERVICE DE LA REGULATION DE	2024-06-28	Michel KAMGA DZETCHU 
PI24309	SABC_Bafoussam	Boissons du Cameroun	Fourniture	3115800	1.55	3456300	1	Terminé	Closed	POUR REVISION 2024 EN CHAINE 4	2024-06-28	Michel KAMGA DZETCHU 
PI24310	SABC_Ndokoti	Boissons du Cameroun	Fourniture_Pose	7504100	1.55	Lost	0	Terminé	Closed	AMELIORATION ECLAIRAGE NOUVELLE ZONE DE TRAVAUX CHAINE 15	2024-07-01	
PI24311	SABC_Ndokoti	Boissons du Cameroun	Fourniture	18499648	1.6	Lost	0	Terminé	Closed	REMPLACEMENT MODULES TRANSMETTEURS POUR CAPTEUR DE PRESSION DES TBF DEFECTUEUX	2024-07-01	Jean Bossango
PI24312	SABC_Yaounde	Boissons du Cameroun	Fourniture	7296306	1.38	3463491	1	Terminé	Closed	COMMANDE PR POUR REVISION ANNULLE	2024-07-03	Michel KAMGA DZETCHU 
PI24313	SABC_Yaounde	Boissons du Cameroun	Fourniture	976512	1.6	3457700	1	Terminé	Closed	POUR REMPLT DE CELLE DEFECTUEUSE AU TE	2024-07-03	Michel KAMGA DZETCHU 
PI24314	SABC_Yaounde	Boissons du Cameroun	Fourniture	18189665	1.31	3457695	1	Terminé	Closed	COMMANDE CONSOMMABLE POUR REVISION ANNUELLE DE LA LIGNE 2	2024-07-03	Michel KAMGA DZETCHU 
PI24315	SABC_Bafoussam	Boissons du Cameroun	Fourniture	239462	1.6	3456983	1	Terminé	Closed	REMPLACEMENT CONTACTEUR DEFECTUEUX	2024-07-03	Michel KAMGA DZETCHU 
PI24316	SABC_Bafoussam	Boissons du Cameroun	Fourniture	6463731	1.6	3456986	1	Terminé	Closed	PR DE MARQUE SICK POUR REVISION 2024 EN CHAINE 4	2024-07-03	Michel KAMGA DZETCHU 
PI24317	SABC_Koumassi	Boissons du Cameroun	Fourniture	861312	1.37	Lost	0	Terminé	Closed	Matériel Supervision system upgrade project in Koumassi	2024-07-04	Rosine Kati
PI24318	SOCAVER	Societe Camerounaise des Verrieries	Metrologie	2456600	1.26	3457184	1	Terminé	Closed	ESM DIMENSIONNELS	2024-07-04	Thierry Ekendjoum
PI24319	SABC_Yaounde	Boissons du Cameroun	Fourniture	2011680	1.5	3459513	1	Terminé	Closed	COMMANDE FIN DE COURSE DE SECURITE POUR ETIQUEUTEUSE ET SOUTIREUSE Marque CHAINE 2 MIXTE URGENT	2024-07-04	Michel KAMGA DZETCHU 
PI24320	SABC_Koumassi	Boissons du Cameroun	Fourniture	0	1	Lost	0	Annulé	Closed	Consultation pour appel d'offre: dialogue opérateur Siemens SIMATIC IPC477D (6AV7240-1BB45-0QA0)	2024-07-07	Fabien NTA A NTA
PI24321	SOCAVER	Societe Camerounaise des Verrieries	Fourniture	1896768	1.8	3477781	1	Terminé	Closed	Capteur inductif	2024-07-05	Philemon SANDJONG TCHAZOU 
PI24322	SABC_Yaounde	Boissons du Cameroun	Fourniture	20470141	1.29	Lost	0	Terminé	Closed	matériel pour raccordements électriques et mise en service des silos STOLZ usine YAOUNDE CP - PROJET NOUVEAUX SILOS	2024-07-08	Rosine Kati
PI24323	SABC_Ndokoti	Boissons du Cameroun	Fourniture	2248000	1.6	3458605	1	Terminé	Closed	PDR POUR UTILISATION LORS DE LA MAINTENANCE PREVENTIVE ANNUELLE TB CH8	2024-07-08	Jean Bossango
PI24324	SABC_Koumassi	Boissons du Cameroun	Fourniture	3569496	1.4	3458002	1	Terminé	Closed	Campagne de remplacement Connecteurs "DP" vétustes	2024-07-09	Jean Bossango
PI24325	DANGOTE_Dla	DANGOTE CEMENT SA	Fourniture	49560	2	Lost	0	Terminé	Closed	Supply of THERMOCOUPLE	2024-07-09	Benjamin N. Eteh
PI24326	DANGOTE_Dla	DANGOTE CEMENT SA	Fourniture	756000	1.5	Lost	0	Terminé	Closed	Supply of CABLE LC PDX 12METERS, REF: 61043487 - INSTRUMENTATION	2024-07-09	Benjamin N. Eteh
PI24327	SABC_Koumassi	Boissons du Cameroun	Fourniture	0	1.3	Lost	0	Terminé	Closed	Consultation pour Fourniture et Installation Extracteur Local ozoneurs TTE	2024-07-11	Iris Dkouam
PI24328	SABC_Koumassi	Boissons du Cameroun	Fourniture	0	1.3	Lost	0	Terminé	Closed	Fournitures et Poses des Luminaires Usine Koumassi (Meunerie/laboratoire/brassage (zone de production)/Aero+entonnement+chaudronnerie/Bureaux brassage/réfectoire/Atelier maintenance CDT)	2024-07-11	Jean Bossango
PI24329A	DANGOTE_Dla	DANGOTE CEMENT SA	Fourniture	4711140	1.4	CM42009073	1	Terminé	Closed	Supply & Inst. of Specific Toolkits - INSTRUMENTATION	2024-07-11	Benjamin N. Eteh
PI24330	SABC_Bafoussam	Boissons du Cameroun	Fourniture	16354061	1.41	Lost	0	Terminé	Closed	SUGGESTION DE REAPPRO. N°5572: PIECES ELECTRIQUES ET ELECTRONIQUES	2024-07-10	Michel KAMGA DZETCHU 
PI24331	DANGOTE_Dla	DANGOTE CEMENT SA	Fourniture_Pose	6649228	1.45	Lost	0	Terminé	Closed	New Sales & Marketing Offices - ELECTRICAL	2024-07-12	Benjamin N. Eteh
PI24332	SABC_Garoua	Boissons du Cameroun	Fourniture	2760000	1.2	3461246	1	Terminé	Closed	POUR TRAVAUX ELECTRIQUES DANS TOUS L'USINE	2024-07-12	Jean Bossango
PI24333	SABC_Koumassi	Boissons du Cameroun	Fourniture	559632	1.6	Lost	0	Terminé	Closed	DEMANDE D'OFFRE : Power contactor, AC-3 65 A, 30 kW / 400 V 110 V AC,	2024-07-11	Jean Bossango
PI24334	SABC_Koumassi	Boissons du Cameroun	Fourniture	0	1.3	Lost	0	Terminé	Closed	Fournitures et Poses des Luminaires Usine Koumassi (Deuxième zone :  Bâtiment DCIRA/Nouveau vestiaire/Atelier fabrication mécanique/Magasin MPC/STEP/Magasin MLU)	2024-07-11	Iris Dkouam
PI24335	SABC_Koumassi	Boissons du Cameroun	Fourniture	0	1.3	Lost	0	Terminé	Closed	Fournitures et Poses des Luminaires Usine Koumassi  (Troisième zone : Filtration/40 Bars+Chaudières/Aero SDM et GE/Magasin MPR/Nouvelle Siroperie/Couloir CH4&5)	2024-07-11	Iris Dkouam
PI24336	SIAC	Boissons du Cameroun	Fourniture	0	1.3	Lost	0	Terminé	Closed	fourniture et pose d'un inverseur à contacteur (temporaire)	2024-07-15	
PI24337	SABC_Bafoussam	Boissons du Cameroun	Placement_RH	1260000	3	3462989	1	Terminé	Closed	travaux de maintenance en chaine 5	2024-07-18	Alexandre PENDA NKONGO MBEA
PI24338	DANGOTE_Dla	DANGOTE CEMENT SA	Fourniture	1304318	1.6	Lost	0	Terminé	Closed	DCC 230373 - Supply & Installation COM UNIT 560CMR01 R0002@SS - ELECTRICAL	2024-07-22	Iloga Gerard
PI24339	SABC_Garoua	Boissons du Cameroun	Fourniture	8573472	1.6	Lost	0	Terminé	Closed	RENOUVELLEMENT APPAREILS D'INSTRUMENTATION ATELIER ELECTRICITE VETUSTES	2024-07-12	Jean Bossango
PI24340	SEMC	SEMC	Fourniture	2328351	1.4	3463072	1	Terminé	Closed	REGULER LA TEMPERATURE EN SORTIE DU CIRCUIT COMPRESSEUR 2 ET COMMANDE POUR REMPLACER VARIATEUR DE VITESSE	2024-07-18	Jean Bossango
PI24341	SEMC	SEMC	Fourniture	1340047	1.67	Lost	0	Terminé	Closed	MISE EN SERVICE CONTROLE DE NIVEAU HEUFT LIGNE BIDON	2024-07-22	Jean Bossango
PI24342	DANGOTE_Dla	DANGOTE CEMENT SA	Fourniture	0	1	Lost	0	Annulé	Closed	PURCHASE OF DUST FILTERS	2024-07-19	Benjamin N. Eteh
PI24343	DANGOTE_Dla	DANGOTE CEMENT SA	Fourniture	10000000	1.25	Lost	0	Terminé	Closed	MAINTENANCE OF WALKIES - TALKIES RADIO	2024-07-18	Benjamin N. Eteh
PI24344	SABC_Yaounde	Boissons du Cameroun	Fourniture	4449760	1.4	Lost	0	Terminé	Closed	POUR REMPLACEMENT DES CAPTEURS DE PRESSION DES POMPES 	2024-07-18	Michel KAMGA DZETCHU 
PI24345	SABC_Koumassi	Boissons du Cameroun	Fourniture_Pose	25960800	1.51	Lost	0	Terminé	Closed	Consultation pour Câblage et installation coffret By-PASS Onduleur de Puissance CH9 PET	2024-07-22	Iris Dkouam
PI24346	HBO-BTP	HBO	Fourniture_Pose	0	1	Lost	0	Annulé	Closed	Batiment Police - CNI	2024-07-20	
PI24347	SEMC	SEMC	Fourniture	0	1.3	Lost	0	Terminé	Closed	Fourniture cable 12G1mm2	2024-07-26	
PI24348	SABC_Ndokoti	Boissons du Cameroun	Fourniture	2955456	1.4	3462947	1	Terminé	Closed	REMPLACEMENT COMPTEUR D'EAU ALIMENTAIRE DES CHAUDIERES	2024-07-25	Jean Bossango
PI24349	SABC_Koumassi	Boissons du Cameroun		0	1.3	Lost	0	Terminé	Closed	Consultation pour  Travaux d'assainissement et Câblage Coffrets , Déplacement Châssis électriques HS « Nouveau Magasin à huile »	2024-07-25	Iris Dkouam
PI24350	SABC_Koumassi	Boissons du Cameroun		0	1.3	Lost	0	Terminé	Closed	Consultation pour  Travaux d'assainissement et Câblage Coffrets , Déplacement Châssis électriques HS « Ex Local siroperie chaude »	2024-07-25	Iris Dkouam
PI24351	SABC_Koumassi	Boissons du Cameroun		0	1.3	Lost	0	Terminé	Closed	Consultation pour le déplacement et mise en conformité coffret électrique siroperie	2024-07-25	Clément Tientcheu
PI24352	SABC_Ndokoti	Boissons du Cameroun	Placement_RH	3000000	1.3	Lost	0	Terminé	Closed	Révision annuelle chaine 7	2024-07-27	François Atangana
PI24353	DANGOTE_Dla	DANGOTE CEMENT SA	Fourniture	833300	1.3	Lost	0	Terminé	Closed	Supply & Inst. of DELL INSPIRON 15 16Go RAM - INSTRUMENTATION 	2024-07-29	Benjamin N. Eteh
PI24354	DANGOTE_Dla	DANGOTE CEMENT SA	Fourniture	0	1.3	Lost	0	Terminé	Closed	Supply & Inst. of HP Z220 Workstation – INSTRUMENTATION 	2024-07-29	Benjamin N. Eteh
PI24355	DANGOTE_Dla	DANGOTE CEMENT SA	Fourniture	1364899	1.4	Lost	0	Terminé	Closed	Few items for INSTRUMENTATION 	2024-07-29	Benjamin N. Eteh
PI24356	SABC_Yaounde	Boissons du Cameroun	Fourniture_Pose	4553025	1.51	Lost	0	Terminé	Closed	Automatisation préparation solution de chlore - Usine UBG YAOUNDE	2024-07-30	Rosine Kati
PI24357	SABC_Yaounde	Boissons du Cameroun	Fourniture	4065732	2.2000000000000002	Lost	0	Terminé	Closed	HMI POUR MIGRATION EQUIPEMENTS OBSELETES CHAINE 06 YAOUNDE	2024-07-31	Rosine Kati
PI24358	DANGOTE_Dla	DANGOTE CEMENT SA	Fourniture	136000	2	42008684	1	Terminé	Closed	SUPPLY OF SPARES - Auxiliary contact block	2024-08-01	Lambi Mandjeck
PI24359	SABC_Yaounde	Boissons du Cameroun	Fourniture	1945405	1.6	Lost	0	Terminé	Closed	COMMANDE DES ENROULEURS POUR UTILISATION SALLES DES MACHINES	2024-08-01	Cedric NGAKAM
PI24360	SABC_Yaounde	Boissons du Cameroun	Fourniture	1556631	1.3	3468755	1	Terminé	Closed	REMPLACER LES PROJECTEURS HS A L'UBG	2024-08-02	Cedric NGAKAM
PI24361	DANGOTE_Dla	DANGOTE CEMENT SA	Fourniture	1889550	1.5	CM40006617	1	Terminé	Closed	DCC 2408-01 - ENCODER,SC3.5-G-NO-6M,PN:114211,8VDC,P+F - INSTRUMENTATION	2024-08-02	Benjamin N. Eteh
PI24362	SABC_Yaounde	Boissons du Cameroun	Fourniture	18775250	1.3	Lost	0	Terminé	Closed	COMMANDE MATERIEL POUR UTILISATION COURANTE DANS L'ATELIER	2024-08-02	Cedric NGAKAM
PI24363	SABC_Yaounde	Boissons du Cameroun	Fourniture	3686640	1.3	Lost	0	Terminé	Closed	DEMANDE DE PRIX DA 3206174	2024-08-02	Cedric NGAKAM
PI24364	SEMC	SEMC	Fourniture	16227193	1.4	Lost	0	Terminé	Closed	Acquisition des équipements SDA 	2024-08-01	Cheugoua Rommel
PI24365	SABC_Ndokoti	Boissons du Cameroun	Fourniture	1253796	1.3	3465006	1	Terminé	Closed	PDR POUR COMMANDE PRISE/POSE	2024-08-05	Jean Bossango
PI24366	SCDP Depot de Bessengue	SCDP		1077000	1.3	Lost	0	Terminé	Closed	TRAVAUX D'INSTALLATION DETECTEUR LOCAL TGBT - IMMEUBLE SIEGE	2024-08-05	
PI24367	DANGOTE_Dla	DANGOTE CEMENT SA	Fourniture	1889550	1.3	Lost	0	Terminé	Closed	DCC 2407-12 - Supply & Inst. of DELL INSPIRON 15 16Go RAM - INSTRUMENTATION	2024-08-06	Benjamin N. Eteh
PI24368	BOCOM 	BOCOM PETROLEUM SA	Fourniture_Pose	10435670	1.3	BC0005019	1	Terminé	Closed	Fourniture et installations des mises à la terre des différents compartiments	2024-08-08	Roland Takam
PI24369	SABC_Yaounde	Boissons du Cameroun	Fourniture	629200	1.3	3466886	1	Terminé	Closed	Demande d'offre pour matériel électrique montage des silos YAOUNDE	2024-08-08	Rosine Kati
PI24387	SCDP Depot de Bessengue	SCDP	Fourniture_Pose	8247200	1.4	2024000409/2024/SCDP	1	Terminé	Closed	INSTALLATION DE L’ÉCLAIRAGE EXTERIEUR IMMEUBLES EX DELTA DOUALA	2024-08-19	Francois OUNKAP
PI24459	SIAC	Boissons du Cameroun	Audit	10244000	1.23	Lost	0	Terminé	Closed	Contrôle règlementaire installation électriques sur le site de SIAC	2024-07-20	Christel TCHATO
PI24460	SABC_Koumassi	Boissons du Cameroun	Fourniture_Pose	2647900	1.23	Lost	0	Terminé	Closed	fourniture et précâblage du châssis cip TOD et levurerie caves fermentation	2024-07-31	Clément Tientcheu
PI24470	SABC_Koumassi	Boissons du Cameroun	Fourniture_Pose	749025	1.44	Lost	0	Terminé	Closed	Fourniture et remplacement TOR départ décharge drêche TGBT brassage	2024-07-31	Clément Tientcheu
PI24471	SABC_Koumassi	Boissons du Cameroun	Fourniture_Pose	3171840	1.3	Lost	0	Terminé	Closed	Mise en conformité coffret bureau chef fabrication	2024-07-31	Clément Tientcheu
PI24472	BOCOM 	BOCOM PETROLEUM SA	Fourniture	0	1.3	Lost	0	Terminé	Closed	Projet Lubrifiant	2024-08-14	Roland Takam
PI24473	SABC_Koumassi	Boissons du Cameroun	Fourniture_Pose	3611240	1.27	Lost	0	Terminé	Closed	Installation éclairage station dilution sucre	2024-08-16	Iris Dkouam
PI24474	SABC_Koumassi	Boissons du Cameroun	Fourniture	0	1.3	Lost	0	Terminé	Closed	Fourniture et remplacement des chemins de câbles	2024-08-15	Basile DONNANG DONGMO
PI24475	SABC_Garoua	Boissons du Cameroun	Fourniture	7943208	1.3	Lost	0	Terminé	Closed	POUR REMPLACER LA MOTOPOMPE DU BAC AMONT TRES VETUSTE EN CAVE FILTRATION	2024-08-19	Jean Bossango
PI24476	SABC_Koumassi	Boissons du Cameroun	Fourniture_Pose	2134100	1.61	Lost	0	Terminé	Closed	Installation d'une vanne à commande semi-automatique.	2024-08-14	Basile DONNANG DONGMO
PI24477	SABC_Garoua	Boissons du Cameroun	Fourniture	6895718	1.37	Lost	0	Terminé	Closed	REMPLACER LA MOTOPOMPE DU BAC AMONT TRES VETUSTE EN CAVE FILTRATION	2024-08-16	Jean Bossango
PI24478	SABC_Ndokoti	Boissons du Cameroun	Fourniture	0	1	Lost	0	Annulé	Closed	POUR ASSERVISSEMENT POMPE SOUDE A LA STATION CIP MIXTE	2024-08-16	Rosine Kati
PI24479	SABC_Koumassi	Boissons du Cameroun	Fourniture	166740	1.4	3466981	1	Terminé	Closed	REMPLACEMENT DES AMPOULES GRILLES SUR LES VOYANTS	2024-08-16	Jean Bossango
PI24480	SEMC	SEMC	Fourniture	1494450	1.8	3467345	1	Terminé	Closed	COMMANDE DES CELLULES PHOTOELECTRIQUESPOUR REMPLACEMENT  CEUX DEFECTUEUSE USINE SEMC	2024-08-16	Jean Bossango
PI24481	SABC_Koumassi	Boissons du Cameroun	Fourniture_Pose	9254760	1.41	Lost	0	Terminé	Closed	Precablage mise en service chassis CID TOD	2024-07-31	Clément Tientcheu
PI24482	SABC_Koumassi	Boissons du Cameroun	Fourniture_Pose	9070364	1.5	Lost	0	Terminé	Closed	Precablage mise en service chassis Levurerie et TOD	2024-07-31	Clément Tientcheu
PI24483	SABC_Koumassi	Boissons du Cameroun	Fourniture	7134272	1.9	Lost	0	Terminé	Closed	THERMOMETRES DIGITAL ET PHMETRES PORTATIFS	2024-08-16	Jean Bossango
PI24484	SABC_Koumassi	Boissons du Cameroun	Fourniture	626246	1.8	Lost	0	Terminé	Closed	REMPLACER LE CHARGEUR DE BATTERIE DEFECTUEUX SUR LA POMPE INCENDIE.	2024-08-16	Jean Bossango
PI24485	SOCAVER	Societe Camerounaise des Verrieries	Fourniture	0	1	Lost	0	Annulé	Closed	AUTOMATE D'ALLUMAGE	2024-08-16	Philemon SANDJONG TCHAZOU 
PI24486	SABC_Guiness	Boissons du Cameroun	Fourniture	73828	1.4	Lost	0	Terminé	Closed	Silicone tubes	2024-08-14	Cedric NGAKAM
PI24488	SABC_Ndokoti	Boissons du Cameroun	Fourniture	860800	1.6	3466473	1	Terminé	Closed	DP 3207481 - RELAIS DE SECURITE	2024-08-14	Jean Bossango
PI24489	SIAC	Boissons du Cameroun	Reparation	135000	1.3	3488931	1	Terminé	Closed	Maintenance 3 onduleurs 	2024-08-20	Christel TCHATO
PI24490	SEMC	SEMC	Fourniture	9763065	1.3	Lost	0	Terminé	Closed	ONDULEUR BAIE INFORMATIQUE EN PANNE	2024-08-19	Jean Bossango
PI24491	DIXSTONE	Dixstone Operations Cameroun	Fourniture	1267645	1.4	3303001736	1	Terminé	Closed	Detection (Addressable)	2024-08-21	Alex Amoutse
PI24492	DIXSTONE	Dixstone Operations Cameroun	Fourniture	505600	1.6	Lost	0	Terminé	Closed	BOAT DECK LIGHT SEALED BEAM, WATERPROOF S2R 24V 75/55W	2024-08-21	Alex Amoutse
PI24493	SABC_Koumassi	Boissons du Cameroun	Fourniture	6915244	1.4	Lost	0	Terminé	Closed	ACHAT INVERSEUR AUTOMATIQUE 1000KVA POUR GROUPE ELECTROGENE DU SIEGE	2024-08-21	Jean Bossango
PI24494	SABC_Ndokoti	Boissons du Cameroun	Installation	652000	1.57	3470004	1	Terminé	Closed	PROJET NOUVELLE CIP	2024-08-21	François Atangana
PI24495	SABC_Ndokoti	Boissons du Cameroun	Fourniture	526500	1.3	Lost	0	Terminé	Closed	DEPLACEMENT COFFRET	2024-08-22	François Atangana
PI24496	SABC_Koumassi	Boissons du Cameroun	Fourniture_Pose	9627112	1.33	Lost	0	Terminé	Closed	Fourniture du materiel et installation coffret nouvelle fosse sous-sol brassage	2024-08-21	Clément Tientcheu
PI24497	SABC_Garoua	Boissons du Cameroun	Fourniture	1306800	1.3	3468848	1	Terminé	Closed	(FLUKE 715) BESOINS OUTILS ATELIERS ELECTRIQUE ET CAISSES POUR NOUVEAUX ELECTRICIENS	2024-08-22	Jean Bossango
PI24498	SABC_Garoua	Boissons du Cameroun	Fourniture	8254464	1.4	Lost	0	Terminé	Closed	BESOINS OUTILS ATELIERS ELECTRIQUE ET CAISSES POUR NOUVEAUX ELECTRICIENS	2024-08-22	Jean Bossango
PI24499	SABC_Koumassi	Boissons du Cameroun	Fourniture_Pose	1422000	1.5	Lost	0	Annulé	Closed	Etude et mise en service séquenceur décolmateur moulin	2024-08-24	Judiscael YONKEU HEKOUA
PI24500	DIXSTONE	Dixstone Operations Cameroun	Fourniture	2562300	1.3	Lost	0	Terminé	Closed	Pressure Test Bay - Vidéo Surveillance System	2024-08-26	Alex Amoutse
PI24501	SABC_Bafoussam	Boissons du Cameroun	Fourniture	1099228	1.3	Lost	0	Terminé	Closed	Module migration Micro BOX	2024-08-26	Rosine Kati
PI24502	SABC_Yaounde	Boissons du Cameroun	Fourniture_Pose	17085456	1.44	3485458	1	Terminé	Closed	Protection foudre en zone ATEX	2024-08-23	Rosine Kati
PI24503	SABC_Bafoussam	Boissons du Cameroun	Fourniture	13183274	3.43	Lost	0	Terminé	Closed	DEMANDE D'OFFRE POUR 60 GAMELLES POUR ECLAIRAGE NOUVELLE LIGNE 7 BAFOUSSAM	2024-08-26	Hassan FOUAPON KOUOTOU
PI24504	SABC_Bafoussam	Boissons du Cameroun	Fourniture_Pose	828500	1.3	Lost	0	Terminé	Closed	remplacement câble d'alimentation armoire MEURA à la Meunerie	2024-08-25	Joseph DJIEUBOU 
PI24505	SABC_Yaounde	Boissons du Cameroun	Fourniture	785550	1.3	Lost	0	Terminé	Closed	commande matériel électrique S34 projet siolos Yaoundé 	2024-08-27	Rosine Kati
PI24506	SABC_Koumassi	Boissons du Cameroun	Installation	1278800	1.3	Lost	0	Terminé	Closed	configuration du controller C200	2024-08-23	
PI24507	SEMC	SEMC	Fourniture	304112	1.3	3472919	1	Terminé	Closed	CDE GARNITURES ET FLOTTEURS POUR REMEDIER AU PROBLEME DE REGULATION	2024-08-28	Jean Bossango
PI24508	SABC_Yaounde	Boissons du Cameroun	Fourniture	1092171	1.5	Lost	0	Terminé	Closed	BESOIN DE 200M DE CABLE POUR LE DEPLACEMENT DES SIRENES DES CHAMBRES 	2024-08-28	Cedric NGAKAM
PI24509	SABC_Yaounde	Boissons du Cameroun	Fourniture	0	1	Lost	0	Annulé	Closed	Câble d'alimentation pompe fosse	2024-08-28	Rosine Kati
PI24510	SABC_Koumassi	Boissons du Cameroun	Fourniture_Pose	3408000	1.3	Lost	0	Terminé	Closed	éclairage mezzanine MPR	2024-08-27	Iris Dkouam
PI24511	SABC_Koumassi	Boissons du Cameroun	Fourniture_Pose	533400	1.3	Lost	0	Terminé	Closed	mise en fonctionnement noocturne des 4 pompes des fosses septiques	2024-08-27	Basile DONNANG DONGMO
PI24512	SOCAPALM_Eseka	SOCAPALM		19993038	1.46	Lost	0	Terminé	Closed	Installation armoire pompe alimentaire	2024-08-29	Emmanuel Biyong
PI24513	SOCAPALM_Eseka	SOCAPALM	Fourniture_Pose	15454680	1.64	315/2024	1	Terminé	Closed	Installation nouvelle armoire chaudière 1	2024-08-29	
PI24514	SOCAVER	Societe Camerounaise des Verrieries	Fourniture	1473314	1.6	3473294	1	Terminé	Closed	ACHAT CARTE EXTENSION ET 200M AUTOMATE SIEMENS	2024-09-02	Thierry Ekendjoum
PI24515	SABC_Yaounde	Boissons du Cameroun	Fourniture	6786728	1.3	Lost	0	Terminé	Closed	DP MATERIEL POUR DEVIATION CHEMIN DE CABLES POUR INSTALLATION NOUVEAUX TBF FILTRATION YAOUNDE	2024-09-02	Rosine Kati
PI24516	SIAC	Boissons du Cameroun	Fourniture_Pose	835000	1.3	Lost	0	Terminé	Closed	Fourniture Onduleur	2024-09-02	Christel TCHATO
PI24517	DANGOTE_Dla	DANGOTE CEMENT SA	Fourniture_Pose	7227889	1.56	Lost	0	Terminé	Closed	DCC 2408-25  /Supply & Inst. of three (3) Aviation Lamps - ELECTRICAL	2024-09-03	Benjamin N. Eteh
PI24518	SABC_Koumassi	Boissons du Cameroun	Fourniture	0	1	Lost	0	Annulé	Closed	PR SECURITE bache de stockage CO2	2024-09-04	Jean Bossango
PI24519	SABC_Koumassi	Boissons du Cameroun	Fourniture	1225600	1.6	Lost	0	Terminé	Closed	Chasse aux fuites d'air	2024-09-04	Jean Bossango
PI24512A	SOCAPALM_Eseka	SOCAPALM		23622195	1.3	Lost	0	Terminé	Closed	Installation armoire pompe alimentaire, demarrage progressif	2024-08-30	Emmanuel Biyong
PI24520	SABC_Koumassi	Boissons du Cameroun	Fourniture	575700	1.5	3472042	1	Terminé	Closed	TESTEUR POUR NOUVEAUX ELECTRICIENS ET REMPLACEMENT CEUX HS	2024-09-04	Jean Bossango
PI24521	DANGOTE_Dla	DANGOTE CEMENT SA	Fourniture_Pose	22418650	1.32	Lost	0	Terminé	Closed	Rehabilitation of Lighting at Living Area and Plant	2024-09-04	Benjamin N. Eteh
PI24522	SABC_Koumassi	Boissons du Cameroun	Fourniture	0	1.3	Lost	0	Terminé	Closed	Pour intervention des Electriciens dans les coffrets Electrique	2024-09-05	Jean Bossango
PI24523	SABC_Yaounde	Boissons du Cameroun	Fourniture_Pose	0	1.3	3504603	1	Terminé	Closed	installation éclairage en zone ATEX	2024-08-23	Rosine Kati
PI24524	DANGOTE_Dla	DANGOTE CEMENT SA	Fourniture	2417576	1.4	CM40006680	1	Terminé	Closed	DCC 2409-03 /Few items of INSTRUMENTATION	2024-09-06	Benjamin N. Eteh
PI24525	SABC_Bafoussam	Boissons du Cameroun	Placement_RH	1260000	3.5	Lost	0	Terminé	Closed	DEMMANDE OFFRE POUR TRAVAUX DE LA REVISION ANNUELLE ELECTRIQUES EN CHAINE 4  SEQUENCE 1 PREVUS DU 09/09 AU 14/09/2024 DI219737	2024-09-06	Michel Kenmoe
PI24526	SABC_Bafoussam	Boissons du Cameroun	Placement_RH	1050000	3.5	Lost	0	Terminé	Closed	DEMMANDE OFFRE POUR TRAVAUX DE LA REVISION ANNUELLE ELECTRIQUES EN CHAINE 4  SEQUENCE 1 PREVUS DU 09/09 AU 14/09/2024 DI219738	2024-09-06	Michel Kenmoe
PI24527	SABC_Bafoussam	Boissons du Cameroun	Placement_RH	1050000	3.5	3476395	1	Terminé	Closed	DEMMANDE OFFRE POUR TRAVAUX DE LA REVISION ANNUELLE ELECTRIQUES EN CHAINE 4  SEQUENCE 1 PREVUS DU 09/09 AU 14/09/2024 DI219739	2024-09-06	Michel Kenmoe
PI24528	SOCAPALM_Eseka	SOCAPALM	Fourniture_Pose	5700000	1.9	Lost	0	Terminé	Closed	Mise a jour et certification centrale d'energie Eneo	2024-09-05	Emmanuel Biyong
PI24529	SIAC	Boissons du Cameroun	Reparation	770000	2	3488946	1	Terminé	Closed	Maintenance préventive des onduleurs SIAC	2024-09-07	Christel TCHATO
PI24530	SABC_Bafoussam	Boissons du Cameroun	Fourniture	7714000	1.52	Lost	0	Terminé	Closed	REMPLACEMENT DU CABLE DEFECTUEUX ALIMENTATION MEUNERIE	2024-09-09	Cedric NGAKAM
PI24531	SABC_Ndokoti	Boissons du Cameroun	Fourniture	0	1	Lost	0	Annulé	Closed	PDS POUR AFFICHAGE VALEUR TEMPERATURE PISETTE ET RESERVOIR	2024-09-09	Jean Bossango
PI24532	SCDP Depot de Bessengue	SCDP	Fourniture_Pose	7200000	1.7	Lost	0	Terminé	Closed	REMISE EN SERVICE DE L'ONDULEUR 10KVA A LA SALLE DE CONTROLE DE VIDEOSURVEILLANCE AU DEPOT SCDP DE BESSENGUE	2024-09-10	Florent Abono
PI24533	SABC_Ndokoti	Boissons du Cameroun	Fourniture	77663040	1.4	Lost	0	Terminé	Closed	TRAVAUX D'INSTALLATION DES EXTRACTEURS DE CHALEUR EN ZONE DE PRODUCTION	2024-09-10	Jean Bossango
PI24534	SABC_Koumassi	Boissons du Cameroun	Fourniture_Pose	14096700	1.34	Lost	0	Terminé	Closed	Consultation Pour Fourniture et Pose de trois Onduleurs 20KVA tri/tri à SABC Usine de KOUMASSI	2024-09-11	Iris Dkouam
PI24535	SABC_Koumassi	Boissons du Cameroun	Fourniture_Pose	14096700	1.34	Lost	0	Terminé	Closed	Consultation Pour Fourniture et Pose de trois Onduleurs 20KVA tri/tri à SABC Usine de KOUMASSI	2024-09-11	Iris Dkouam
PI24536	SABC_Koumassi	Boissons du Cameroun	Fourniture_Pose	14239700	1.34	Lost	0	Terminé	Closed	Consultation Pour Fourniture et Pose de trois Onduleurs 20KVA tri/tri à SABC Usine de KOUMASSI	2024-09-11	Iris Dkouam
PI24537	DANGOTE_Dla	DANGOTE CEMENT SA	Fourniture_Pose	294736	2.6	CM42009173	1	Terminé	Closed	Supply and Installation of DOORBELLS at STORE	2024-09-11	Lambi Mandjeck
PI24538	DANGOTE_Dla	DANGOTE CEMENT SA	Fourniture	3505265	1.25	CM40006672	1	Terminé	Closed	Few items for ELECTRICAL	2024-09-12	Benjamin N. Eteh
PI24539	SABC_Koumassi	Boissons du Cameroun	Fourniture	198800	1.4	Lost	0	Terminé	Closed	PR SECURITE POUR REMPLACER CABLE HS CONNECTION CONSOL-API	2024-09-11	Jean Bossango
PI24540	SABC_Yaounde	Boissons du Cameroun	Fourniture	1224000	1.3	3473586	1	Terminé	Closed	DEMANDE D'OFFRE POUR MATERIEL PROJETS YAOUNDE - S27	2024-09-13	Rosine Kati
PI24541	SOCAVER	Societe Camerounaise des Verrieries	Fourniture	3755520	1.6	3473095	1	Terminé	Closed	INTERRUPTEUR FIN DE COURSE	2024-09-13	Philemon SANDJONG TCHAZOU 
PI24541-A	SABC_Bafoussam	Boissons du Cameroun	Placement_RH	175000	3.5	3476395	1	Terminé	Closed	Travaux de la revision annuelle  électrique en chaine 4 sequence 1 prevue le 15/9	2024-08-29	Michel Kenmoe
PI24542	SABC_Bafoussam	Boissons du Cameroun	Placement_RH	175000	3.5	Lost	0	Terminé	Closed	DEMANDE OFFRE POUR TRAVAUX DE LA REVISION ANNUELLE ELECTRIQUES EN CHAINE 4  SEQUENCE 1 PREVUS DU 09/09 AU 14/09/2024 DI219739	2024-09-14	
PI24543	PAK	PORT AUTONOME DE KRIBI	Installation	0	1	Lost	0	Annulé	Closed	Configuration communication compteurs d'energie	2024-09-14	
PI24544	SABC_Ndokoti	Boissons du Cameroun	Fourniture	1097523	1.5	CM40006672	1	Terminé	Closed	Carte de communication profinet côté variateur groupe froid AXIMA NDOKOT	2024-09-16	Jean Bossango
PI24545	SCDP Depot de Bessengue	SCDP	Fourniture_Pose	2370000	1.53	2024000506	1	Terminé	Closed	REHABILITATION DES PROJECTEURS DES MIRADORS DU DEP£OT SCDP BESSENGUE	2024-09-15	Francois OUNKAP
PI24546	HBO_Clients	HBO	Fourniture_Pose	7185480	1.62	Lost	0	Terminé	Closed	Eclairage Architectural Facade Hotel (Fredy Emah)	2024-09-01	Brice Nyasse
PI24547	DIXSTONE	Dixstone Operations Cameroun	Fourniture	286000	1.3	Lost	0	Terminé	Closed	FIRE EXTINGUISHER FOAM AB-TYPE, WATER CAPACITY 9LTR	2024-09-18	Alex Amoutse
PI24548	DIXSTONE	Dixstone Operations Cameroun	Fourniture	204439	1.3	Lost	0	Terminé	Closed	DECK/ ACETYLENE/OXYGENE CYLINERS SERVICE	2024-09-18	Alex Amoutse
PI24549	SABC_Ndokoti	Boissons du Cameroun	Fourniture_Pose	500000	1	Lost	0	Terminé	Closed	PROPOSITION DE DEMANTELEMENT DU BATIMENT SALLE DE REUNION MAINTENANCE	2024-09-17	François Atangana
PI24550	SABC_Ndokoti	Boissons du Cameroun	Fourniture_Pose	300000	1	Lost	0	Terminé	Closed	PROPOSITION DEMANTELEMENT DU BATIMENT SALLE DE REUNION MAINTENANCE	2024-09-17	François Atangana
PI24551	SABC_Ndokoti	Boissons du Cameroun	Fourniture_Pose	4490009	2.1	3497112	1	Terminé	Closed	ALIMENATION EN ECLAIRAGE DE L'EXTENSION DE L'ANCIEN MAGASIN MPC	2024-09-17	François Atangana
PI24552	SABC_Ndokoti	Boissons du Cameroun	Fourniture_Pose	9601443	1.49	Lost	0	Terminé	Closed	DEMANTELEMENT DU SITE ET ALIMENTATION EN ECLAIRAGE DU NOUVEAU MAGASIN MPC	2024-09-17	François Atangana
PI24553	SABC_Koumassi	Boissons du Cameroun	Fourniture	5760000	1.6	Lost	0	Terminé	Closed	FUSIBLE MT FUSARC CF-24/40 24KV 40A	2024-09-20	Jean Bossango
PI24554	SABC_Koumassi	Boissons du Cameroun	Fourniture	0	1	Lost	0	Annulé	Closed	FUSIBLE MT FUSARC CF-24/80 24KV 80A	2024-09-20	
PI24555	DIXSTONE	Dixstone Operations Cameroun	Fourniture	2464000	1.6	Lost	0	Terminé	Closed	Navigation Lamps E 26 , 60 W , 22	2024-09-19	Alex Amoutse
PI24556	SABC_Koumassi	Boissons du Cameroun	Fourniture	8657600	1.4	Lost	0	Terminé	Closed	CABLES POUR ENTRETIEN MOTEURS ET RESOLUTION NON CONFORMITE ELECTRIQUE CONDITIONNEMENT	2024-09-18	Jean Bossango
PI24557	SABC_Ndokoti	Boissons du Cameroun	Fourniture	490420	1.4	Lost	0	Terminé	Closed	PDR pour pilotage des variateurs	2024-09-18	Jean Bossango
PI24558	SABC_Koumassi	Boissons du Cameroun	Fourniture_Pose	3128178	1.32	Lost	0	Terminé	Closed	travaux asservissement bac à soude brassage	2024-09-18	Clément Tientcheu
PI24559	SABC_Yaounde	Boissons du Cameroun	Installation	2800000	1.3	3476478	1	Terminé	Closed	configuration carte Profibus Tsx PBY100 sur PL7PRO de TSX PREMIUM dans le programme convoyeurs de bouteille Yaoundé chaine5	2024-09-13	Rosine Kati
PI24560	SABC_Ndokoti	Boissons du Cameroun	Fourniture	650000	1.3	Lost	0	Terminé	Closed	POUR ASSERVISSEMENT POMPE SOUDE A LA 
STATION CIP MIXTE	2024-09-24	Jean Bossango
PI24561	SOCAVER	Societe Camerounaise des Verrieries	Metrologie	1978000	2.15	3481309	1	Terminé	Closed	Etalonnage et Verification des compteur d'eau	2024-09-16	Thierry Ekendjoum
PI24562	DANGOTE_Dla	DANGOTE CEMENT SA	Fourniture_Pose	16250160	1.27	Lost	0	Terminé	Closed	Living area New Office building	2024-09-24	Benjamin N. Eteh
PI24563	SABC_Yaounde	Boissons du Cameroun	Fourniture_Pose	1498800	1.27	Lost	0	Terminé	Closed	METTRE EN ETAT LE COFFRET DE DISTRIBUTION ET PRISES DE COURANT EN FILTRATION	2024-09-24	Christian MBOGOS MBA
PI24564	SABC_Yaounde	Boissons du Cameroun	Fourniture_Pose	2451050	1.34	Lost	0	Terminé	Closed	MISE EN CONFORMITE LE COFFRET ECLAIRAGE MAGASIN PRODUITS MU	2024-09-24	Christian MBOGOS MBA
PI24565	SOCAVER	Societe Camerounaise des Verrieries	Fourniture	1886640	1.5	Lost	0	Terminé	Closed	appareil de cerclage et soudage des feuillard PEHD	2024-09-24	Philemon SANDJONG TCHAZOU 
PI24566	SABC_Yaounde	Boissons du Cameroun	Fourniture	2029250	1.5	Lost	0	Terminé	Closed	fourniture projecteur et barrette de domino de 16	2024-09-25	
PI24567	SABC_Koumassi	Boissons du Cameroun	Fourniture_Pose	831000	1.54	Regul	1	Terminé	Closed	Remplacement repartiteur (sans disjoncteur differentiel)	2024-09-19	Clément Tientcheu
PI24568	SABC_Koumassi	Boissons du Cameroun	Fourniture_Pose	1202900	1.51	Lost	0	Terminé	Closed	Remplacement repartiteur	2024-09-19	Clément Tientcheu
PI24569	SABC_Bafoussam	Boissons du Cameroun	Fourniture_Pose	0	1	Lost	0	Annulé	Closed	maiintenance des posteset MT	2024-09-25	Joseph DJIEUBOU 
PI24570	DANGOTE_Dla	DANGOTE CEMENT SA	Fourniture_Pose	80000	2	Lost	0	Terminé	Closed	Supply and installation of LED 1.20 light fittings HEAD OFFICE	2024-09-25	Lambi Mandjeck
PI24571	DANGOTE_Dla	DANGOTE CEMENT SA	Fourniture_Pose	483600	1.95	Lost	0	Terminé	Closed	Supply and installation of Industrial fans (STORE, HEAD OFFICE, BIKE PARKING, SPEED APRO)	2024-09-25	Lambi Mandjeck
PI24572	SEMC	SEMC	Fourniture	12264169	1.45	Lost	0	Terminé	Closed	Appareil de mesure & CENTRALE DE MESURE	2024-10-01	Jean Bossango
PI24573	SEMC	SEMC	Fourniture_Pose	0	1.3	Lost	0	Terminé	Closed	Travaux de réamenagement ancienne infirmerie en bureau lot électricité	2024-09-23	Fred Ewande Abdou
PI24574	SEMC	SEMC	Fourniture_Pose	461500	1.3	Lost	0	Terminé	Closed	Travaux de réamenagement ancienne infirmerie en bureau lot climatisation	2024-09-23	Fred Ewande Abdou
PI24575	SABC_Koumassi	Boissons du Cameroun	Fourniture	120549766	1.53	Lost	0	Terminé	Closed	REAPPROVISIONNEMENT CONSOMMABLES ET ACCESSOIRES ELECTRIQUES	2024-09-27	Jean Bossango
PI24576	SABC_Koumassi	Boissons du Cameroun	Fourniture	824576	1.6	Lost	0	Terminé	Closed	Pour Prise et Mesure Intensité éclairage des Locaux et Bureaux Usine	2024-09-27	Jean Bossango
PI24577	SABC_Koumassi	Boissons du Cameroun	Fourniture_Pose	0	1.3	3482645	1	Terminé	Closed	Travaux de rehabilitation éclairage du nouveau bureau chef atelier TOD et bureau des assurances usine Koumassi	2024-10-02	
PI24578	SABC_Ndokoti	Boissons du Cameroun	Fourniture	1927752	1.4	Lost	0	Terminé	Closed	Piece de rechange pour remplacemnt en cas de panne	2024-10-03	Jean Bossango
PI24579	SABC_Ndokoti	Boissons du Cameroun	Fourniture	6109505	1.4	Lost	0	Terminé	Closed	PDR POUR REMPLACEMENT VIBREUR DEFECTUEUX	2024-10-03	Jean Bossango
PI24580	SABC_Ndokoti	Boissons du Cameroun	Fourniture	5803952	1.4	Lost	0	Terminé	Closed	PR POUR OUTILLAGE COMMUN	2024-10-03	Jean Bossango
PI24581	SABC_Ndokoti	Boissons du Cameroun	Fourniture	191408	1.4	Lost	0	Terminé	Closed	POUR DEPANAGE DE LA BOUCLE DE MESURE DE LA TEMPERATURE 	2024-10-03	Jean Bossango
PI24582	SOCAVER	Societe Camerounaise des Verrieries	Fourniture_Pose	6521850	1.25	3514879	1	Terminé	Closed	COMMANDE À DISTANCE DE LA POMPES INCENDIE THERMIQUE DANS LE CADRE DU CHANTIER FOUR 2	2024-10-03	Cecile TCHUIENCHE
PI24583	SABC_Garoua	Boissons du Cameroun	Fourniture_Pose	20737636	1.47	Lost	0	Terminé	Closed	MATERIELS ELECTRIQUES SUPPLEMENTAIRES PROJET MIGRATION FILTRATION GAROUA	2024-10-03	Rosine Kati
PI24584	SOCAVER	Societe Camerounaise des Verrieries	Fourniture_Pose	1960870	1.28	Lost	0	Terminé	Closed	RÉHABILITATION DES ASPIRATEURS DE PARTICULES (EXHAUSTEURS) À LA MPC DANS LE CADRE DU CHANTIER FOUR2	2024-10-03	Cecile TCHUIENCHE
PI24585	SABC_Garoua	Boissons du Cameroun	Fourniture_Pose	5491500	2.62	3539696	1	Terminé	Closed	Migration upgrade automatisme filtration Garoua 	2024-10-03	Rosine Kati
PI24586	SABC_Bafoussam	Boissons du Cameroun	Fourniture_Pose	5491500	2.62	3481885	1	Terminé	Closed	Migration upgrade automatisme filtration Bafoussam 	2024-10-03	Hassan FOUAPON KOUOTOU
PI24587	SABC_Garoua	Boissons du Cameroun	Fourniture	20737636	1.47	Lost	0	Terminé	Closed	MATERIELS ELECTRIQUES SUPPLEMENTAIRES PROJET MIGRATION ONEX/MULTIBLENDER GAROUA	2024-10-03	Rosine Kati
PI24588	SABC_Bafoussam	Boissons du Cameroun	Fourniture	20737636	1.47	Lost	0	Terminé	Closed	MATERIEL ELECTRIQUE SUPPLEMENTAIRE PROJET MIGRATION FILTRATION BAFOUSSAM 	2024-10-04	Hassan FOUAPON KOUOTOU
PI24589	DIXSTONE	Dixstone Operations Cameroun	Fourniture	1396368	1.8	Lost	0	Terminé	Closed	LINE THROWING DEVICE ROCKET	2024-10-04	Alex Amoutse
PI24590	DANGOTE_Dla	DANGOTE CEMENT SA	Fourniture_Pose	3408400	1.33	Lost	0	Terminé	Closed	Hot Gaz JB Installation. 	2024-10-07	Benjamin N. Eteh
PI24591	HBO_Clients	HBO	Fourniture_Pose	32548506	1.7	Lost	0	Terminé	Closed	installation du chiller moulage masse (sic cacao)	2024-10-07	
PI24592	SABC_Koumassi	Boissons du Cameroun	Fourniture_Pose	3733600	1.76	Lost	0	Terminé	Closed	CONSULTATION POUR OFFRE D'ASSAINISSEMENT ET INSTALLATION DES 04 PROJECTEURS DE 150W CHACUNS 	2024-10-08	Iris Dkouam
PI24593	SABC_Garoua	Boissons du Cameroun	Fourniture	8997363	1.4	Lost	0	Terminé	Closed	MATERIELS AUTOMATISMES SUPPLEMENTAIRES PROJET MIGRATION ONEX/MULTIBLENDER	2024-10-09	Rosine Kati
PI24594	SABC_Garoua	Boissons du Cameroun	Fourniture	4963960	1.4	Lost	0	Terminé	Closed	MATERIELS AUTOMATISMES SUPPLEMENTAIRES PROJET MIGRATION ONEX/MULTIBLENDER	2024-10-09	Rosine Kati
PI24595	SABC_Garoua	Boissons du Cameroun	Fourniture	4963960	1.4	Lost	0	Terminé	Closed	MATERIELS ELECTRIQUES SUPPLEMENTAIRES PROJET MIGRATION FILTRATION	2024-10-09	Rosine Kati
PI24596	SABC_Garoua	Boissons du Cameroun	Fourniture	7338511	1.4	Lost	0	Terminé	Closed	MATERIELS ELECTRIQUES SUPPLEMENTAIRES PROJET MIGRATION FILTRATION	2024-10-09	Rosine Kati
PI24597	SABC_Bafoussam	Boissons du Cameroun	Fourniture	7338511	1.4	Lost	0	Terminé	Closed	MATERIEL AUTOMATISME SUPPLEMENTAIRE PROJET MIGRATION FILTRATION BAFOUSSAM 	2024-10-11	Hassan FOUAPON KOUOTOU
PI24598	SABC_Koumassi	Boissons du Cameroun	Fourniture	136353	2	Lost	0	Terminé	Closed	FOURNITURE FILAMENT PLA NOIR POUR IMPRIMANT 3D CENTRE DE FORMATION(EX-BVS)	2024-10-11	Jean Bossango
PI24599	SABC_Koumassi	Boissons du Cameroun	Fourniture_Pose	1782500	1.25	Lost	0	Terminé	Closed	CONSULTATION POUR OFFRE D'ASSAINISSEMENT ET INSTALLATION DES 04 PROJECTEURS DE 150W CHACUNS DANS LA ZONE ANCIEN PALETTISEUR ET DEPALETTISSEUR CHAINE 4 ET CHAINE 5 	2024-10-14	Iris Dkouam
PI24600	SABC_Bafoussam	Boissons du Cameroun	Fourniture	
4,963,960 	1.4	Lost	0	Terminé	Closed	DEMANDE DE PRIX 3212564 / MATERIEL ELECTRIQUE SUPPLEMENTAIRE PROJET MIGRATION FILTRATION BAFOUSSAM 	2024-10-14	Hassan FOUAPON KOUOTOU
PI24601	BOCOM 	BOCOM PETROLEUM SA		22885832	1.46	Lost	0	Terminé	Closed	FOURNITURE DU MATRIEL ELECTRIQUE	2024-10-15	Valdyce Mbogoum
PI24602	SABC_Yaounde	Boissons du Cameroun	Fourniture	348488	1.4	Lost	0	Terminé	Closed	carte optionnelle de communication Profibus VW3A3307 - YAOUNDE	2024-10-21	Rosine Kati
PI24603	SABC_Koumassi	Boissons du Cameroun	Fourniture	2900000	1.45	Lost	0	Terminé	Closed	PROJET ENREGISTREMENT DONNEES HYGROMETRIE SALLE DES MACHINES DES USINES	2024-10-22	Rosine Kati
PI24604	SABC_Ndokoti	Boissons du Cameroun		14197898	1.4	Lost	0	Terminé	Closed	PDR POUR SECURITE DES CORPS METALIQUES	2024-10-23	Jean Bossango
PI24605	SABC_Ndokoti	Boissons du Cameroun	Fourniture	1313399	1.5	Lost	0	Terminé	Closed	BALANCE POUR PESAGE DES ADITTIFS AU TRAITEMENT DES EAUX	2024-10-23	Jean Bossango
PI24606	DIXSTONE	Dixstone Operations Cameroun	Fourniture	12398515	1.5	Lost	0	Terminé	Closed	DOS/CAMEROUN ***MR-CM-STI-0173***  STIM Spares Parts	2024-10-23	Alex Amoutse
PI24607	SABC_Ndokoti	Boissons du Cameroun	Fourniture	1076016	1.45	Lost	0	Terminé	Closed	SUIVI GRAISSAGE DES CONVOYEURS DE L'USINE	2024-10-23	Jean Bossango
PI24608	SABC_Yaounde	Boissons du Cameroun	Fourniture	2036600	1.7	Lost	0	Terminé	Closed	Automate CPU REF: 6ES7516-3AN01-OABO 24VCC 0.85A	2024-10-24	Michel KAMGA DZETCHU 
PI24609	DANGOTE_Dla	DANGOTE CEMENT SA	Fourniture_Pose	10178370	1.23	CM42009292	1	Terminé	Closed	DCC 2410 - 19 /Power Supply for AC splits units @HO - ELECTRICAL	2024-10-24	Iloga Gerard
PI24610	SABC_Garoua	Boissons du Cameroun	Fourniture	15438072	1.48	Lost	0	Terminé	Closed	REMPLACEMENT DES BATTERIES RBO INFORMATIQUE VETUSTES	2024-10-28	Jean Bossango
PI24611	SABC_Koumassi	Boissons du Cameroun		2558300	1.35	Lost	0	Terminé	Closed	CONSULTATION POUR INSTALLATION D'ECLAIRAGE DANS LA ZONE ANCIEN CHAINE 4 CHAINE 5 	2024-10-28	
PI24613	DIXSTONE	Dixstone Operations Cameroun	Fourniture	754000	1.48	Lost	0	Terminé	Closed	CYLINDER REFRIGERANT	2024-10-29	Alex Amoutse
PI24614	DANGOTE_Dla	DANGOTE CEMENT SA	Fourniture_Pose	4722800	1.3	Lost	0	Terminé	Closed	DCS PLC Annual Maintenance - INSTRUMENTATION	2024-10-29	Benjamin N. Eteh
PI24615	SABC_Koumassi	Boissons du Cameroun	Fourniture	950950	1.3	Lost	0	Terminé	Closed	REAPPROVISIONNEMENT CONSOMMABLES ET ACCESSOIRES ELECTRIQUES	2024-10-30	Jean Bossango
PI24616	SEMC	SEMC	Fourniture	1475172	1.5	Lost	0	Terminé	Closed	COMMANDE CABLE ADAPTATEUR PLC	2024-10-30	Jean Bossango
PI24617	SABC_Garoua	Boissons du Cameroun	Fourniture	2808500	1.37	3486554	1	Terminé	Closed	câbles électrique pour instrumentation nouveaux TOD GAROUA 	2024-10-30	Rosine Kati
PI24618	SABC_Bafoussam	Boissons du Cameroun	Reparation	280000	1.3	Lost	0	Terminé	Closed	TRAVAUX DE LA REVISION ENTRETIEN ELECTRIQUES EN CHAINE 4	2024-10-29	Michel Kenmoe
PI24619	SABC_Bafoussam	Boissons du Cameroun	Reparation	140000	1.3	3577328	1	Terminé	Closed	TRAVAUX D'ENTRETIEN ELECTRIQUES LIGNE 5	2024-10-29	Alexandre PENDA NKONGO MBEA
PI24620	SABC_Ndokoti	Boissons du Cameroun	Fourniture	5621893	1.41	3489430	1	Terminé	Closed	Échange des signaux. 	2024-10-30	Cedric NGAKAM
PI24621-6	SIAC	Boissons du Cameroun	Fourniture_Pose	4072200	1	3512033	1	Terminé	Closed	MEC coffrets bâtiment administratif	2024-10-21	Christel TCHATO
PI24621-1	SIAC	Boissons du Cameroun		4072200	1.4	3497789	1	Terminé	Closed	MEC Tableau electrique - Batiment administratif	2024-11-20	Christel TCHATO
PI24622	SABC_Bafoussam	Boissons du Cameroun	Fourniture_Pose	175000	1.3	Lost	0	Terminé	Closed	Remplacement des câbles de terre à la step	2024-11-01	Anicet GHISLAIN FOKA
PI24623	SABC_Bafoussam	Boissons du Cameroun	Placement_RH	112500	1.3	Lost	0	Terminé	Closed	électriciens pour travaux de maintenance fin de mos d'octobre 2024	2024-10-31	Anicet GHISLAIN FOKA
PI24624	DIXSTONE	Dixstone Operations Cameroun	Fourniture	638820	1.4	3303002151	1	Terminé	Closed	DOS/STIMULATION MR-3662-STI - Matériels pour l’installation électrique de la test bay Room	2024-11-01	Alex Amoutse
PI24625	SABC_Bafoussam	Boissons du Cameroun	Fourniture	0	1.3	Lost	0	Terminé	Closed	Comptage Energie électrique Nouvelle ligne 7 Bafoussam	2024-11-05	Hassan FOUAPON KOUOTOU
PI24626	SABC_Koumassi	Boissons du Cameroun	Fourniture_Pose	235000	1.4	Lost	0	Terminé	Closed	Fourniture et Installation 05 blocs de Prisses Mosaïque	2024-11-01	Basile DONNANG DONGMO
PI24627	SABC_Koumassi	Boissons du Cameroun	Fourniture_Pose	1677090	1.3	Lost	0	Terminé	Closed	REALISATION TRAVAUX D'ECLAIRAGE NOUVEAUX CHANTIERS (toilette entrée infirmerie)	2024-11-06	Basile DONNANG DONGMO
PI24628	SABC_Koumassi	Boissons du Cameroun	Fourniture	7126144	1.6	Lost	0	Terminé	Closed	REMPLACEMENT DES MANCHONS COMPENSATEUR DILATOFLEX DEFECTUEUX PREAMPATEURS MALT/MAÏS ET CONDUITE BAC TAMPON SALLE 1	2024-11-06	Jean Bossango
PI24629	DANGOTE_Dla	DANGOTE CEMENT SA	Fourniture	206400	1.5	42009392	1	Terminé	Closed	Founiture Bobine 24VDC ASCO	2024-11-06	Martin-Pierre DOOH
PI24630	DANGOTE_Dla	DANGOTE CEMENT SA	Fourniture	2938000	1.3	Lost	0	Terminé	Closed	 Supply for few lighting fittings & Consumables  - ELECTRICAL	2024-11-09	Benjamin N. Eteh
PI24631	SABC_Ndokoti	Boissons du Cameroun	Fourniture	0	1.35	Lost	0	Terminé	Closed	MATERIELS POUR ALIMENTATION DE LA LIGNE 16 NDOKOTI	2024-11-10	
PI24632	SABC_Koumassi	Boissons du Cameroun	Fourniture_Pose	980300	1.4	Lost	0	Terminé	Closed	REALISATION TRAVAUX D'ECLAIRAGE NOUVEAUX CHANTIERS (nouveau bureau magasin MPR)	2024-11-10	Basile DONNANG DONGMO
PI24633	SABC_Koumassi	Boissons du Cameroun	Fourniture_Pose	745400	1.4	Lost	0	Terminé	Closed	REALISATION TRAVAUX D'ECLAIRAGE NOUVEAUX CHANTIERS (local huile MPR)	2024-11-10	Basile DONNANG DONGMO
PI24634	SIAC	Boissons du Cameroun	Fourniture_Pose	0	1.3	3488929	1	Terminé	Closed	REPARATION ONDULEUR 2KVA	2024-11-12	Christel TCHATO
PI24635	DANGOTE_Dla	DANGOTE CEMENT SA	Fourniture_Pose	408100	1.33	CM42009312	1	Terminé	Closed	Supply and Installation of LED light fittings, staircase  - head office	2024-11-13	Iloga Gerard
PI24636	SABC_Koumassi	Boissons du Cameroun	Fourniture_Pose	32544661	1.32	Lost	0	Terminé	Closed	FOURNITURE ET INSTALLATION BATTERIES DE CONDENSATION	2024-11-08	Roland Jani
PI24637	SABC_Yaounde	Boissons du Cameroun	Fourniture	7788000	1.33	Lost	0	Terminé	Closed	MATERIEL POUR RACCORDEMENTS ELCTRIQUES NOUVEAUX TOD YAOUNDE	2024-11-14	Rosine Kati
PI24638	SABC_Yaounde	Boissons du Cameroun	Fourniture	1386000	1.4	3489316	1	Terminé	Closed	CABLE ET CONNECTEUR	2024-11-14	Michel KAMGA DZETCHU 
PI24639	DANGOTE_Dla	DANGOTE CEMENT SA	Fourniture	3813558	1.2	Lost	0	Terminé	Closed	Replacement contact pieces for 3RT1056 - ELECTRICAL	2024-11-13	Benjamin N. Eteh
PI24640	SABC_Koumassi	Boissons du Cameroun	Fourniture_Pose	23050000	1.41	Lost	0	Terminé	Closed	Changement Départ Alimentation Nouveaux Locaux des Electriciens 	2024-11-17	Clément Tientcheu
PI24641	SABC_Bafoussam	Boissons du Cameroun	Fourniture	3372074	1.47	3489792	1	Terminé	Closed	Offre pour fourniture de matériel automatisme échanges de signaux ligne 7 Bafoussam	2024-11-20	Hassan FOUAPON KOUOTOU
PI24642	DIXSTONE	Dixstone Operations Cameroun	Fourniture	12957432	1.41	Lost	0	Terminé	Closed	DOS/CIMENTATION MR-1058-CIM - Electrical Protection	2024-11-20	Alex Amoutse
PI24643	DIXSTONE	Dixstone Operations Cameroun	Fourniture	2597439	1.36	Lost	0	Terminé	Closed	DOS/CIMENTATION MR1059-CIM - Electrical Spares for Cement BANBA	2024-11-20	Alex Amoutse
PI24644	SABC_Bafoussam	Boissons du Cameroun	Fourniture_Pose	0	1	Lost	0	Annulé	Closed	correction ecarts mesure et identification des terres Zone SGX/FAB/Ch4/CH5/MLU suivant rapport Veritas	2024-11-20	Joseph DJIEUBOU 
PI24645	SABC_Bafoussam	Boissons du Cameroun	Fourniture_Pose	0	1	Lost	0	Annulé	Closed	fourniture et pose de deux ventilateurs extracteur à la Meunerie	2024-11-20	Joseph DJIEUBOU 
PI24646	SABC_Bafoussam	Boissons du Cameroun	Fourniture	20941715	1.31	3491435	1	Terminé	Closed	Matériel pour armoire de commande pompes eau glycolée de la nouvelle ligne 7	2024-11-21	Rosine Kati
PI24647	DIXSTONE	Dixstone Operations Cameroun	Fourniture	844800	1.6	Lost	0	Terminé	Closed	BMX Power supply replacement for ADN130 Batch Mixer	2024-11-21	Alex Amoutse
PI24648	DANGOTE_Dla	DANGOTE CEMENT SA	Fourniture_Pose	0	1	Lost	0	Annulé	Closed	Supply & Inst Control Transformer 87Crane & Supply & Inst of Pendant Control 87 Hoist - ELECTRICAL	2024-11-22	Benjamin N. Eteh
PI24649	SABC_Bafoussam	Boissons du Cameroun	Fourniture_Pose	3196480	1.4	Lost	0	Terminé	Closed	Comptage Energie électrique Nouvelle ligne 7 BAFOUSSAM	2024-11-21	Rosine Kati
PI24650	SABC_Yaounde	Boissons du Cameroun	Fourniture_Pose	13877266	1.3	Lost	0	Terminé	Closed	Matériel pour installation éclairage silos YAOUNDE	2024-11-22	Rosine Kati
PI24651	SABC_Bafoussam	Boissons du Cameroun	Fourniture	1332000	1.48	3491433	1	Terminé	Closed	CONSOLE D'INTERVENTION AUTOMATISME ET INSTRUMENTATION SUR LA NOUVELLE LIGNE 7 BAFOUSSAM	2024-11-22	Hassan FOUAPON KOUOTOU
PI24652	DANGOTE_Dla	DANGOTE CEMENT SA	Fourniture	234000	1.3	42009391	1	Terminé	Closed	Supply of contactors 7.5kw	2024-11-26	Lambi Mandjeck
PI24653	SIAC	Boissons du Cameroun	Installation	1377600	1.3	Lost	0	Terminé	Closed	TRAVAUX DE DEPOSE BANDEROLEUSE ET ASSAINISSEMENT DE CABLES	2024-11-22	Christel TCHATO
PI24654	SIAC	Boissons du Cameroun	Installation	0	1.3	Lost	0	Terminé	Closed	TRAVAUX D'INSTALLATION NOUVELLE BANDEROLEUSE SIAC	2024-11-22	Christel TCHATO
PI24655	SIAC	Boissons du Cameroun	Fourniture_Pose	3291500	1.4	Lost	0	Terminé	Closed	MEC COFFRET COULOIR MISTERCLEAN	2024-11-26	Christel TCHATO
PI24656	SIAC	Boissons du Cameroun	Fourniture_Pose	1277500	1.4	Lost	0	Terminé	Closed	MEC COFFRET ECLAIRAGE MPR - ZONE COLORANT POUR BIERE	2024-11-26	Christel TCHATO
PI24657	SIAC	Boissons du Cameroun	Fourniture_Pose	0	1	Lost	0	Annulé	Closed		2024-11-26	Christel TCHATO
PI24658	SABC_Bafoussam	Boissons du Cameroun	Placement_RH	140000	3.5	Lost	0	Terminé	Closed	FOURNITURE DE 04 ELECTRICIENS POUR ENTRETIEN FIN DE MOIS 	2024-11-28	
PI24659	SEMC	SEMC	Fourniture_Pose	430000	1.3	3494841	1	Terminé	Closed	ASSAINISSEMENT CÂBLE RÉSEAU ETHERNET SUR LA SOUTIREUSE CH3.	2024-11-26	Voltaire Tchotchou
PI24660	SIAC	Boissons du Cameroun	Fourniture_Pose	1105000	1.4	3497788	1	Terminé	Closed	MEC COFFRET ALIMENTATION 2 MAGASIN CENTRAL	2024-11-26	Christel TCHATO
PI24661	SIAC	Boissons du Cameroun	Fourniture_Pose	4541000	1.3	Lost	0	Terminé	Closed	MEC MAGASIN PRODUITS CHIMIQUES	2024-11-26	Christel TCHATO
PI24662	SABC_Ndokoti	Boissons du Cameroun	Placement_RH	66472320	1.3	Lost	0	Terminé	Closed	Maintenance Electrique et Groupe Electrogènes CD et CC Littoral et Ouest 2025-2026	2024-11-27	
PI24663	SABC_Koumassi	Boissons du Cameroun	Placement_RH	57148800	1.3	Lost	0	Terminé	Closed	Maintenance Electrique et Groupe Electrogènes CD et CC Littoral et Ouest 2025-2026	2024-11-27	
PI24664	SABC_Bafoussam	Boissons du Cameroun	Placement_RH	0	1.3	Lost	0	Terminé	Closed	Maintenance Electrique et Groupe Electrogènes CD et CC Littoral et Ouest 2025-2026	2024-11-27	
PI24665	DANGOTE_Dla	DANGOTE CEMENT SA	Fourniture	165000	1.5	Regul	1	Terminé	Closed	Kit de raccord pour câble électrique à  base de résine.	2024-12-04	Lambi Mandjeck
PI24666	SABC_Bafoussam	Boissons du Cameroun	Fourniture_Pose	0	1	Lost	0	Annulé	Closed	fourniture et installation de trois compteurs d 'énergie électrique départ nouveaux équipements	2024-12-03	Joseph DJIEUBOU 
PI24667	SABC_Yaounde	Boissons du Cameroun	Fourniture_Pose	2672826	1.4	Lost	0	Terminé	Closed	COMMANDE DU MATERIEL POUR NOUVELLE FOSSE DE RELEVAGE DES EAUX USEES DES TOD	2024-12-03	Rosine Kati
PI24668	SIAC	Boissons du Cameroun	Fourniture_Pose	613524	1.41	Lost	0	Terminé	Closed	Porte d'accès guérite	2024-12-06	Christel TCHATO
PI24669	SOCAPALM_Eseka	SOCAPALM	Fourniture_Pose	65777875	1.44	Lost	0	Terminé	Closed	TRAVAUX DE MISE EN CONFORMITE DU SYSTÈME DE PROTECTION FOUDRE ET RESEAU DE TERRE (Testable à distance)	2024-12-07	Anne Chantal Ngo Ngidjol
PI24669A	SOCAPALM_Eseka	SOCAPALM	Fourniture_Pose	51262675	1.44	Lost	0	Terminé	Closed	TRAVAUX DE MISE EN CONFORMITE DU SYSTÈME DE PROTECTION FOUDRE ET RESEAU DE TERRE	2024-12-08	Anne Chantal Ngo Ngidjol
PI24670	SABC_Koumassi	Boissons du Cameroun	Fourniture_Pose	0	1.4	Lost	0	Terminé	Closed	POSE ET RACCORDEMENT HYGROMETRE DES AEROS SDM	2024-12-06	Patrick Aimé HAMO FIKOUE
PI24671	SEMC	SEMC	Fourniture	589200	1.5	Lost	0	Terminé	Closed	MISE EN CONFORMITE SDA MAGASIN PREFORMES	2024-12-10	Jean Bossango
PI24672	SIAC	Boissons du Cameroun	Fourniture_Pose	9289500	1.74	Lost	0	Terminé	Closed	FOURNITURE ET INSTALLATION PROJECTEUR SOLAIRE 	2024-12-10	Christel TCHATO
PI24673	SOCAPALM_Eseka	SOCAPALM	Fourniture_Pose	6094958	1.5	177/2025	1	Terminé	Closed	Refection Coffret inverseur de source 	2024-12-06	Anne Chantal Ngo Ngidjol
PI24673A	SOCAPALM_Eseka	SOCAPALM	Fourniture_Pose	609495	1.5	177/2025	1	Terminé	Closed	Refection Coffret inverseur de source 	2024-12-06	Anne Chantal Ngo Ngidjol
PI24674	DANGOTE_Dla	DANGOTE CEMENT SA	Fourniture	1814359	1.38	CM40006783	1	Terminé	Closed	Supply of few items of INSTRUMENTATION	2024-12-11	Benjamin N. Eteh
PI24675	SABC_Koumassi	Boissons du Cameroun	Fourniture	5596357	1.33	Lost	0	Terminé	Closed	DESINSECTICEURS AGIR POUR LA NOUVELLE SIROPERIE BRASSAGE ET,EMPOTAGE BEER (REMPLACER DA3189925 REFUSEE POUR MAJ)	2024-12-11	Jean Bossango
PI24676	SABC_Yaounde	Boissons du Cameroun	Fourniture	5558550	1.18	3520583	1	Terminé	Closed	matériel raccordement électrique CIP chaude cave Yaoundé	2024-12-16	Rosine Kati
PI24677	SOCAVER	Societe Camerounaise des Verrieries	Metrologie	494500	1.98	3496046	1	Terminé	Closed	Etalonnage compteur d'eau DN40	2024-12-16	Thierry Ekendjoum
PI24678	DANGOTE_Dla	DANGOTE CEMENT SA	Fourniture	30000	1	Regul	1	Terminé	Closed	Carbide hole saw	2024-12-16	Lambi Mandjeck
PI24679	SABC_Ndokoti	Boissons du Cameroun	Fourniture	4819291	1.3	3504784	1	Terminé	Closed	ECLAIRAGE NOUVELLE LIGNE 16 NDOKOTI	2024-12-17	Cedric NGAKAM
PI24679A	SABC_Ndokoti	Boissons du Cameroun	Fourniture	8422148	1.3	Lost	0	Terminé	Closed	ECLAIRAGE NOUVELLE LIGNE 16 NDOKOTI	2024-12-17	Cedric NGAKAM
PI24680	SABC_Koumassi	Boissons du Cameroun	Fourniture_Pose	0	1	Lost	0	Terminé	Closed	REMPLACEMENT CHEMINS DE CABLES VETUSTES TOD, LEURERIE ET THERMOLYSE	2024-12-11	Basile DONNANG DONGMO
PI24681	SABC_Koumassi	Boissons du Cameroun	Fourniture_Pose	5592496	1.3	Lost	0	Terminé	Closed	Consultation pour Remplacement des serrures sur Armoire Electrique des Services Généraux -Fabrication et PET Koumassi.	2024-12-12	Basile DONNANG DONGMO
PI24682	SABC_Koumassi	Boissons du Cameroun	Fourniture	324375	1.875	3503644	1	Terminé	Closed	Fourniture d'une carte I/O Schneider Electric	2024-12-16	
PI24683	SIAC	Boissons du Cameroun	Reparation	0	1	3496381	1	Terminé	Closed	REPARATION ONDULEUR SOCOMEC NRT2-U3300	2024-12-16	Christel TCHATO
PI24684	DANGOTE_Dla	DANGOTE CEMENT SA	Fourniture	125222	1.2	40006753	1	Terminé	Closed	SILENCER,SINTERED	2024-12-20	Benjamin N. Eteh
PI24685	SABC_Yaounde	Boissons du Cameroun	Fourniture	23014724	1.3	Lost	0	Terminé	Closed	DEMANDE DE PRIX POUR MATERIEL ECLAIRAGE SILO YAOUNDE 	2024-12-18	Rosine Kati
PI24686	SEMC	SEMC	Fourniture_Pose	3614250	1.3	3521041	1	Terminé	Closed	TRAVAUX SUPPLEMENTAIRES INFIRMERIE (Salle Observation, Pharmacie, Bureaux Medecin & infirmiers)	2024-12-18	Valdez Taffouo
PI24687	SABC_Bafoussam	Boissons du Cameroun	Fourniture	183300	1.3	3498170	1	Terminé	Closed	Gaine Bafoussam > 150m	2024-12-23	Rosine Kati
PI24688	SOCAVER	Societe Camerounaise des Verrieries	Fourniture	0	1	Lost	0	Annulé	Closed	DA 3211402 VOYANT	2024-12-23	Philemon SANDJONG TCHAZOU 
PI24689	HBO_Clients	HBO	Fourniture_Pose	0	1	Lost	0	Terminé	Closed	TRAVAUX DE VIDEO SURVEILLANCE 	2024-12-23	
PI24A	HBO_A	HBO	Divers	1	1	Divers	1	Terminé	Closed	Budget Administration	2024-01-01	Orthance Momha
PI24D	HBO_D	HBO	Divers	1	1	Divers	1	Terminé	Closed	Budget Divers	2024-01-01	Orthance Momha
PI24X	HBO_X	HBO	Divers	1	1	Divers	1	Terminé	Closed	Budget Recherche	2024-01-01	Orthance Momha
PIBIAFO01	HBO-BTP	HBO	Divers	1	1.3	Divers	1	Terminé	Closed	Travaux d'electricite R+1 (Yatika - Residence Mr. Biafo)	2023-12-31	
PIDELORE01	HBO-BTP	HBO	Divers	1	1.3	Divers	1	Terminé	Closed	travaux d'électricité R+3 Ngodi Bakoko	2023-12-31	
PINYA01	HBO-BTP	HBO	Divers	1	1.3	Divers	1	Terminé	Closed	Travaux d'electricite R+1 (Nyassa - Residence Mr. Nya)	2023-12-31	
PIYOUMBA01	HBO-BTP	HBO	Divers	1	1.3	Divers	1	Terminé	Closed	Travaux d'electricite R+1 (Lendi - Residence Mr. Youmba)	2023-12-31	
PI24690	SOCAVER	Societe Camerounaise des Verrieries	Fourniture	300000	1.2	Lost	0	Terminé	Closed		2024-12-26	Cecile TCHUIENCHE
PI24691	SABC_Bafoussam	Boissons du Cameroun	Placement_RH	0	1.3	Lost	0	Terminé	Closed		2024-12-31	Anicet GHISLAIN FOKA
PI24692	SABC_Koumassi	Boissons du Cameroun	Fourniture	1634600	2.14	3504033	1	Terminé	Closed	petit outillage urgent pour dilution sucre service fabrication biere	2025-01-02	Jean Bossango
PI25001	DIXSTONE	Dixstone Operations Cameroun	Fourniture	0	1.3	Lost	0	Annulé	Closed	VIATRAN PRESSURE TRANSDUCER	2025-01-02	Alex Amoutse
PI25E	HBO_Clients	HBO	Fourniture	1	1.3	Lost	0	Terminé	Closed	Fournitures divers ( parafoudres )	2025-01-03	
PI23387	GRACEDOM Souza	Gracedom Invest	Fourniture	833340	1.3	PO1594	1	Terminé	Closed	A request for quotation - communication cable	2024-11-18	
PI25002	SABC_Garoua	Boissons du Cameroun	Fourniture	6850516	1.25	Lost	0	Terminé	Closed	MATERIEL POUR ENTRETIEN DES DESINSECTISEURS ET TRAVAUX DIVERS	2025-01-06	Jean Bossango
PI25003	SABC_Ndokoti	Boissons du Cameroun	Fourniture	1093553	1.2	Lost	0	Terminé	Closed	BALANCE POUR PESAGE DES ADITTIFS AU TRAITEMENT DES EAUX	2025-01-06	Jean Bossango
PI25004	DANGOTE_Dla	DANGOTE CEMENT SA	Fourniture	14767500	2.5	CM40006775	1	Terminé	Closed	Fourniture detecteurs de fumee et accessoires pour maintenance Fire System	2025-01-06	Martin-Pierre DOOH
PI25005	SIAC	Boissons du Cameroun	Fourniture	6569720	1.3	Lost	0	Terminé	Closed	 RAPPORT CONTROLE PRISE DE TERRE - SIAC 2024	2025-01-06	Christel TCHATO
PI25006	SIAC	Boissons du Cameroun	Fourniture_Pose	313650	1.5	Lost	0	Terminé	Closed	Fourniture et pose des spots hs	2025-01-07	Christel TCHATO
PI25007	SIAC	Boissons du Cameroun	Fourniture_Pose	6313905	1.57	Lost	0	Terminé	Closed	Maintenance preventive des spots batiment administratif SIAC	2025-01-06	Christel TCHATO
PI25008	SIAC	Boissons du Cameroun	Fourniture	326508	1.4	Annule	1	Terminé	Closed	Fourniture d'un contacteur et disjoncteur moteur SIAC	2025-01-06	Christel TCHATO
PI25009	SABC_Koumassi	Boissons du Cameroun	Fourniture_Pose	621600	1.26	Lost	0	Terminé	Closed	Fourniture et Pose Câblerie pour Désinsectiseurs Station dilution Sucre	2025-01-07	Iris Dkouam
PI25010	SCDP Depot de Bessengue	SCDP	Fourniture	665382	1.2	2025000015/2025/SCDP	1	Terminé	Closed	fourniture carte habilitation chauffeurs camions	2025-01-07	Francois OUNKAP
PI24E	HBO_Clients	HBO		1	1.3	Lost	0	Terminé	Closed		2024-01-01	
PI25011	SABC_Koumassi	Boissons du Cameroun	Fourniture_Pose	314000	1.37	3516697	1	Terminé	Closed	Alimentation en energie electrique Nouveau refectoire Koumassi	2025-01-07	Iris Dkouam
PI25012	SOCAVER	Societe Camerounaise des Verrieries	Metrologie	310500	1	3506490	1	Terminé	Closed	Verification Metrologique de THERMOMETRE INFRAROUGE	2025-01-08	Thierry Ekendjoum
PI25013	SIAC	Boissons du Cameroun	Fourniture_Pose	5907444	1.42	Lost	0	Terminé	Closed	Fourniture et pose des sondes de niveaux au traitement des eaux	2025-01-09	Christel TCHATO
PI25014	SABC_Koumassi	Boissons du Cameroun	Fourniture	7953750	1.3	Lost	0	Terminé	Closed	350m DE CABLE SOUPLE 4G35mm².	2025-01-09	Cedric NGAKAM
PI25015	SIAC	Boissons du Cameroun	Reparation	208620	1.5	3512684	1	Terminé	Closed	Onduleur APC	2025-01-09	Christel TCHATO
PI25018	SIAC	Boissons du Cameroun	Fourniture_Pose	849875	1.3	Lost	0	Terminé	Closed	Fourniture et Pose Onduleur 2000VA	2025-01-10	Christel TCHATO
PI25016	SABC_Ndokoti	Boissons du Cameroun	Fourniture_Pose	2393750	1.28	Lost	0	Terminé	Closed	Fourniture et Pose des Projecteurs LED a la CH5	2025-01-09	François Atangana
PI25017	SABC_Ndokoti	Boissons du Cameroun	Fourniture_Pose	5726164	1.3	3535059	1	Terminé	Closed	Installation des extracteurs d'air Magasin MPR	2025-01-09	François Atangana
PI25019	SOCAPALM_Bambou	SOCAPALM	Fourniture_Pose	532500	1.5	SCP0825PO400134	1	Terminé	Closed	mise à la terre nouvelle station météo	2025-01-13	Patrick RANDRIAMISATA
PI25020	DANGOTE_Dla	DANGOTE CEMENT SA	Fourniture	254800	1.3	CM0006786	1	Terminé	Closed	Supply of Modular 3-phase control relay	2025-01-13	Lambi Mandjeck
PI25021	DANGOTE_Dla	DANGOTE CEMENT SA	Fourniture	19500	1.3	Lost	0	Terminé	Closed	Supply of Miniature Snap Action Switch	2025-01-13	Lambi Mandjeck
PI25022	SOCAVER	Societe Camerounaise des Verrieries	Installation	635000	1.2	3523192	1	Terminé	Closed	Pose et raccordement Coffret	2025-01-14	Armand Tchounkeu
PI25023	SOCAVER	Societe Camerounaise des Verrieries	Installation	0	1.3	Lost	0	Terminé	Closed	Pose et raccordement Coffret	2025-01-14	Thierry Ekendjoum
PI25024	SABC_Bafoussam	Boissons du Cameroun	Fourniture	1332000	1.48	Lost	0	Terminé	Closed	CONSOLE D'INTERVENTION AUTOMATISME ET INSTRUMENTATION SUR LA NOUVELLE LIGNE 7 BAFOUSSAM	2025-01-16	Hassan FOUAPON KOUOTOU
PI25025	SABC_Garoua	Boissons du Cameroun	Fourniture	3257400	1.5	Lost	0	Terminé	Closed	CONTROLER LES PURGEURS SUR LE CIRCUIT VAPEUR	2025-01-16	Jean Bossango
PI25026	SEMC	SEMC	Fourniture	516000	2	Lost	0	Terminé	Closed	EFFICACITE ENERGETIQUE: INSTALLER LES
DETECTEUR DE MOUVEMENT DANS LES
Marque BUREAUX (DA 3213191 & DA 3214303)	2025-01-16	Jean Bossango
PI25027	DANGOTE_Dla	DANGOTE CEMENT SA	Fourniture	1484040	1.3	Lost	0	Terminé	Closed	Multimeter DMM68	2025-01-16	Benjamin N. Eteh
PI25028	SEMC	SEMC	Fourniture	637980	1.4	Lost	0	Terminé	Closed	Fourniture relais temporise SIEMENS	2025-01-16	Jean Bossango
PI25029	SEMC	SEMC	Fourniture	0	1	Lost	0	Annulé	Closed	Fourniture unite exterieure climatiseur colonne airwell	2025-01-16	Jean Bossango
PI25030	TICAM	TICAM SA	Fourniture_Pose	18533000	1.3	Lost	0	Terminé	Closed	TRAVAUX DE MISE EN CONFORMITE DES INSTALLATIONS ELECTRIQUES DE L'HUILERIE DE MASSOUMBOU	2025-01-15	
PI25031	SABC_Ndokoti	Boissons du Cameroun	Fourniture	1170000	1.3	Lost	0	Terminé	Closed	CONSOLE D'INTERVENTION CONTROLEUR EN LIGNE SUR LA NOUVELLE LIGNE 16  NDOKOTI	2025-01-22	Cedric NGAKAM
PI25032	SABC_Koumassi	Boissons du Cameroun	Fourniture	5169154	1.3	Lost	0	Terminé	Closed	OUTIL D'ETALONNAGE DES MANOMETRES ET CAPTEURS DE PRESSION POUR REMPLACEMENT DU CALIBRATEUR DEFECTUEUX	2025-01-22	Jean Bossango
PI25033	DANGOTE_Dla	DANGOTE CEMENT SA	Reparation	1555456	1.6	CM42009666	1	Terminé	Closed	Supply and Installation of HMI Touch Screen Panels	2025-01-21	Iloga Gerard
PI25034	DANGOTE_Dla	DANGOTE CEMENT SA	Fourniture	23941346	1.26	Lost	0	Terminé	Closed	ERECTION OF BELT CONVEYOR, DESIGNATED AS 66ABC02, AT PROPORTIONING STATION - 83 - ELECTRICAL/INSTRUMENTATION	2025-01-23	Benjamin N. Eteh
PI25035	DANGOTE_Dla	DANGOTE CEMENT SA	Fourniture	9524581	1.4	Lost	0	Terminé	Closed	Supply of Few Items for ELECTRICAL	2025-01-23	Benjamin N. Eteh
PI25036	DANGOTE_Dla	DANGOTE CEMENT SA	Fourniture	9115960	1.4	CM40006960	1	Terminé	Closed	Supply of RELAY, REC650,ABB - ELECTRICAL	2025-01-23	Benjamin N. Eteh
PI25037	SEMC	SEMC	Fourniture	949000	1.4	Lost	0	Terminé	Closed	CANON POUR SERRURES VACHETTES 	2025-01-23	Luc Degaul NGOUBEYOU
PI25038	SEMC	SEMC	Fourniture	0	1	Lost	0	Annulé	Closed	SAVON MOUSSE LOTUS 800 ML (POUR RECHARGE LAVE MAIN) 	2025-01-23	Luc Degaul NGOUBEYOU
PI25039	SEMC	SEMC	Fourniture	483750	2.5	Lost	0	Terminé	Closed	DETECTEUR DE MOUVEMENT 	2025-01-23	Luc Degaul NGOUBEYOU
PI25040	SEMC	SEMC	Fourniture	1260000	1.4	Lost	0	Terminé	Closed	CONSOLE HEUFT POUR CONFIGURATION ET
BACKUP PROGRAMME USINE SEMC	2025-01-24	Rosine Kati
PI25041	SOCAVER	Societe Camerounaise des Verrieries	Fourniture_Pose	3667559	1.1499999999999999	Lost	0	Terminé	Closed	CONFECTION ET CÂBLAGE D’UNE ARMOIRE MOBILE DE RESERVE POUR VENTILATEURS REFROIDISSEMENT MOULES MACHINES IS USINE SOCAVER	2025-01-24	Cecile TCHUIENCHE
PI25042	SOCAVER	Societe Camerounaise des Verrieries	Fourniture_Pose	9696860	1.23	Lost	0	Terminé	Closed	CÂBLAGE DE L’ARMOIRE DE COMMANDE DES POMPES BÂCHE (SYSTÈME DE TRAITEMENT D’EAUX ERPAC)	2025-01-24	Cecile TCHUIENCHE
PI25043	SABC_Koumassi	Boissons du Cameroun	Fourniture_Pose	1220000	1	Lost	0	Terminé	Closed	Fourniture des batteries et Dépannage d'Onduleurs 15KVA tri/tri à SABC Usine de KOUMASSI                   	2025-01-24	Roland Jani
PI25044	SIAC	Boissons du Cameroun	Fourniture_Pose	1355802	1.1100000000000001	Lost	0	Terminé	Closed	Mise en Conformite de l'armoire Electrique Traitement des eaux	2025-01-09	Christel TCHATO
PI25045	SIAC	Boissons du Cameroun	Reparation	832230	1	3546596	1	Terminé	Closed	Reparation Onduleur HS	2025-01-28	Christel TCHATO
PI25046	SABC_Koumassi	Boissons du Cameroun	Fourniture_Pose	3386500	1.3	Lost	0	Terminé	Closed	Assainissement des arrêts d'urgence de la meunerie	2025-01-29	
PI25047	SABC_Koumassi	Boissons du Cameroun	Fourniture_Pose	338650	1.3	Lost	0	Terminé	Closed	Consultation pour Mise en Conformité Coffret des Contacteurs Climatiseurs Salle Serveur Koumassi	2025-01-29	Basile DONNANG DONGMO
PI25048	SOCAVER	Societe Camerounaise des Verrieries	Etudes	0	1	Lost	0	Terminé	Closed	CDC gestion du restaurant	2025-01-29	Cecile TCHUIENCHE
PI25049	SABC_Koumassi	Boissons du Cameroun	Fourniture_Pose	0	1	Lost	0	Terminé	Closed	Signaux conductivite électrovanne des aéroréfrigérants	2025-01-28	Iris Dkouam
PI25050	SABC_Bafoussam	Boissons du Cameroun	Placement_RH	417000	2.4	Lost	0	Terminé	Closed	OFFRE POUR UN BESOIN DE 03 ELECTRICIENS POUR L'INSTALLATION ET DEMONTAGE DU MATERIEL D'ECLAIRAGE AUX OBSEQUES DE M. NGOTOM A BANGANGTE PENDANT DEUX JOURS.	2025-01-29	Michel Kenmoe
PI25051	SABC_Ndokoti	Boissons du Cameroun	Fourniture	180000	1	3506676	1	Terminé	Closed	Fournitures des gaines supplémentaires pour les échanges de signaux de  la nouvelle ligne 16 de Ndokoti	2025-01-31	Cedric NGAKAM
PI25052	SABC_Koumassi	Boissons du Cameroun	Fourniture_Pose	0	1	3525249	1	Terminé	Closed	mise en conformité circuit ondulé Filtration	2025-02-03	Clément Tientcheu
PI25053	SABC_Koumassi	Boissons du Cameroun	Fourniture_Pose	9633302	1.34	Lost	0	Terminé	Closed	Fourniture et raccordement des armoires des fosses d'eaux usées de l'usine Koumassi (TOD)	2025-02-03	Patrick Aimé HAMO FIKOUE
PI25054	SCDP Depot de Nsam	SCDP	Fourniture_Pose	17950790	1.34	Lost	0	Terminé	Closed	Fourniture et Pose Moteur sirene  Atex a Nsam	2025-02-03	Francois OUNKAP
PI25055	SIAC	Boissons du Cameroun	Fourniture	1400000	1.3	Lost	0	Terminé	Closed	Fourniture des lampes atex 4pieces - Magasin Alcool	2025-02-04	Christel TCHATO
PI25056	PAK	PORT AUTONOME DE KRIBI	Fourniture_Pose	3887200	1.37	Lost	0	Terminé	Closed	Installation des capteurs de pression sur les conduites d'incendie PAK - 3regards et 2 mano	2025-01-30	
PI25057	SABC_Koumassi	Boissons du Cameroun	Fourniture_Pose	2725480	1.5	Lost	0	Terminé	Closed	Automatisation fosses d'eaux usées de l'usine Koumassi (TOD)	2025-02-03	Patrick Aimé HAMO FIKOUE
PI25058	SABC_Koumassi	Boissons du Cameroun	Fourniture_Pose	9022766	1.34	Lost	0	Terminé	Closed	Fourniture et raccordement des armoires des fosses d'eaux usées de l'usine Koumassi (FILTRATION)	2025-02-03	Patrick Aimé HAMO FIKOUE
PI25059	SABC_Koumassi	Boissons du Cameroun	Fourniture_Pose	1471240	1.58	Lost	0	Terminé	Closed	Automatisation fosses d'eaux usées de l'usine Koumassi (FILTRATION)	2025-02-03	Patrick Aimé HAMO FIKOUE
PI25060	SABC_Koumassi	Boissons du Cameroun	Fourniture_Pose	9843003	1.34	Lost	0	Terminé	Closed	Fourniture et raccordement des armoires des fosses d'eaux usées de l'usine Koumassi (BRASSAGE)	2025-02-03	Patrick Aimé HAMO FIKOUE
PI25061	SABC_Koumassi	Boissons du Cameroun	Fourniture_Pose	1471240	1.58	Lost	0	Terminé	Closed	Automatisation fosses d'eaux usées de l'usine Koumassi (BRASSAGE)	2025-02-03	Patrick Aimé HAMO FIKOUE
PI25062	SABC_Yaounde	Boissons du Cameroun	Fourniture	2431000	1.7	Lost	0	Terminé	Closed	Commande pour mise en service des deux
nouveaux TOD	2025-02-05	Rosine Kati
PI25063	DANGOTE_Dla	DANGOTE CEMENT SA	Fourniture	242620	1.4	Lost	0	Terminé	Closed	Supply of 6ES7214-1BG40-0XB0 CPU 1214C AC/DC/RLY - INSTRUMENTATION	2025-02-05	Benjamin N. Eteh
PI25064	DANGOTE_Dla	DANGOTE CEMENT SA	Fourniture	4385680	1.3	Lost	0	Terminé	Closed	Supply of LEVEL,SITRANS LR250, 30VDC,4-20Ma,SIEMENS - INSTRUMENTATION	2025-02-05	Benjamin N. Eteh
PI25065	DANGOTE_Dla	DANGOTE CEMENT SA	Fourniture	2092216	1.4	Lost	0	Terminé	Closed	Supply of Few items - INSTRUMENTATION	2025-02-05	Benjamin N. Eteh
PI25066	DANGOTE_Dla	DANGOTE CEMENT SA	Fourniture	276091	1.4	Lost	0	Terminé	Closed	Supply of Few items - INSTRUMENTATION	2025-02-05	Benjamin N. Eteh
PI25067	SABC_Koumassi	Boissons du Cameroun	Fourniture	5983286	1.3	Lost	0	Terminé	Closed	BATTERIES POUR ENTRETIEN D'ONDULEUR 20KVA TRI / TRI EATON LIGNE 9, 15KVA TRI/MONO GEBO LIGNE 12, 20KVA TRI/TRILOCAL TTE	2025-02-05	Jean Bossango
PI25068	DIXSTONE	Dixstone Operations Cameroun	Fourniture	2075161	1.5	Lost	0	Terminé	Closed	SKOUL GWENN // SKGW-2025-010007-B(01)	2025-02-05	Alex Amoutse
PI25069	DANGOTE_Dla	DANGOTE CEMENT SA	Fourniture	5613400	1.08	CM40006881	1	Terminé	Closed	HSE - PURCHASE OF LIFE LOCKS	2025-02-06	Benjamin N. Eteh
PI25069-1	DANGOTE_Dla	DANGOTE CEMENT SA	Fourniture	5613400	1.08	CM40006963	1	Terminé	Closed	personal life locks (red)	2025-02-06	
PI25070	SEMC	SEMC	Fourniture	267960	1.4	Lost	0	Terminé	Closed	MISE EN CONFORMITE SDA MAGASIN PREFEORMES USINE SEMC	2025-02-07	Jean Bossango
PI24312	SABC_Yaounde	Boissons du Cameroun	Fourniture	7296306	1.38	3463491	1	Terminé	Closed	COMMANDE PR POUR REVISION ANNULLE	2024-07-03	Michel KAMGA DZETCHU 
PI25D	HBO_D	HBO	Divers	1	1.1000000000000001	Magasin	1	Terminé	Closed	Budget Magasin	2025-01-01	Brice Nyasse
PI25071	SABC_Bafoussam	Boissons du Cameroun	Placement_RH	0	1	Lost	0	Terminé	Closed	BESOIN DE 03 PRESTATAIRES ELECTRICIENS POUR ENTRETIEN FIN DE SEMAINE 6	2025-02-10	Michel Kenmoe
PI25072	SOCAVER	Societe Camerounaise des Verrieries	Fourniture	2345784	1.4	3509000	1	Terminé	Closed		2025-02-10	Philemon SANDJONG TCHAZOU 
PI25073	SOCAVER	Societe Camerounaise des Verrieries	Fourniture	3801900	1.45	3509002	1	Terminé	Closed	DA 3224257 CAPTEURS	2025-02-12	Philemon SANDJONG TCHAZOU 
PI25075	SABC_Koumassi	Boissons du Cameroun	Fourniture_Pose	18802860	1.4	Lost	0	Terminé	Closed	FOURNITURE ET POSE ARMOIRE ELECTRIQUE ONDULEUR BYPASS LIGNE 9 PET	2025-02-08	Iris Dkouam
PI25076	SABC_Koumassi	Boissons du Cameroun	Fourniture_Pose	9495000	1.45	Lost	0	Terminé	Closed	Remplacer cable d'alimentation eclairage Brassage	2025-02-06	
PI25077	SABC_Koumassi	Boissons du Cameroun	Fourniture_Pose	0	1	Lost	0	Terminé	Closed	consultation mise en conformité circuit ondulé Distribution des Eaux	2025-02-06	Clément Tientcheu
PI25X	HBO_X	HBO	Divers	1	1.1000000000000001	regul	1	Terminé	Closed	Budget pour Recherche et Developpement	2025-02-13	Brice Nyasse
PI25078	SOCAVER	Societe Camerounaise des Verrieries	Fourniture	3211901	1.45	3510004	1	Terminé	Closed	DA 3224380 PESON	2025-02-13	Philemon SANDJONG TCHAZOU 
PI25A	HBO_A	HBO	Divers	1	1.1000000000000001	Administration	1	Terminé	Closed	Budget administration et Services Generaux	2025-01-01	
PI25080	SABC_Ndokoti	Boissons du Cameroun	Fourniture	2261223	1.45	Lost	0	Terminé	Closed	asquisition d'un détecteur de reseaux souterrain	2025-02-18	Jean Bossango
PI25079	SABC_Ndokoti	Boissons du Cameroun	Fourniture	0	1	3529612	1	Terminé	Closed	RENFORCEMENT ECLAIRAGE CLOTURE ET AUVENT DE L'USINE	2025-02-18	Jean Bossango
PI25081	SABC_Bafoussam	Boissons du Cameroun	Fourniture	2012080	1.4	3512642	1	Terminé	Closed	REMPLACEMENT DES POSITIONNEURS DEFECTUEUX SUR LES VANNES SIMULEES	2025-02-19	Michel KAMGA DZETCHU 
PI25082	SABC_Bafoussam	Boissons du Cameroun	Fourniture	5247826	1.45	Lost	0	Terminé	Closed	REMPLACEMENT DES SONDES DE TEMPERATURE DEFECTUEUSES	2025-02-19	Michel KAMGA DZETCHU 
PI25083	SABC_Garoua	Boissons du Cameroun	Fourniture	3231360	1.7	3516749	1	Terminé	Closed	REGLETTES SUR LE CIRCUIT ECLAIRAGE CONDITIONNEMENT CHAINE 6 ,EN SALLE DES MACHINES ET AU BRASSAGE 	2025-02-19	Jean Bossango
PI25084	SABC_Ndokoti	Boissons du Cameroun	Fourniture	8000000	1.6	Lost	0	Terminé	Closed	Câble pour tour Pasto // NOUVELLE LIGNE 16 NDOKOTI	2025-02-19	Cedric NGAKAM
PI25085	SOCAVER	Societe Camerounaise des Verrieries	Fourniture	3617600	1.4	Lost	0	Terminé	Closed	MANOMETRES	2025-02-20	Philemon SANDJONG TCHAZOU 
PI25086	HBO_D	HBO	BTP	0	1	Lost	0	Terminé	Closed	Installation Electrique Domestique - Ndogpassi	2025-12-26	PIR
PI25087	DIXSTONE	Dixstone Operations Cameroun	Fourniture	518000	1.4	Lost	0	Terminé	Closed	SPB 2720 Optibelt - SK S=C plus 	2025-02-21	
PI25089	SABC_Yaounde	Boissons du Cameroun	Fourniture	1526000	1.4	Lost	0	Terminé	Closed	Offre pour fourniture Desktop LENOVO	2025-02-21	Benjamin Bayang
PILENDI01	HBO-BTP	HBO	Divers	1	1.1000000000000001	Divers	1	Terminé	Closed	Travaux d'installation Electrique Lendi - Mepong	2024-11-01	Orthance Momha
PI25090	SABC_Yaounde	Boissons du Cameroun	Fourniture	690704	1.4	Lost	0	Terminé	Closed	 DETECTEURS POUR LES REPORTS DE POSITION DES VANNES NOUVEAUX TBF YAOUNDE	2025-02-25	Hassan FOUAPON KOUOTOU
PI25091	SOCAVER	Societe Camerounaise des Verrieries	Fourniture	4125100	1.4	Lost	0	Terminé	Closed	PR ELECTRIQUE	2025-02-25	Philemon SANDJONG TCHAZOU 
PI25092	SABC_Koumassi	Boissons du Cameroun	Fourniture_Pose	1446264	1.3	Lost	0	Terminé	Closed	Fourniture et remplacement des cartouches fusibles par des disjoncteurs sur le circuit CHM2 BRASSAGE.	2025-02-26	Clément Tientcheu
PI25093	SABC_Koumassi	Boissons du Cameroun	Fourniture_Pose	2541032	1.3	3548999	1	Terminé	Closed	Mise en conformité coffret Chargement /déchargement fuel à la station fuel	2025-02-26	Clément Tientcheu
PI25098	SOCAVER	Societe Camerounaise des Verrieries	Fourniture	106175	1.55	3513367	1	Terminé	Closed	Demande de commande(enroleuse de cable pour garage)	2025-02-27	Philemon SANDJONG TCHAZOU 
PI25099	HBO_Clients	HBO	Fourniture_Pose	10148928	4.0999999999999996	Lost	0	Terminé	Closed	Fourniture et pose d'une sirene Atex  au depot petrolier Bocom	2025-02-26	Brice Nyasse
PI25100	SABC_Ndokoti	Boissons du Cameroun	Fourniture_Pose	0	1	Lost	0	Terminé	Closed	TRAVAUX D'AMENAGEMENT BUREAU POUR MONTEURS LIGNE 15	2025-02-26	
PI25101	SABC_Ndokoti	Boissons du Cameroun	Fourniture	1129856	1.4	Lost	0	Terminé	Closed	CELLULE PHOTOELECTRIQUE 10-30V DC	2025-02-26	
PI25102	Direction Regionale Yde	CAMWATER SA	Fourniture	13379600	1.3	Lost	0	Terminé	Closed	Fourniture des debimetres ultrasons Dn63-4000	2025-02-26	Roger Ndoping
PI25103	DANGOTE_Dla	DANGOTE CEMENT SA	Fourniture	53700000	1.3	CM40006839	1	Terminé	Closed	Power Module ATV1200-700/200	2025-02-26	Iloga Gerard
PI25104	SABC_Yaounde	Boissons du Cameroun	Fourniture	1814534	1.4	Lost	0	Terminé	Closed	SIRENE ELECTRO-MECANIQUE 220V ULTRASONIC	2025-02-28	Jean Bossango
PI25105	SEMC	SEMC	Fourniture_Pose	3250400	1.4	3552173	1	Terminé	Closed	Mise en conformite coffret BAIE informatique	2025-02-18	
PI25106	SABC_Ndokoti	Boissons du Cameroun	Placement_RH	0	1	Lost	0	Terminé	Closed	révision annuelle CH13 Ndokoti	2025-03-04	François Atangana
PI25107	SABC_Koumassi	Boissons du Cameroun	Fourniture	3722970	1.48	3523658	1	Terminé	Closed	ATELIER ELECTRIQUE	2025-03-05	Jean Bossango
PI25108	SABC_Koumassi	Boissons du Cameroun	Fourniture_Pose	1013310	1.43	Lost	0	Terminé	Closed	Mise à niveau moteur NH3 CO2 union ( TI ,commande ,signalisation ….)	2025-03-05	Clément Tientcheu
PI25109	SABC_Garoua	Boissons du Cameroun	Fourniture_Pose	1366341	1.55	3522817	1	Terminé	Closed	 Remplacement Filtres Deffectueux  Centrale	2025-03-05	Jean Bossango
PI25110	SCDP Depot de Maroua	SCDP	Fourniture	12018775	1.39	Lost	0	Terminé	Closed	Fourniture et Pose  Sirene D'alerte Forte Puissance + Coffret de Commande	2025-03-06	Steve Mbeng
PI25111	SCDP_Depot de Olezoa	SCDP	Fourniture_Pose	18257346	1.33	2025000323	1	Terminé	Closed	Fourniture et installation de deux mats pour eclairage panoramique au niveau de la voie feree et travaux de renforcement de l'eclairage au PCC du depot Olezoa	2025-03-05	Francois OUNKAP
PI25112	SCDP Depot de Nsam	SCDP	Fourniture_Pose	9074164	1.32	Lost	0	Terminé	Closed	Travaux de renforcement de l'eclairage des postes de comptage 1 et 2 et du poste de depotage camions citernes GPL au depot de Nsam	2025-03-05	Francois OUNKAP
PI25113	SCDP_Depot de Belabo	SCDP	Fourniture_Pose	0	1	Lost	0	Terminé	Closed	Renforcement de l'eclairage au poste chargement camions citernes au depot de Belabo	2025-03-05	Francois OUNKAP
PI25114	SABC_Yaounde	Boissons du Cameroun	Fourniture	0	1	3514720	1	Terminé	Closed	travaux de mise en exploitation des nouveaux TOD Yaoundé CP	2025-03-10	
PI25115	SABC_Koumassi	Boissons du Cameroun	Fourniture_Pose	5338400	1.36	Lost	0	Terminé	Closed	fourniture et  
Installation électrique des Nouveau Bureau  QHSE + bar des AM
fourniture et  
Installation électrique des Nouveau Bureau  QHSE + bar des AM
	2025-03-10	Basile DONNANG DONGMO
PI25116	HBO_Clients	HBO	Fourniture_Pose	797750	1.3	Lost	0	Terminé	Closed	Fourniture et installation camera de surveillance	2025-03-10	Orthance Momha
PI25117	SABC_Bafoussam	Boissons du Cameroun	Fourniture	10146125	1.4	Lost	0	Terminé	Closed	Mise a Niveau Appareillage/Equipement	2025-03-07	Jean Bossango
PI25118	SABC_Koumassi	Boissons du Cameroun	Fourniture	1172608	1.6	Lost	0	Terminé	Closed	PINCE MULTIMETRE DE QUART HS	2025-03-11	Jean Bossango
PI25119	SOCAVER	Societe Camerounaise des Verrieries	Fourniture	2472975	1.46	3517090	1	Terminé	Closed	DA 3223299 AVERTISSEUR	2025-03-13	Philemon SANDJONG TCHAZOU 
PI25120	SABC_Yaounde	Boissons du Cameroun	Fourniture	12742704	1.56	Lost	0	Terminé	Closed	CABLE PROFIBUS POUR 
MAINTENANCE DES RESEAUX PROFIBUS	2025-03-14	Jean Bossango
PI25121	SOCAVER	Societe Camerounaise des Verrieries	Metrologie	0	1	3527316	1	Terminé	Closed	APPAREILLAGE ELECTRIQUE (VERIFICATION ANNUELLE)	2025-03-18	Philemon SANDJONG TCHAZOU 
PI25122	SABC_Koumassi	Boissons du Cameroun	Fourniture_Pose	885279	1.43	3559314	1	Terminé	Closed	Pose et raccordement moteur convoyeur sacs de sucre à la dissolution sucre	2025-03-18	Patrick Aimé HAMO FIKOUE
PI25123	SOCAVER	Societe Camerounaise des Verrieries	Fourniture	0	1	Lost	0	Annulé	Closed	Relais de Securite k5 V98	2025-03-19	Philemon SANDJONG TCHAZOU 
PI25124	HBO_Clients	HBO	Fourniture_Pose	9050000	1.25	Lost	0	Terminé	Closed	Licence Microsoft office 365 et Anti virus KASPERSKY	2025-03-19	Brice Nyasse
PI25125	HBO_Clients	HBO	Fourniture	75000	1.5	Lost	0	Terminé	Closed	Kits de nettoyage(ecrans, claviers, lingette de nettoyage)	2025-03-19	Brice Nyasse
PI25126	HBO_Clients	HBO	Fourniture	864000	1.38	Lost	0	Terminé	Closed	Equipement Informatique(unite centrale, clavier, souris carte d'extension video HDMI, Tapis de Souris, Cable HDMI)	2025-03-19	Brice Nyasse
PI25127	HBO_Clients	HBO	Fourniture	283400	1.3	Lost	0	Terminé	Closed	Ecran Desktop(HP tactile 24")	2025-03-19	Brice Nyasse
PI25128	HBO_Clients	HBO	Fourniture	787500	1.5	Lost	0	Terminé	Closed	Ecran(Hisense 65" Smart) + suppport mural ecran avec etagere pour decodeur	2025-03-19	Brice Nyasse
PI25129	SOCAVER	Societe Camerounaise des Verrieries	Fourniture_Pose	1085033	1.22	Lost	0	Terminé	Closed	CDC CÂBLAGE ET MISE EN SERVICE ARMOIRE DE REMPLISSAGE TANK GASOIL 3000L CENTRALE	2025-03-18	Cecile TCHUIENCHE
PI25130	SABC_Koumassi	Boissons du Cameroun	Fourniture_Pose	944750	1.32	Lost	0	Terminé	Closed	REHABILITATION SECURITE PORTAIL GUERITE PRINCIPALE USINE KOUMASSI	2025-03-20	Patrick Aimé HAMO FIKOUE
PI25131	SABC_Yaounde	Boissons du Cameroun	Fourniture	2542117	1.58	3521065	1	Terminé	Closed	Relais de sécurité pour soutireuse chaine 6 et 5	2025-03-20	
PI25132	SABC_Ndokoti	Boissons du Cameroun	Fourniture	1577968	1.4	3522159	1	Terminé	Closed	Detection Tension Sans Contact	2025-03-22	Jean Bossango
PI25133	SABC_Koumassi	Boissons du Cameroun	Fourniture_Pose	11224200	1.31	Lost	0	Terminé	Closed	Fourniture onduleurs 20KVA Zone Cave TOD	2025-03-21	Iris Dkouam
PI25134	SABC_Koumassi	Boissons du Cameroun	Fourniture_Pose	10424700	1.31	Lost	0	Terminé	Closed	Fourniture onduleurs 20KVA Zone Cave FILTRATION	2025-03-21	Iris Dkouam
PI25135	SABC_Koumassi	Boissons du Cameroun	Fourniture_Pose	13408200	1.31	Lost	0	Terminé	Closed	Fourniture onduleurs 20KVA Zone Laboratoire Principal	2025-03-21	Iris Dkouam
PI25136	SABC_Koumassi	Boissons du Cameroun	Fourniture_Pose	3081630	1.32	Lost	0	Terminé	Closed	Fourniture onduleur 06KVa Mono/Mono Local Electrique Chaudière LOOS	2025-03-21	Iris Dkouam
PI25137	SABC_Koumassi	Boissons du Cameroun	Fourniture_Pose	2964630	1.32	Lost	0	Terminé	Closed	Fourniture onduleur 06KVa Mono/Mono Local Electrique MEUNERIE	2025-03-21	Iris Dkouam
PI25138	SABC_Koumassi	Boissons du Cameroun	Fourniture_Pose	4959500	1.3	Lost	0	Terminé	Closed	remplacements des chemins de câbles Vétustes au TOD	2025-03-21	Basile DONNANG DONGMO
PI25139	SABC_Koumassi	Boissons du Cameroun	Fourniture_Pose	3597000	1.28	Lost	0	Terminé	Closed	remplacements des chemins de câbles au LEUVURERIE	2025-03-21	Basile DONNANG DONGMO
PI25140	SABC_Koumassi	Boissons du Cameroun	Fourniture_Pose	1952000	1.28	Lost	0	Terminé	Closed	remplacements des chemins de câbles au THERMOLYSE	2025-03-21	Basile DONNANG DONGMO
PI25074	SABC_Koumassi	Boissons du Cameroun	Fourniture_Pose	1268500	1.31	Lost	0	Terminé	Closed	Fourniture et Remplacement Batteries Onduleurs SCHNEIDER 15KVA tritri Conditionnement PET	2025-03-21	Iris Dkouam
PI25144	SABC_Koumassi	Boissons du Cameroun	Fourniture_Pose	1268500	1.31	Lost	0	Terminé	Closed	Fourniture et Remplacement Batteries Onduleur EATON 20KVa tri/tri du Local Onduleur de Puissance	2025-03-21	Iris Dkouam
PI25141	SOCAVER	Societe Camerounaise des Verrieries	Fourniture	247000	1.3	3521271	1	Terminé	Closed	DA 3227615 / 3226931 DISJONCTEURS 	2025-03-24	Philemon SANDJONG TCHAZOU 
PI25142	SOCAVER	Societe Camerounaise des Verrieries	Fourniture	4422500	1.45	Lost	0	Terminé	Closed	DA 3227558 VALVE	2025-03-24	Philemon SANDJONG TCHAZOU 
PI25143	DIXSTONE	Dixstone Operations Cameroun	Fourniture	1073422	1.3	Lost	0	Terminé	Closed	A144-2025-003 // MATERIEL ELECTRIQUE	2025-03-24	Alex Amoutse
PI23756	SOCAPALM_Eseka	SOCAPALM	Fourniture_Pose	12075178	1.55	271/2023	1	Terminé	Closed	ARMOIRE CLARIFICATION EXTENSION USINE	2023-08-31	Emmanuel Biyong
PI25145	SABC_Yaounde	Boissons du Cameroun	Fourniture	0	1	Lost	0	Annulé	Closed	Travaux de mise en exploitation des nouveaux TOD Yaoundé CP	2025-03-10	
PI25146	SCDP Depot de Bessengue	SCDP	Reparation	3850000	1.3	2025/000066/2025/SCDP	1	Terminé	Closed	Maintenance curative des UPS Douala Nsam et Bafoussam	2025-03-25	Florent Abono
PI25147	HBO_Clients	HBO	Fourniture	700694	1.5	regul	1	Terminé	Closed	Fourniture elements SPF - Paris	2025-03-26	Brice Nyasse
PI25148	SABC_Yaounde	Boissons du Cameroun	Fourniture_Pose	4311066	1.49	Lost	0	Terminé	Closed	complément travaux d'installation système de protection foudre et reprise prise de terre yaoundé	2025-03-25	
PI25149	PAK	PORT AUTONOME DE KRIBI	Etudes	4078485	1.3	PO07249	1	Terminé	Closed	ETUDE DE REALISATION DU PROJET DE MONITORING PAR SCADA DU RESEAU D'EAU DU PAK A MBORO	2025-03-26	
PI25150	DANGOTE_Dla	DANGOTE CEMENT SA	Fourniture_Pose	4208000	1.31	Lost	0	Terminé	Closed	Power supply at DCC HO	2025-03-27	
PI25151	SIAC	Boissons du Cameroun	Fourniture_Pose	251000	1	3541660 	1	Terminé	Closed	Maintenances signalisation défaut chambre froide	2025-03-27	Christel TCHATO
PI25152	SABC_Yaounde	Boissons du Cameroun	Fourniture	0	1	Lost	0	Annulé	Closed		2025-03-28	
PI25153	SABC_Ndokoti	Boissons du Cameroun	Fourniture	2485672	1.47	3535674	1	Terminé	Closed	DEMANDE DE PRIX pour fournitures matériels pour le raccordement de la fibre optique du Forage 4 pour le TTE	2025-03-25	
PI25154	SABC_Yaounde	Boissons du Cameroun	Fourniture	1811212	1.3	Lost	0	Terminé	Closed	3219295 BESOIN DES PR POUR RESOLUTION ANOMALIES	2025-03-28	
PI25155	SABC_Bafoussam	Boissons du Cameroun	Fourniture	13521515	1.25	Lost	0	Terminé	Closed	MISE A NIVEAU DES
APPAREILLAGES/EQUIPEMENTS SUIVANT LES
ANOMALIES ET SHUNT SUR LE LIGNE 5	2025-03-28	Jean Bossango
PI25156	SABC_Bafoussam	Boissons du Cameroun	Placement_RH	140000	3.5	Lost	0	Terminé	Closed	fourniture 4 électriciens pour maintenance chaine 04 du 31/03/2025	2025-03-29	
PI25157	SABC_Bafoussam	Boissons du Cameroun	Placement_RH	140000	3.5	Lost	0	Terminé	Closed	DEMANDE OFFRE POUR TRAVAUX DE MAINTENANCE LIGNE 4 DU 31/03/2025	2025-03-30	
PI25158	SABC_Bafoussam	Boissons du Cameroun	Fourniture	1651052	1.3	Lost	0	Terminé	Closed	BALANCES DE PESEE ADDITIF FILTRATION	2025-04-01	Jean Bossango
PI25159	SIAC	Boissons du Cameroun	Fourniture_Pose	585700	1.2	3541659 	1	Terminé	Closed	Assainissement coffret signalisation défaut chambres froide	2025-03-28	Christel TCHATO
PI25160	SABC_Koumassi	Boissons du Cameroun	Fourniture_Pose	217000	1.1299999999999999	Lost	0	Terminé	Closed	Consultation pour offre devis déclencheur d'alarme	2025-04-01	Iris Dkouam
PI25161	SABC_Koumassi	Boissons du Cameroun	Fourniture_Pose	2482900	1.1399999999999999	Lost	0	Terminé	Closed	Passage cable fibre optique avec module de convertion et raccordemant  entre le local electrique traitement des eaux et la STEP	2025-04-01	Judiscael YONKEU HEKOUA
PI25163	SOCAVER	Societe Camerounaise des Verrieries	Fourniture	126336	1.4	3521281	1	Terminé	Closed	3228212 REFLECTEUR	2025-04-01	Philemon SANDJONG TCHAZOU 
PI25164	SEMC	SEMC	Fourniture_Pose	1804700	1.54	3526092	1	Terminé	Closed	Fournitures des TV Infirmerie SEMC	2025-04-02	Cheugoua Rommel
PI25165	DIXSTONE	Dixstone Operations Cameroun	Fourniture	632026	1.45	Lost	0	Terminé	Closed	ADN130-MATERIAL FOR ENGINE TOOLS AND CONSUMABLES	2025-04-01	Alex Amoutse
PI25166	SABC_Ndokoti	Boissons du Cameroun	Fourniture	1256000	1.3	3520188	1	Terminé	Closed	Projet Silos NDOKOTI	2025-03-25	Hassan FOUAPON KOUOTOU
PI25167	SEMC	SEMC	Fourniture_Pose	0	1	Lost	0	Terminé	Closed	Mise en conformite armoire KES (voir avec Voltaire pour le cahier de charge)	2025-04-02	Cheugoua Rommel
PI25171	SABC_Ndokoti	Boissons du Cameroun	Placement_RH	12000000	1	3515877	1	Terminé	Closed	Renfort entretioen electrique equipement	2025-04-03	François Atangana
PI25168	SEMC	SEMC	Fourniture_Pose	0	1	Lost	0	Annulé	Closed	SSI asservi a la pompe - detecteur de flammes (Voir Voltaire pour le cdc)	2025-04-02	Cheugoua Rommel
PI25169	SIAC	Boissons du Cameroun	Fourniture	2363100	1.2	Lost	0	Terminé	Closed	Verification, etalonnage et reparation des instrument de mesure et de controle	2025-04-02	Christel TCHATO
PI25170	DIXSTONE	Dixstone Operations Cameroun	Fourniture	2792504	1.3	Lost	0	Terminé	Closed	Commande matériel ADN144	2025-04-02	Alex Amoutse
PI25171-1	SABC_Ndokoti	Boissons du Cameroun	Placement_RH	0	1	3515877	1	Terminé	Closed	Renfort entretien electrique equipement	2025-04-03	François Atangana
PI25172	SABC_Ndokoti	Boissons du Cameroun	Fourniture_Pose	836800	1.6	Lost	0	Terminé	Closed	Demande d'offre pour câblage conteneur bureau Silos Ndokoti	2025-04-02	Hassan FOUAPON KOUOTOU
PI25173	HBO-BTP	HBO		0	1	Lost	0	Terminé	Closed	lot système de protection foudre extérieure	2025-03-26	
PI25174	SOCAVER	Societe Camerounaise des Verrieries	Fourniture	1131300	1.41	3521270	1	Terminé	Closed	DA 3227612 FUSIBLE	2025-04-03	Philemon SANDJONG TCHAZOU 
PI25175	SABC_Bafoussam	Boissons du Cameroun	Fourniture_Pose	1029000	1.5	3521968	1	Terminé	Closed	FOURNITURE ET INSTALLATION LAMPADAIRES SOLAIRES LED AUTONOMES BAFOUSSAM SITE S.O.C.	2025-04-03	Joseph DJIEUBOU 
PI25176	HBO-BTP	HBO		0	1	Lost	0	Terminé	Closed		2025-04-04	
PI25171-2	SABC_Ndokoti	Boissons du Cameroun	Placement_RH	0	1	3515877	1	Terminé	Closed	Renfort entretien electrique equipement	2025-04-03	François Atangana
PI25171-3	SABC_Ndokoti	Boissons du Cameroun	Placement_RH	0	1	3515877	1	Terminé	Closed	Renfort entretien electrique equipement	2025-04-03	François Atangana
PI25171-4	SABC_Ndokoti	Boissons du Cameroun	Placement_RH	0	1	3515877	1	Terminé	Closed	Renfort entretien electrique equipement	2025-04-03	François Atangana
PI25171-5	SABC_Ndokoti	Boissons du Cameroun	Placement_RH	0	1	3515877	1	Terminé	Closed	Renfort entretien electrique equipement	2025-04-03	François Atangana
PI25171-6	SABC_Ndokoti	Boissons du Cameroun	Placement_RH	0	1	3515877	1	Terminé	Closed	Renfort entretien electrique equipement	2025-04-03	François Atangana
PI25171-7	SABC_Ndokoti	Boissons du Cameroun	Placement_RH	0	1	3515877	1	Terminé	Closed	Renfort entretien electrique equipement	2025-04-03	François Atangana
PI25171-8	SABC_Ndokoti	Boissons du Cameroun	Placement_RH	0	1	3515877	1	Terminé	Closed	Renfort entretien electrique equipement	2025-04-03	François Atangana
PI25171-9	SABC_Ndokoti	Boissons du Cameroun	Placement_RH	0	1	3515877	1	Terminé	Closed	Renfort entretien electrique equipement	2025-04-03	François Atangana
PI25177	SOCAVER	Societe Camerounaise des Verrieries	Fourniture	3256120	1.37	Lost	0	Terminé	Closed	DA 3228648 MODULE	2025-04-04	Philemon SANDJONG TCHAZOU 
PI25178	SABC_Ndokoti	Boissons du Cameroun	Placement_RH	4000000	1.2	3537737	1	Terminé	Closed	Renfort entretien electrique equipement	2025-04-07	François Atangana
PI25179	SABC_Ndokoti	Boissons du Cameroun	Fourniture	1739360	1.4	Lost	0	Terminé	Closed	COMPTEUR D'EAU DN 50 A BRIDES A IMPULSIONS DEBIT
15M3/H PN16	2025-04-09	Jean Bossango
PI25180	SABC_Yaounde	Boissons du Cameroun	Fourniture	597296	1.4	3523329	1	Terminé	Closed	CABLE ETHERNET INDUSTRIEL	2025-04-09	Jean Bossango
PI25181	SABC_Ndokoti	Boissons du Cameroun	Fourniture	4406500	1.4	3522349	1	Terminé	Closed	Offre suplementaire materiel electriqueSILOS Ndokoti	2025-04-10	Hassan FOUAPON KOUOTOU
PI25182	SABC_Koumassi	Boissons du Cameroun	Fourniture_Pose	0	1	Lost	0	Terminé	Closed	fourniture et câblerie compresseur ZE2	2025-04-10	Clément Tientcheu
PI25183	SEMC	SEMC	Fourniture_Pose	1683250	1.52	3526093	1	Terminé	Closed	Meublerie (suite travaux Infirmerie)	2025-04-10	Cheugoua Rommel
PI25184	SABC_Bafoussam	Boissons du Cameroun	Fourniture	8298944	2	Lost	0	Terminé	Closed	REMPLACEMENT DES FLOTTEURS DEFECTUEUX SUR LES BACS DE LAVAGE	2025-04-11	Jean Bossango
PI25185	SOCAVER	Societe Camerounaise des Verrieries	Fourniture	4788000	1.4	Lost	0	Terminé	Closed	DA 3229166 ENTRETOISE	2025-04-11	Philemon SANDJONG TCHAZOU 
PI25186	DANGOTE_Dla	DANGOTE CEMENT SA	Fourniture	343980	1	CM40006952	1	Terminé	Closed	Supply of Modular 3-phase control relay	2025-04-11	Benjamin N. Eteh
PI25187	SABC_Bafoussam	Boissons du Cameroun	Fourniture	3004995	1.4	Lost	0	Terminé	Closed	FSR ASCO JOUCOMATIC - ELECTRODISTRIBUTEUR	2025-04-14	
PI25188	SABC_Koumassi	Boissons du Cameroun	Fourniture	1989000	1.7	Lost	0	Terminé	Closed	Remplacement sonde Bac CIP HS	2025-04-14	Jean Bossango
PI25189	SABC_Ndokoti	Boissons du Cameroun	Fourniture	7439714	1.35	Lost	0	Terminé	Closed	PDR POUR UTILISATION SUR LES EQUIPEMENTS DE PRODUCTION	2025-04-15	Jean Bossango
PI25190	SABC_Koumassi	Boissons du Cameroun	Fourniture_Pose	940000	1	Regul	1	Terminé	Closed	Remplacement Chemin de cabble sous-sol brassage	2025-04-11	Patrick Aimé HAMO FIKOUE
PI25191	SABC_Koumassi	Boissons du Cameroun	Fourniture_Pose	0	1	Lost	0	Terminé	Closed	Passage des cable onduleur STEP	2025-04-10	Patrick Aimé HAMO FIKOUE
PI25192	SABC_Ndokoti	Boissons du Cameroun		532000	1	Lost	0	Terminé	Closed	Demande d'offre pour supplément matériel électrique Silos Ndokoti	2025-04-15	
PI25193	DIXSTONE	Dixstone Operations Cameroun	Fourniture	11056532	1.2	Lost	0	Terminé	Closed	 Fiche Mâle-Femelle ATEX Pour La Cabine GCL	2025-04-16	
PI25194	DANGOTE_Dla	DANGOTE CEMENT SA	Fourniture	0	1	Lost	0	Annulé	Closed	SUPPLY AND INSTALLATION OF DO MODULE 6ES7322-1BH01-0AA-INSTRUMENTATION	2025-04-16	Martin-Pierre DOOH
PI25195	SIAC	Boissons du Cameroun	Reparation	0	1	Lost	0	Terminé	Closed	Maintenace alimentation DC-25V 5A	2025-04-17	Christel TCHATO
PI25196	SOCAPALM_Eseka	SOCAPALM	Fourniture_Pose	7119095	1.48	Lost	0	Terminé	Closed	travaux de mise à la terre de la salle serveur et du bâtiment administratif usine d'Eseka	2025-04-15	Anne Chantal Ngo Ngidjol
PI25197	SOCAPALM_Eseka	SOCAPALM	Fourniture_Pose	17556095	1.48	Lost	0	Terminé	Closed	travaux de mise à la terre du pont bascule et du bâtiment huilerie usine d'Eseka	2025-04-15	Anne Chantal Ngo Ngidjol
PI25196-A	SOCAPALM_Eseka	SOCAPALM	Fourniture_Pose	10837895	1.48	Lost	0	Terminé	Closed	travaux de mise à la terre de la salle serveur et du bâtiment administratif usine d'Eseka, PDA testable	2025-04-15	Anne Chantal Ngo Ngidjol
PI25197-A	SOCAPALM_Eseka	SOCAPALM	Fourniture_Pose	21274895	1.48	Lost	0	Terminé	Closed	travaux de mise à la terre du pont bascule et du bâtiment huilerie usine d'Eseka, PDA testable	2025-04-15	Anne Chantal Ngo Ngidjol
PI25198	SABC_Ndokoti	Boissons du Cameroun	Fourniture	6580575	1.35	3538170	1	Terminé	Closed	BESOIN POUR REVISION ANNUELLE CH8 MOELLER	2025-04-17	Jean Bossango
PI25199	SABC_Yaounde	Boissons du Cameroun	Fourniture	1341371	1.35	3529464	1	Terminé	Closed	Cabler et mettre en service le coffrêt de commande de la pompe mobile lavage TOD	2025-04-18	Jean Bossango
PI25200	SABC_Garoua	Boissons du Cameroun	Fourniture	5600360	1	3526523	1	Terminé	Closed	BESOIN DE CABLES POUR RESOLUTION ANOMALIES PALETISEUR CHAINE 06	2025-04-18	Jean Bossango
PI25201	SABC_Yaounde	Boissons du Cameroun	Fourniture_Pose	0	1	Lost	0	Annulé	Closed	L'electrification du nouveau conteneur du magasin de rechange des pieces de usine de yaounde	2025-04-21	
PI25202	SABC_Koumassi	Boissons du Cameroun	Fourniture_Pose	1930200	1.2	3532976	1	Terminé	Closed	mise en conformité coffret éclairage SDM	2025-04-14	Clément Tientcheu
PI25203	SABC_Koumassi	Boissons du Cameroun	Fourniture_Pose	756000	1.2	3545240	1	Terminé	Closed	Fourniture et câblage électrique du moteur transporteur entrée soutireuse fût	2025-04-17	Patrick Aimé HAMO FIKOUE
PI25204	SABC_Koumassi	Boissons du Cameroun	Fourniture_Pose	1964600	1.21	Lost	0	Terminé	Closed	Mise en conformite coffret pompe recirculation	2025-04-14	Clément Tientcheu
PI25205	SIAC	Boissons du Cameroun	Fourniture_Pose	394500	1.2	Lost	0	Terminé	Closed	Remplacement cable commande pompe forage sans gaine TPC	2025-04-16	Christel TCHATO
PI25206	SIAC	Boissons du Cameroun	Fourniture_Pose	602000	1.2	Lost	0	Terminé	Closed	Remplacement cable commande pompe forage avec gaine TPC	2025-04-16	Christel TCHATO
PI25207	SABC_Yaounde	Boissons du Cameroun	Placement_RH	840000	1	3519041	1	Terminé	Closed	PRESTATION JANV A DEC 2025: RENFORT INSTRUMENTISTE JUNIOR ET ASSISTANT METROLOGUE	2025-04-22	
PI25208	SABC_Ndokoti	Boissons du Cameroun	Fourniture	3124680	1.3	Lost	0	Terminé	Closed	Pièce de rechange "Module Ethercat" pour remise en service visiontech 2	2025-04-23	Jean Bossango
PI25209	SABC_Yaounde	Boissons du Cameroun	Reparation	0	1	Lost	0	Annulé	Closed	Consultation pour remise en service des postes de soudures	2025-04-23	
PI25210	SABC_Yaounde	Boissons du Cameroun	Reparation	375000	2.5	3540027	1	Terminé	Closed	Consultaion pour réparation d'un distillateur	2025-04-23	
PI25211	SABC_Ndokoti	Boissons du Cameroun	Fourniture_Pose	7714250	1.26	Lost	0	Terminé	Closed	ECLAIRAGE MAGASIN PR	2025-04-26	
PI25212	SABC_Garoua	Boissons du Cameroun	Fourniture	2879595	1.95	3527193	1	Terminé	Closed	MATERIEL CIP ENTONNEMENT GAROUA	2025-04-28	Rosine Kati
PI25213	HBO_Clients	HBO	Metrologie	590000	1	Lost	0	Terminé	Closed	EQUIPEMENT DE METROLOGIE SPECIFIQUE CRITIQUES - SUR SITE	2025-04-28	
PI25214	SEMC	SEMC	Fourniture_Pose	1065750	1	3532819	1	Terminé	Closed	Travaux supp. Etagere Major+Plaque indentification+Projecteurs LED	2025-04-23	Cheugoua Rommel
PI25215	SOCAPALM_Bambou	SOCAPALM	Fourniture_Pose	499650	1	SCP0825POH00451	1	Terminé	Closed	Amélioration de la valeur de terre de la station météo usine de mbambou	2025-04-25	
PI25216	HBO_Clients	HBO	Metrologie	200000	1	Lost	0	Terminé	Closed	EQUIPEMENT DE METROLOGIE SPECIFIQUE CRITIQUES - EN LABO	2025-04-28	
PI25217	SIAC	Boissons du Cameroun	Fourniture_Pose	849700	1.4	Lost	0	Terminé	Closed	Conception d'une Gaine Technique Logement pour le batiment administratif	2025-04-27	Christel TCHATO
PI25218	HBO_Clients	HBO	Metrologie	0	1	Lost	0	Terminé	Closed	Certification du pont bascule par le ministere du commerce	2025-04-29	
PI25219	HBO_Clients	HBO	Metrologie	0	1	Lost	0	Terminé	Closed	Certification du debitmetre par le ministere du commerce	2025-04-29	
PI25220	SOCAPALM_Bambou	SOCAPALM	Fourniture_Pose	0	1	Lost	0	Terminé	Closed	contrôle de la valeur de terre	2025-04-25	
PI25221	SABC_Ndokoti	Boissons du Cameroun	Fourniture_Pose	0	1	Lost	0	Annulé	Closed	Audit Chemin de Cable	2025-04-25	François Atangana
PI25222	DANGOTE_Yde	DANGOTE CEMENT SA	Fourniture_Pose	0	1	Lost	0	Terminé	Closed	REHABILITATION OF LIGHTING AND ELCTRICAL COMPONENTS	2025-04-29	Iloga Gerard
PI25223	DANGOTE_Dla	DANGOTE CEMENT SA	Fourniture	85000	1.7	Regul	1	Terminé	Closed	SUPPLY OF 16Go RAM	2025-05-02	Iloga Gerard
PI25224	SABC_Yaounde	Boissons du Cameroun	Fourniture	7664798	1.4	Lost	0	Terminé	Closed	DEMANDE D'OFFRE MATERIEL CIP CHAUDE BLOC FROID YAOUNDE	2025-05-02	
PI25225	SABC_Koumassi	Boissons du Cameroun	Fourniture	1175040	1.5	Lost	0	Terminé	Closed	Remplacer TI CO2 union HS	2025-05-05	Jean Bossango
PI25226	SABC_Yaounde	Boissons du Cameroun	Fourniture	1198541	1.4	Lost	0	Terminé	Closed	Commande urgente des contrôleurs de réseaux d'alimentation triphasée pour compresseurs d'air	2025-05-05	
PI25227	SABC_Yaounde	Boissons du Cameroun	Fourniture	6642240	1.5	Lost	0	Terminé	Closed	Commande urgente compteurs d'énergie pour
remplacement compteurs défectueux (MATAL, PEG
TC, POSTE PT1, SILO MAÏS, TGBT SDM TC (3))	2025-05-05	
PI25228	SABC_Garoua	Boissons du Cameroun	Fourniture	3707200	1.4	Lost	0	Terminé	Closed	POUR MAGASINS MPC USINE ET LOCAUX VINS CENTRE COMMERCIAL SOUARI.	2025-05-05	Jean Bossango
PI25229	DIXSTONE	Dixstone Operations Cameroun	Fourniture	1970000	1.42	Lost	0	Terminé	Closed	Sirène d’alarme pour le yard DOS	2025-05-02	Sarah Edoul
PI25230	SABC_Ndokoti	Boissons du Cameroun	Fourniture	1075200	1.5	Lost	0	Terminé	Closed	FILTRE POUR CENTRALE DE LUBRIFICATION DES LIGNE 16 ET 14	2025-05-05	Jean Bossango
PI25231	HBO-BTP	HBO	Etudes	500000	1	Lost	0	Terminé	Closed	Etudes d'un R+1 Japoma	2025-05-05	
PI25232	DANGOTE_Yde	DANGOTE CEMENT SA	Fourniture_Pose	3104200	1.4	Lost	0	Terminé	Closed	Travaux d'eclairage exterieur et batiment 	2025-04-18	
PI25233	SEMC	SEMC	Fourniture_Pose	9181200	1.2	Lost	0	Terminé	Closed	Travaux Mebleurie et Electrification Salle de reunion	2025-05-06	Germain Olivier Pondi
PI25234	CBI	CBI SARL	Fourniture	15527030	1.71	Lost	0	Terminé	Closed	Fourniture equipements electriques	2025-05-05	
PI25235	SOCAPALM_Bambou	SOCAPALM	Fourniture_Pose	3545000	1	Lost	0	Terminé	Closed	amelioration valeur prise de terre neutre local transformateur	2025-04-25	Patrick RANDRIAMISATA
PI25236	DANGOTE_Dla	DANGOTE CEMENT SA	Fourniture	4190400	1.5	Lost	0	Terminé	Closed	CONSULTATION DCC2505-13 PURCHASE OF CARBON BRUSH HOLDERS FOR 40X20X40MM	2025-05-22	Lambi Mandjeck
PI25237	DANGOTE_Dla	DANGOTE CEMENT SA	Fourniture	193165	1.5	Lost	0	Terminé	Closed	FOURNITURE DES SPARES PARTS POUR FIRE ALARM	2025-05-08	Martin-Pierre DOOH
PI25238	DIXSTONE	Dixstone Operations Cameroun	Fourniture	0	1	3303004055	1	Terminé	Closed	Solenoid Valve	2025-05-08	Sarah Edoul
PI25239	SABC_Koumassi	Boissons du Cameroun	Fourniture_Pose	3655000	1.4	Lost	0	Terminé	Closed	Fourniture et installation microscope laboratoire	2025-05-14	Hassan FOUAPON KOUOTOU
PI25240	DANGOTE_Dla	DANGOTE CEMENT SA	Fourniture_Pose	0	1	Lost	0	Terminé	Closed	Lighting & power distribution for container office/MECH	2025-05-14	Iloga Gerard
PI25242	SABC_Koumassi	Boissons du Cameroun	Fourniture_Pose	2296000	1.4	Lost	0	Terminé	Closed	Fourniture tablette pour microscope laboratoire	2025-05-14	Hassan FOUAPON KOUOTOU
PI25141	SABC_Yaounde	Boissons du Cameroun	Fourniture	202500	1.5	3521271	1	Terminé	Closed	Gaine TCP D40  rouge	2025-05-14	
PI25241	SEMC	SEMC	Fourniture_Pose	890800	1	3539133	1	Terminé	Closed	Renforcement Eclairage Nocturne Entree Infirmerie Castel Care	2025-05-09	Germain Olivier Pondi
PI25243	SCDP Depot de Maroua	SCDP	Fourniture	324680	1.4	DA DTEC N°09	1	Terminé	Closed	Fourniture Relais de securite Siemens	2025-05-16	
PI25242A	SCDP Depot de Bessengue	SCDP	Formation	0	1	Lost	0	Annulé	Closed	Formation du Personnel	2025-05-19	Joseph NONG
PI25245	SIAC	Boissons du Cameroun	Reparation	185700	1.22	3571131	1	Terminé	Closed	Reparation onduleur  swicht informatique	2025-05-20	
PI25244	SIAC	Boissons du Cameroun	Reparation	177650	1.21	Lost	0	Terminé	Closed	Reparation onduleur magasin secondaire	2025-05-20	
PI25246	SCDP Depot de Bessengue	SCDP	Fourniture_Pose	13554288	1.83	Lost	0	Terminé	Closed	Mise en conformite TGBT Immeuble ex Delta	2025-05-18	
PI25247	DIXSTONE	Dixstone Operations Cameroun	Fourniture	3400704	1.8	Lost	0	Terminé	Closed	SOFT STARTER ROCKWELL 125.0 HP 600V, 3 Phase 18KW and 75KW	2025-05-23	Sarah Edoul
PI25248	SABC_Bafoussam	Boissons du Cameroun	Reparation	0	1	Lost	0	Annulé	Closed	Dépannage des postes à souder ( lincoln 405 - safec c2 - saxo 1600G )	2025-05-23	Michel Kenmoe
PI25249	DANGOTE_Dla	DANGOTE CEMENT SA	Reparation	1428050	1.3	Lost	0	Terminé	Closed	Maintenance onduleur salle serveur et remplacement des prises et fiches	2025-05-23	
PI25249X	DIXSTONE	Dixstone Operations Cameroun	Fourniture	2988120	1.25	Lost	0	Terminé	Closed	MR-3746-STI-Flow rate totalizer	2025-05-27	Ngendeme Hervige
PI25250	SOCAVER	Societe Camerounaise des Verrieries	Metrologie	750000	1.4	3536470	1	Terminé	Closed	Vérification Métrologique EMS	2025-05-27	Philemon SANDJONG TCHAZOU 
PI25251	SABC_Bafoussam	Boissons du Cameroun	Placement_RH	105000	3.5	Lost	0	Terminé	Closed	OFFRE POUR MISE A DISPOSITION DE 03 ELECTRICIENS POUR TRAVAUX DE MAINTENANCE DE L'ONDULEUR ABB	2025-05-27	Anicet GHISLAIN FOKA
PI25252	SABC_Garoua	Boissons du Cameroun	Fourniture_Pose	86617987.200000003	1.56	3538980	1	Terminé	Closed	DEMANDE D'OFFRE POUR MATERIEL NOUVEAU MPC GAROUA	2025-05-28	Rosine Kati
PI25253	SABC_Yaounde	Boissons du Cameroun	Fourniture	6406592	1.43	3535371	1	Terminé	Closed	DEMANDE D'OFFRE POUR MATERIEL CIP CHAUDE BLOC FROID YAOUNDE	2025-05-28	Rosine Kati
PI25254	DANGOTE_Dla	DANGOTE CEMENT SA	Fourniture_Pose	0	1	CM42009887	1	Terminé	Closed	Supply& Inst Control Transformer 87Crane &  Pendant Control 87Hoist	2025-05-30	Iloga Gerard
PI25255	DANGOTE_Dla	DANGOTE CEMENT SA	Fourniture	1080000	1.5	CM42009833	1	Terminé	Closed	URGENT MATERIALS REQUIRED FOR CLINKER SILO CLEANING	2025-06-02	Iloga Gerard
PI25256	BOCOM 	BOCOM PETROLEUM SA	Fourniture	140000	1	Regul	1	Terminé	Closed	Fournir relais + ambase	2025-06-02	
PI25257	DANGOTE_Dla	DANGOTE CEMENT SA	Fourniture	6708644	1.51	Lost	0	Terminé	Closed	PURCHASE OF SOME SPARES PARTS FOR INSTRUMENTION	2025-06-03	Iloga Gerard
PI25258	SCDP Depot de  Bafoussam	SCDP	Fourniture_Pose	13681000	1.3	Lost	0	Terminé	Closed	Insuffisance d'éclairage au Dépôt de Bafoussam	2025-06-01	Joseph NONG
PI25259	DANGOTE_Dla	DANGOTE CEMENT SA	Fourniture	1 517 760	1	Lost	0	Terminé	Closed	GC23827990004	MULTIMETER,DMM6B	2025-06-02	Iloga Gerard
PI25260	SABC_Yaounde	Boissons du Cameroun	Fourniture	1781408	1.34	3542510	1	Terminé	Closed	MATERIEL POUR MISE EN SERVICE DU CONE DE REFROIDISSEMENT TOD 33	2025-06-05	Rosine Kati
PI25261	PAK	PORT AUTONOME DE KRIBI	Fourniture_Pose	241000000	1.67	Lost	0	Terminé	Closed	Projet de monitoring par SCADA du réseau d’eau du PAK a Mboro	2025-06-01	
PI25262	SCDP Depot de  Bafoussam	SCDP	Fourniture	0	1	Lost	0	Terminé	Closed	Remplacement des batteries Bafoussam - 12V 100aH Acid	2025-06-05	
PI25263	SEMC	SEMC	Fourniture_Pose	196000	1	Lost	0	Terminé	Closed	MISE EN CONFORMITE ARMOIRE ELECTRIQUE SEMC XVT908 (AE SDM01)	2025-06-07	Fred Ewande Abdou
PI25264	SCDP_Depot de Belabo	SCDP	Installation	250000	2	Lost	0	Terminé	Closed	Assistance technique - Suite depart feu SCDP Belabo	2025-06-07	Joseph NONG
PI25265	SCDP_Depot de Belabo	SCDP	Fourniture_Pose	0	1	Lost	0	Terminé	Closed	Remplacement des cables brulés - Belabo	2025-06-08	Joseph NONG
PI25266	SEMC	SEMC	Fourniture_Pose	0	1	Lost	0	Terminé	Closed	MISE EN CONFORMITE ARMOIRE ELECTRIQUE SEMC XVT908 (AE ATE MECA 02)	2025-06-07	
PI25267	SEMC	SEMC	Fourniture_Pose	475500	1	Lost	0	Terminé	Closed	MISE EN CONFORMITE ARMOIRE ELECTRIQUE SEMC XVT908 (AE CONT 09)	2025-06-07	
PI25268	SEMC	SEMC	Fourniture_Pose	0	1	Lost	0	Terminé	Closed	MISE EN CONFORMITE ARMOIRE ELECTRIQUE SEMC XVT908 (AE MPF 03 et AE MPF 01)	2025-06-07	
PI25269	SEMC	SEMC	Fourniture_Pose	0	1	Lost	0	Terminé	Closed	MISE EN CONFORMITE ARMOIRE ELECTRIQUE SEMC XVT908 (AE ECLAIRAGE CONT)	2025-06-07	
PI25270	SEMC	SEMC	Fourniture_Pose	0	1	Lost	0	Terminé	Closed	MISE EN CONFORMITE ARMOIRE ELECTRIQUE SEMC XVT908 (AE TECHNIQUE 01)	2025-06-07	
PI25271	SOCAVER	Societe Camerounaise des Verrieries	Fourniture	2941395	1	Lost	0	Terminé	Closed	ACHAT DES DÉTECTEURS DE MOUVEMENT ET DE PRÉSENCE POUR LA COMMANDE DE L'ÉCLAIRAGE DANS  L'USINE	2025-06-10	Philemon SANDJONG TCHAZOU 
PI25272	SEMC	SEMC	Fourniture_Pose	0	1	Lost	0	Terminé	Closed	MISE EN CONFORMITE ARMOIRE ELECTRIQUE SEMC XVT908 (AE VILLA)	2025-06-07	
PI25273	SEMC	SEMC	Fourniture_Pose	5788560	3	3558025	1	Terminé	Closed	Mise en conformite Centrale d'energie	2025-06-05	Voltaire Tchotchou
PI25274	SABC_Bafoussam	Boissons du Cameroun	Fourniture_Pose	0	1	Lost	0	Terminé	Closed	FOURNITURE ET INSTALLATION PROJECTEURS SOLAIRES MUR EXTERIEUR STEP	2025-06-06	Anicet GHISLAIN FOKA
PI25275	DIXSTONE	Dixstone Operations Cameroun	Fourniture	3129516	1.3	Lost	0	Terminé	Closed	MR-3746-STI-Flow rate totalizer	2025-06-13	Sarah Edoul
PI25276	SABC_Ndokoti	Boissons du Cameroun	Fourniture	794300	1.3	3537523	1	Terminé	Closed	BESOIN DE GAINE DE PROTECTION POUR  FIBRE OPTIQUE LIGN15	2025-06-13	Cedric NGAKAM
PI25277	SABC_Ndokoti	Boissons du Cameroun	Fourniture	0	1	Lost	0	Terminé	Closed	Pour modification de l'eclairage de la ligne 8	2025-06-16	Jean Bossango
PI25278	SABC_Koumassi	Boissons du Cameroun	Fourniture_Pose	18247094	1.35	Lost	0	Terminé	Closed	PROJET DE MISE EN RESEAU ET SUPERVISION DE 06 FOSSES  
DE RELEVAGE DE LA STEP USINE KOUMASSI AVEC CPU 
DECENTRALISEES 	2025-06-16	Iris Dkouam
PI25279	SABC_Koumassi	Boissons du Cameroun	Fourniture_Pose	15759342	1.45	Lost	0	Terminé	Closed	PROJET DE MISE EN RESEAU ET SUPERVISION DE 06 FOSSES  
DE RELEVAGE DE LA STEP USINE KOUMASSI AVEC MODULES 
DECENTRALISES 	2025-06-16	Iris Dkouam
PI25280	SABC_Bafoussam	Boissons du Cameroun	Fourniture	2553000	1.5	Lost	0	Terminé	Closed	Materiels pour échanges de signaux entre
Montelektro et le Bac Amont de la filtration	2025-06-15	Hassan FOUAPON KOUOTOU
PI25281	SOCAVER	Societe Camerounaise des Verrieries	Fourniture	4999800	1.5	Lost	0	Terminé	Closed	FIN DE COURSE	2025-06-16	Philemon SANDJONG TCHAZOU 
PI25285	SABC_Yaounde	Boissons du Cameroun	Fourniture	1715646	1.5	Lost	0	Terminé	Closed	RELEVES DES PARAMETRES DES CARBOMILLS	2025-06-16	Michel KAMGA DZETCHU 
PI25282	SABC_Bafoussam	Boissons du Cameroun	Fourniture	0	1	3538290	1	Terminé	Closed	Pour Travaux projet filtration Bafoussam avec Montelektro	2025-06-17	Hassan FOUAPON KOUOTOU
PI25283	SABC_Yaounde	Boissons du Cameroun	Fourniture	0	1	Lost	0	Terminé	Closed	Gamelles LED Pour Amelioration Eclairage TC	2025-06-17	Michel KAMGA DZETCHU 
PI25284	SEMC	SEMC	Fourniture	0	1	Lost	0	Terminé	Closed	CONSULTATION KITS CONTRE LES ARCS ELECTRIQUES SITE SABC USINE SEMC	2025-06-17	Ruth Ngo Makoumba
PI25286	SABC_Garoua	Boissons du Cameroun	Fourniture	866722	1.8	3542209	1	Terminé	Closed	REFROIDISSEUR ARMOIRE ELECTRIQUE PALETISEUR CHAINE 7	2025-06-18	Martine KACTHE BIDEG 
PI25287	SABC_Yaounde	Boissons du Cameroun	Fourniture_Pose	1501000	1.4	Lost	0	Terminé	Closed	travaux de correction discontinuité de la descente SILOS maïs	2025-06-18	Hassan FOUAPON KOUOTOU
PI25289	SABC_Ndokoti	Boissons du Cameroun	Fourniture_Pose	0	1	Lost	0	Annulé	Closed	Travaux de remplacement Detecteurs M18 Ndokoti	2025-06-30	
PI25288A	SABC_Koumassi	Boissons du Cameroun	Fourniture	9517500	1.35	Lost	0	Terminé	Closed	Demande de prixncâble Aéro pasto - local élec L15	2025-06-19	Cedric NGAKAM
PI25290	SABC_Bafoussam	Boissons du Cameroun	Fourniture	858720	1.5	Lost	0	Terminé	Closed	REMPLACEMENT DES ELECTRODISTRIBUTEURS DEFECTUEUX 	2025-06-19	Jean Bossango
PI25291	Soticam	SOTICAM	Fourniture	575000	3.65	SOT_usine_EN_001.V00.R01	1	Terminé	Closed	fourniture balance élctrique de precision	2025-07-27	Brice Nyasse
PI25292	SCDP Depot de  Bafoussam	SCDP	Fourniture_Pose	5349950	1.57	2025000322	1	Terminé	Closed	Remplacement cable alimentation batiment administratif	2025-06-20	Joseph NONG
PI25293	SCDP Depot de  Bafoussam	SCDP	Fourniture_Pose	0	1	Lost	0	Terminé	Closed	Mise en conformite coffret batiment administratif	2025-06-20	Joseph NONG
PI25299	SCDP Depot de Bessengue	SCDP		18086267	1	Lost	0	Terminé	Closed	MAINTENANCE DES DEUX ONDULEURS HP33100H 100KVA LOCAL TGBT BAFOUSSAM	2025-06-25	Joseph NONG
PI25300	DANGOTE_Dla	DANGOTE CEMENT SA	Fourniture_Pose	170850	1	Regul	1	Terminé	Closed	Travaux de deplacement detecteur de fumee	2025-06-20	Martin-Pierre DOOH
PI25294	SCDP Depot de Bessengue	SCDP	Fourniture_Pose	2678600	1.3	Lost	0	Terminé	Closed	Remplacement onduleur 6kVA local DCI	2025-06-21	Joseph NONG
PI25297	SCDP Depot de Bessengue	SCDP	Fourniture_Pose	1295500	1.3	Lost	0	Terminé	Closed	Remplacement batteries onduleur 100kVA Immeuble Delta	2025-06-21	Joseph NONG
PI25295	SCDP Depot de Bessengue	SCDP	Fourniture_Pose	11019792	1.3	Lost	0	Terminé	Closed	MAINTENANCE ONDULEUR APC 80KVA LOCAL DCI	2025-06-21	Joseph NONG
PI25296	SCDP Depot de Bessengue	SCDP	Fourniture_Pose	1701000	1.3	Lost	0	Terminé	Closed	Maintenance onduleur 10kVA Bessengue-Pomperie	2025-06-21	Joseph NONG
PI25298	SCDP Depot de Bessengue	SCDP	Fourniture_Pose	483044	1.3	Lost	0	Terminé	Closed	Remplacement batteries onduleur 100kVA Immeuble Delta	2025-06-21	Joseph NONG
PI25301	SCDP Depot de Bessengue	SCDP	Fourniture_Pose	383044	1.3	Lost	0	Terminé	Closed	Remplacement Batteries onduleur 100kVA local electrique yaounde nsam	2025-06-21	Joseph NONG
PI25302	SABC_Bafoussam	Boissons du Cameroun	Fourniture_Pose	1187400	1.3	Lost	0	Terminé	Closed	remplacement et la mise en service des compteurs d'Energie de la filtration et compteur ensilage	2025-06-18	Anicet GHISLAIN FOKA
PI25303	SABC_Bafoussam	Boissons du Cameroun	Fourniture_Pose	12439798	1.4	3540183	1	Terminé	Closed	RE: OFFRE POUR LA METTRE EN SERVICE DU BAC DE COLLECTE ET DU BAC DE TRANSFERT DES EAUX RECUPEREES A LA LAVEUSE DE BOUTEILLES CH4.	2025-06-17	Michel Kenmoe
PI25304	SABC_Ndokoti	Boissons du Cameroun	Fourniture_Pose	682500	1.3	3540183	1	Terminé	Closed	DEMANDE DE PRIX ALIMENTATION EQUIPEMENTS HEUFT CH15	2025-06-24	Cedric NGAKAM
PI25305	SABC_Koumassi	Boissons du Cameroun	Fourniture	0	1	Lost	0	Terminé	Closed	REMPLACEMENT VANNE PETITE FLAMME HS ET PR DE SECURITE	2025-06-24	Jean Bossango
PI25306	SOCAVER	Societe Camerounaise des Verrieries	Metrologie	0	1	Lost	0	Terminé	Closed	Verification EMS	2025-06-24	Philemon SANDJONG TCHAZOU 
PI25307	SOCAVER	Societe Camerounaise des Verrieries	Metrologie	0	1	3543329	1	Terminé	Closed	ETALONNAGE ESM DIMENTIONNELLES LABORATOIRE	2025-06-24	
PI25308	SABC_Ndokoti	Boissons du Cameroun	Fourniture	6523874	1.5	Lost	0	Terminé	Closed	Fournitures Matériels de communication pour échanges de signaux caves grilles sudmo et lignes 15 et 16 krones NDOKOTI	2025-06-23	
PI25309	SIAC	Boissons du Cameroun	Fourniture_Pose	0	1	Lost	0	Terminé	Closed	Maintenance curative parc onduleur siac 	2025-02-04	
PI25312	SABC_Ndokoti	Boissons du Cameroun	Installation	3292500	1.24	Lost	0	Terminé	Closed	RÉHABILITATION ÉCLAIRAGE EXTÉRIEUR CENTRE EMBALLAGE NDOKOTI	2025-07-03	François Atangana
PI25310	SABC_Ndokoti	Boissons du Cameroun	Fourniture_Pose	3988600	1.37	3546179	1	Terminé	Closed	TRAVAUX ASSISTANCE ELECTRIQUE	2025-06-30	François Atangana
PI25313	DANGOTE_Dla	DANGOTE CEMENT SA	Fourniture	2506500	1	Lost	0	Terminé	Closed	RFQ DCC2506-20 HMI,6AV2124-1GC01-0AX0,KP700 COMFORT	2025-06-30	Saurelle Metiegoum
PI25314	SOCAVER	Societe Camerounaise des Verrieries	Fourniture_Pose	4396248.4800000004	1.3	3553648	1	Terminé	Closed	Réhabilitation des armoires de commande des Ponts de traitement à Froid Lignes 21 & 22	2025-07-01	Armand Tchounkeu
PI25315	SOCAVER	Societe Camerounaise des Verrieries	Fourniture_Pose	0	1	Lost	0	Terminé	Closed	Fourniture et pose d'une nouvelle armoire four préchauffage moule	2025-07-01	Armand Tchounkeu
PI25317	SIAC	Boissons du Cameroun	Fourniture_Pose	135000	1	Lost	0	Terminé	Closed	Réparation onduleurs 2KVA	2025-07-02	Christel TCHATO
PI25316	SABC_Ndokoti	Boissons du Cameroun	Fourniture	6387552	1	Lost	0	Terminé	Closed	DEMANDE DE PRIX MATERIELS TRAVAUX ELECTRIQUES	2025-07-02	Cedric NGAKAM
PI25318	SIAC	Boissons du Cameroun	Fourniture	0	1	Lost	0	Terminé	Closed	Remplacement disjoncteur Compact	2025-07-03	Christel TCHATO
PI25319	SABC_Koumassi	Boissons du Cameroun	Fourniture_Pose	0	1	Lost	0	Terminé	Closed	fourniture et pose de Compteur horaire A KOUMASSI	2025-07-03	Iris Dkouam
PI25320	SABC_Yaounde	Boissons du Cameroun	Fourniture	5950599	1.3	Lost	0	Terminé	Closed	DEMANDE D'OFFRE MATERIEL YAOUNDE	2025-07-03	Rosine Kati
PI25321	SABC_Koumassi	Boissons du Cameroun	Fourniture	6498720	1.5	Lost	0	Terminé	Closed	POUR MONTAGE SUR LES TUBES DES POMPES VIDES FUTS DISPONIBLES AU MPR	2025-07-03	Jean Bossango
PI25322	SABC_Koumassi	Boissons du Cameroun	Fourniture	11841210	1.5	3550739	1	Terminé	Closed	MATERIEL SIEMENS POUR REVAMPING CIP TBF KOUMASSI	2025-07-03	Hassan FOUAPON KOUOTOU
PI25323S	SABC_Koumassi	Boissons du Cameroun	Fourniture	165000	1.5	Lost	0	Terminé	Closed	Rallonge pour travaux de maintenance SGX et COND.	2025-07-07	Jean Bossango
PI25324	DIXSTONE	Dixstone Operations Cameroun	Fourniture	6367760	1.4	Lost	0	Terminé	Closed	MR-3773-STI Viatran Pressure Sensor	2025-07-04	Sarah Edoul
PI25325	DIXSTONE	Dixstone Operations Cameroun	Fourniture	1685600	1.4	Lost	0	Terminé	Closed	RIG LUG - MR 50316 printer cartridge	2025-07-07	Sarah Edoul
PI25326	DIXSTONE	Dixstone Operations Cameroun	Fourniture	3115668	1.43	Lost	0	Terminé	Closed	Fourniture matériel électrique magasin DOS	2025-07-04	Sarah Edoul
PI25327	SABC_Ndokoti	Boissons du Cameroun	Fourniture	1578744	1.35	Lost	0	Terminé	Closed	MINI PC POUR UPGRADE APPLICATION DE SUPERVISION CAVES	2025-07-04	Cedric NGAKAM
PI25328	SABC_Bafoussam	Boissons du Cameroun	Fourniture	2375040	1.5	3563145	1	Terminé	Closed	REMPLACEMENT DES ELECTROVANNES DE PURGE	2025-06-26	Michel KAMGA DZETCHU 
PI25329	DANGOTE_Dla	DANGOTE CEMENT SA	Fourniture_Pose	29642400	1	CM40007044	1	Terminé	Closed	Power module ATV1200 700/200	2025-07-10	Saurelle Metiegoum
PI25330	SOCAVER	Societe Camerounaise des Verrieries	Fourniture_Pose	3638512	1.33	Lost	0	Terminé	Closed	Mise en conformite coffrets bouts froids	2025-07-09	Cecile TCHUIENCHE
PI25331	SABC_Yaounde	Boissons du Cameroun	Fourniture	45816000	1.5	Lost	0	Terminé	Closed	CALIBRATEUR AUTOMATIQUE DE PRESSION ADDITEL 761H	2025-07-10	Michel KAMGA DZETCHU 
PI25332	SCDP Depot de Nsam	SCDP	Fourniture_Pose	0	1	Lost	0	Annulé	Closed	REHABILITATION DISPOSITIF ARRET URGENCE DEPOTS SCDP	2025-07-04	Joseph NONG
PI25333	Barry Callebaut	Barry Callebaut	Fourniture	0	1	Lost	0	Terminé	Closed	FOURNITURE KITS DE CONSIGNATION	2025-07-11	Jules Passomben Bakak
PI25334	SOTICAM	SOTICAM	Fourniture	0	1	USINE 062	1	Terminé	Closed	Fourniture balance 5Kg 0.01	2025-07-11	
PI25335	SOTICAM	SOTICAM	Fourniture	0	1	Lost	0	Terminé	Closed	Fourniture certificats d'approbation pompes Venus Petroleum	2025-07-11	
PI25336	DANGOTE_Dla	DANGOTE CEMENT SA	Fourniture	5166720	1.3	Lost	0	Terminé	Closed	RFQ DCC 2507-11 LIMIT SWITCH BOX,RCE4-MEC	2025-07-11	Saurelle Metiegoum
PI25337	DANGOTE_Dla	DANGOTE CEMENT SA	Fourniture_Pose	152644973	1.73	Lost	0	Terminé	Closed	RFQ E&I/DCC 2506-12 Replacing ALGOREX FIRE ALARM with the SIEMENS FIRE ALARM	2025-07-07	Saurelle Metiegoum
PI25338	SABC_Yaounde	Boissons du Cameroun	Fourniture	4837322	1.42	Lost	0	Terminé	Closed	ALIMENTATION COFFRET ELECTRIQUE RAM	2025-07-10	Rosine Kati
PI25339	SABC_Yaounde	Boissons du Cameroun	Fourniture	7367468	1.35	Lost	0	Terminé	Closed	ALIMENTATION POMPES EAU FROIDE EAU CHAUDE CIP ENTONNEMENT	2025-07-10	Rosine Kati
PI25340	SOCAVER	Societe Camerounaise des Verrieries	Fourniture	0	1	Lost	0	Annulé	Closed	DA N°3233797 / 3236162 __ACHAT DES LUMINAIRES POUR TRAVAUX D'AGRANDISSEMENT DU BOUT FROID 21-22	2025-07-14	Philemon SANDJONG TCHAZOU 
PI25341	SOCAVER	Societe Camerounaise des Verrieries	Fourniture	0	1	Lost	0	Annulé	Closed	COMMANDE PR ELECTRIQUES POUR REAPPROVISIONNEMENT STOK	2025-07-15	Philemon SANDJONG TCHAZOU 
PI25342	SABC_Ndokoti	Boissons du Cameroun	Installation	0	1	3558818	1	Terminé	Closed	Mise à disposition de 04 électriciens instrumentites au service de maintenance 	2025-07-15	Cedric NGAKAM
PI25343	DANGOTE_Dla	DANGOTE CEMENT SA	Fourniture_Pose	0	1	Lost	0	Terminé	Closed	SUPPLY AND INSTALLATION OF PUMP CONTROL PANEL Living Area	2025-07-16	Saurelle Metiegoum
PI25344	SABC_Koumassi	Boissons du Cameroun	Fourniture_Pose	0	1	Lost	0	Annulé	Closed	Fourniture et raccordement des armoires des fosses d'eaux usées empotage de l'usine Koumassi 	2025-07-16	Judiscael YONKEU HEKOUA
PI25345	SABC_Yaounde	Boissons du Cameroun	Fourniture	1942140	1.52	3550312	1	Terminé	Closed	 FOURNITURE MATERIELS POUR ECHANGES DE SIGNAUX 
FILTRATION <-> SUEDMO FILTRATION YDE	2025-07-18	Rosine Kati
PI25346	SABC_Koumassi	Boissons du Cameroun	Fourniture	0	1	3569077	1	Terminé	Closed	FOURNITURE DE 03 PROJECTEURS ET 03 VENTILATEURS POUR TRAVAUX DE REVISION	2025-07-19	Roland Jani
PI25347	SABC_Koumassi	Boissons du Cameroun	Fourniture_Pose	0	1	Lost	0	Terminé	Closed	MISE EN CONFORMITE D'ECLAIRAGES dans la zone propre Conditionnement ligne 9	2025-07-20	Roland Jani
PI25348	SABC_Koumassi	Boissons du Cameroun	Fourniture_Pose	0	1	Lost	0	Terminé	Closed	MISE EN CONFORMITE D'ECLAIRAGES dans la zone propre Conditionnement ligne 12	2025-07-20	Roland Jani
PI25349	SOCAVER	Societe Camerounaise des Verrieries	Fourniture	0	1	3548481	1	Terminé	Closed	REAPPROVISIONNEMENT STOCK PESON 1000KG	2025-07-21	Philemon SANDJONG TCHAZOU 
PI25350	SOCAVER	Societe Camerounaise des Verrieries	Fourniture	0	1	Lost	0	Terminé	Closed	ACHAT SIRÈNE POUR REMPLACEMENT DE LA SIRÈNE INTER-HORAIRES USINE SOCAVER	2025-07-21	Philemon SANDJONG TCHAZOU 
PI25351	DIXSTONE	Dixstone Operations Cameroun	Fourniture	2266622	1.42	Lost	0	Terminé	Closed	Eclairage ADN 130	2025-07-18	Sarah Edoul
PI25352	DANGOTE_Dla	DANGOTE CEMENT SA	Fourniture	399500	2.5	Lost	0	Terminé	Closed	PWR SUPPLY;101035;MOD;RS-150-24,MEANWELL	2025-07-11	Saurelle Metiegoum
PI25353	SABC_Garoua	Boissons du Cameroun	Fourniture	2795147	1.22	Lost	0	Terminé	Closed	DEMANDE D'OFFRE PROJECTEURS PROJETS GAROUA	2025-07-22	Rosine Kati
PI25354	SABC_Yaounde	Boissons du Cameroun	Fourniture	4204650	1.31	3550329	1	Terminé	Closed	DEMANDE D'OFFRE MATERIEL POUR DEPLACEMENT VANNES WHIRPOOL	2025-07-23	Rosine Kati
PI25355	SABC_Koumassi	Boissons du Cameroun	Fourniture	0	1	Lost	0	Terminé	Closed	Consoles d'automatisme et d'instrumentation pour intervention et projet pour des equipements TIA V19 et V20  et sur les controleurs HEUFTS des lignes 	2025-07-23	Rosine Kati
PI25356	SABC_Koumassi	Boissons du Cameroun	Fourniture	19724320	1.4	Lost	0	Terminé	Closed	MATERIEL ENDRESS & HAUSSER REVAMPING CIP TBF KOUMASSI	2025-07-23	Rosine Kati
PI25357	SOCAVER	Societe Camerounaise des Verrieries	Fourniture_Pose	0	1	Lost	0	Terminé	Closed	Motorisation couvercle préchauffer moule 	2025-07-23	Armand Tchounkeu
PI25358	SOCAVER	Societe Camerounaise des Verrieries	Fourniture	0	1	Lost	0	Terminé	Closed	COMMANDE DES PDR ÉLECTRIQUES (DISJONCTEURS)	2025-07-24	Philemon SANDJONG TCHAZOU 
PI25359	SABC_Garoua	Boissons du Cameroun	Fourniture	0	1	Lost	0	Terminé	Closed	Console d'automatisme et d'instrumentation en 
remplacement de celles défectueuses	2025-07-25	Rosine Kati
PI25360	SCDP Depot de Bessengue	SCDP	Fourniture_Pose	1479000	1.43	2025000335	1	Terminé	Closed	REHABILITATION BOUTONS D'ARRET D'URGENCE DEPOT BESSENGUE	2025-07-24	Francois OUNKAP
PI25361	SCDP Depot de Bessengue	SCDP	Fourniture_Pose	0	1	2025000335	1	Terminé	Closed	ASSERVISSEMENT SIRENE D'ALARME DEPOT DE FUEL-DEIDO	2025-07-24	Francois OUNKAP
PI25362	DANGOTE_Dla	DANGOTE CEMENT SA	Fourniture	1460368	1.3	Lost	0	Terminé	Closed	Purchase of MCCB,3P,160A,690V,50KA, S2S 160 R100	2025-07-25	Saurelle Metiegoum
PI25363	SABC_Ndokoti	Boissons du Cameroun	Fourniture_Pose	0	1	Lost	0	Terminé	Closed	ECLAIRAGE LOCAL GROUPE ELECTROGENE CH7/CH13	2025-07-26	
PI25364	SABC_Bafoussam	Boissons du Cameroun	Fourniture	0	1	Lost	0	Terminé	Closed	REMPLACEMENT DES ELECTROVANNES 
DEFECTUEUSES SUR LE CONTROLEUR DE 
PURGES	2025-07-28	Michel KAMGA DZETCHU 
PI25365	SABC_Bafoussam	Boissons du Cameroun	Fourniture_Pose	766500	1.43	Lost	0	Terminé	Closed	PASSAGE D'UN CABLE DU LOCAL ELECTRIQUE TRAITEMENT DES EAUX POUR LE COFFRET ONDULEE STEP-GARAGE	2025-07-28	
PI25366	SABC_Yaounde	Boissons du Cameroun	Fourniture	1520560	1	3559586	1	Terminé	Closed	COMMANDE DES FLOTTEURS A POIRE POUR INSTALLATION SUR APPOINT D'EAU DES AEROS	2025-07-29	Jean Bossango
PI25367	NeoIndustry_Kekem	NEO INDUSTRY SA	Metrologie	0	1	Lost	0	Terminé	Closed	Travaux de verification et etalonnage des sondes	2025-07-29	Leo SIKATI
PI25368	DANGOTE_Dla	DANGOTE CEMENT SA	Fourniture	0	1	Lost	0	Terminé	Closed	SOLENOID COIL,230V,8W,4818653D DSLF	2025-07-29	Saurelle Metiegoum
PI25369	SABC_Bafoussam	Boissons du Cameroun	Fourniture_Pose	0	1	Lost	0	Terminé	Closed	PASSAGE D'UN CABLE  DU LOCAL ELECTRIQUE TRAITEMENT DES EAUX POUR LE COFFRET ONDULEE STEP-GARAGE	2025-07-29	
PI25370	DIXSTONE	Dixstone Operations Cameroun	Fourniture_Pose	0	1	Lost	0	Terminé	Closed	MR-BESOIN DES INSTALATIONS DES CAMERAS DE SURVEILLENCE DANS LA WAREHOUSE DOS	2025-07-29	Sarah Edoul
PI25371	SABC_Koumassi	Boissons du Cameroun	Fourniture	3758061	1.3	3550180	1	Terminé	Closed	MATERIELS FESTO POUR REVAMPING CIP TBF KOUMASSI	2025-07-28	Rosine Kati
PI25372	NeoIndustry_Kekem	NEO INDUSTRY SA	Fourniture	0	1	Lost	0	Terminé	Closed	Pieces de rechange	2025-07-31	Leo SIKATI
PI25373	NeoIndustry_Kekem	NEO INDUSTRY SA	Fourniture	1391000	1	722	1	Terminé	Closed	Pieces de rechange	2025-07-31	Leo SIKATI
PI25374	SABC_Koumassi	Boissons du Cameroun	Fourniture	0	1	Lost	0	Terminé	Closed	AUTRES MATERIEL POUR REVAMPING CIP TBF KOUMASSI	2025-07-31	Rosine Kati
PI25375	SOCAVER	Societe Camerounaise des Verrieries	Metrologie	0	1	Lost	0	Terminé	Closed	ETALONNAGE ESM DIMENTIONNELLES LABORATOIRE  SUPPLEMENT	2025-07-30	
PI25376	NeoIndustry_Kekem	NEO INDUSTRY SA	Fourniture	0	1	Lost	0	Terminé	Closed	Pieces de rechange	2025-08-01	Leo SIKATI
PI25377	NeoIndustry_Kekem	NEO INDUSTRY SA	Fourniture	0	1	Lost	0	Terminé	Closed	Pieces de rechange	2025-08-01	Leo SIKATI
PI25378	NeoIndustry_Kekem	NEO INDUSTRY SA	Fourniture	0	1	Lost	0	Terminé	Closed	Pieces de rechange	2025-08-01	Leo SIKATI
PI25379	NeoIndustry_Kekem	NEO INDUSTRY SA	Fourniture	0	1	691/MAINT/2025	1	Terminé	Closed	Pieces de rechange	2025-08-01	Leo SIKATI
PI25380	SOCAVER	Societe Camerounaise des Verrieries	Fourniture_Pose	0	1	Lost	0	Terminé	Closed	MISE EN CONFORMTE COFFRET GUERITE PRINCIPALE	2025-08-01	Cecile TCHUIENCHE
PI25381	SOCAVER	Societe Camerounaise des Verrieries	Fourniture_Pose	0	1	Lost	0	Terminé	Closed	POUR INSTALLATION ET MISE EN SERVICE DES DGPT2 POUR TRANSFORMATEURS ÉLEVATEURS 2000KVA PRÉFORME & 1000KVA MINICENTRALE	2025-08-01	Cecile TCHUIENCHE
PI25382	SABC_Koumassi	Boissons du Cameroun	Fourniture	2288800	1.6	Lost	0	Terminé	Closed	MATERIEL SCHNEIDER POUR REVAMPING CIP TBF KOUMASSI	2025-07-23	Rosine Kati
PI25383	SABC_Garoua	Boissons du Cameroun	Fourniture	0	1	Lost	0	Terminé	Closed	DEMANDE D'OFFRE MATERIEL MPC GAROUA	2025-08-04	Rosine Kati
PI25384	SCDP Depot de  Bafoussam	SCDP	Fourniture_Pose	0	1	Lost	0	Terminé	Closed	SERTISSAGE COSSES LOCAL ELECTRIQUE - LOCAL TRANSFORMATEUR	2025-08-04	Joseph NONG
PI25385	SCDP Depot de  Bafoussam	SCDP	Fourniture_Pose	0	1	Lost	0	Terminé	Closed	REMPLACEMENT CABLE ALIMENTATION BATIMENT ADMINISTRATIF ET MISE EN CONFORMITE COFFRET BATIMENT ADMINISTRATIF	2025-08-04	Joseph NONG
PI25386	SCDP Depot de  Bafoussam	SCDP	Fourniture_Pose	0	1	Lost	0	Terminé	Closed	REHABILITATION ECLAIRAGE EXTERIEUR DEPOT	2025-08-04	Joseph NONG
PI25387	SCDP Depot de  Bafoussam	SCDP	Fourniture_Pose	0	1	Lost	0	Terminé	Closed	REHABILITATION COFFRET ECLAIRAGE EXTERIEUR	2025-08-04	Joseph NONG
PI25388	SCDP Depot de  Bafoussam	SCDP	Fourniture_Pose	1725000	1.3	2025000389	1	Terminé	Closed	ETAT BOUTONS D'ARRET D'URGENCE DEPOT BAF	2025-10-07	Joseph NONG
PI25389	NeoIndustry_Kekem	NEO INDUSTRY SA	Fourniture	4264416	1.3	Lost	0	Annulé	Closed	FOURNITURE PASTILLES	2025-08-01	Leo SIKATI
PI25390	SABC_Bafoussam	Boissons du Cameroun	Fourniture_Pose	0	1	Lost	0	Terminé	Closed	ALIMENTATION ET MISE EN SERVICE MONTE CHARGE CHAINE 7	2025-08-05	Michel Kenmoe
PI25391	DANGOTE_Dla	DANGOTE CEMENT SA	Fourniture	0	1	Lost	0	Terminé	Closed	SUPPLY OF SWITCH,PR,0-50MBAR,230V,GW-50-A5	2025-08-05	Saurelle Metiegoum
PI25392	SABC_Koumassi	Boissons du Cameroun	Fourniture	1220800	1	Lost	0	Terminé	Closed	DEMANDE D'OFFRE PROJET KOUMASSI	2025-08-05	Rosine Kati
PI25393	SABC_Koumassi	Boissons du Cameroun	Fourniture	0	1	Lost	0	Terminé	Closed	DEMANDE D'OFFRE POUR UNE COMMANDE DE CONSOLE PG SIEMENS -SIEGE BALI	2025-08-05	Rosine Kati
PI25394	SABC_Yaounde	Boissons du Cameroun	Fourniture	0	1	Lost	0	Terminé	Closed	FOURNITURE CHEMINS DE CABLES LOCAL ELECTRIQUE PT2	2025-08-06	
PI25395	NeoIndustry_Kekem	NEO INDUSTRY SA	Fourniture	1253196	1.3	Lost	0	Terminé	Closed	FOURNITURE PALIERS ET ROULEMENTS	2025-08-06	Leo SIKATI
PI25396	NeoIndustry_Kekem	NEO INDUSTRY SA	Fourniture	2062421	1.3	Lost	0	Terminé	Closed	FOURNITURE TUYAUX ET ROULEMENTS	2025-08-06	Leo SIKATI
PI25397	SABC_Bafoussam	Boissons du Cameroun	Installation	0	1	3554350	1	Terminé	Closed	Devis main d'œuvre révision CH5 prévue du 11 au 24 aout 2025	2025-08-06	Cheugoua Rommel
PI25398	BOCOM 	BOCOM PETROLEUM SA	Installation	0	1	Lost	0	Annulé	Closed	Installation Batterie de condensteur a l'immeuble BOCOM / PAsta 	2025-08-03	
PI25399	SOCAVER	Societe Camerounaise des Verrieries	Fourniture	4407420	1.5	Lost	0	Terminé	Closed	FOURNITURE PRESSOSTAT	2025-08-08	Philemon SANDJONG TCHAZOU 
PI25400	SABC_Ndokoti	Boissons du Cameroun	Placement_RH	8670000	1.46	Lost	0	Terminé	Closed	Eclairage Révision annuelle chaine 8 du 01/09/25 au 21/09/2025	2025-08-08	François Atangana
PI25401	SABC_Ndokoti	Boissons du Cameroun	Fourniture_Pose	0	1	Lost	0	Terminé	Closed	révision annuelle chaine 8 en semaine 36 à 39 du 1ier au 21 septembre 2025	2025-08-08	François Atangana
PI25402	SABC_Yaounde	Boissons du Cameroun	Fourniture	0	1	3558012	1	Terminé	Closed	BESOIN DES GAMELLES POUR ECLAIRAGE CHAINE 8 UBG	2025-08-09	Michel KAMGA DZETCHU 
PI25403	NeoIndustry_Kekem	NEO INDUSTRY SA	Fourniture	0	1	Lost	0	Terminé	Closed	Remplacement des equipements de mesure defectueux sur les temperatures	2025-08-08	Leo SIKATI
PI25323	SABC_Bafoussam	Boissons du Cameroun	Fourniture_Pose	1111700	1.52	3559853	1	Terminé	Closed	INSTALLATION COFFRET COMMANDE DE LA POMPE DE RECUPERATION SOUDE LAVEUSE CH 	2025-07-18	Corneille Mbah Tiiomela
PI25404	Barry Callebaut	Barry Callebaut	Fourniture	0	1	CM0124083	1	Terminé	Closed	RFQ Barry CallebautS_MATERIELS SECURITE INCENDIE ET CONSIGNATION LOTOTO	2025-08-07	Jules Passomben Bakak
PI25405	SABC_Bafoussam	Boissons du Cameroun	Placement_RH	0	1	regul	1	Terminé	Closed	Main d'oeuvre révision CH5 prévue du 11 au 24 aout 2025	2025-08-11	Cheugoua Rommel
PI25406	SABC_Koumassi	Boissons du Cameroun	Fourniture	2990680	1.6	Lost	0	Terminé	Closed	Caisse a outils Electricien	2025-08-11	Christel TCHATO
PI25252	SABC_Garoua	Boissons du Cameroun	Fourniture_Pose	0	1	3538980	1	Terminé	Closed	DEMANDE D'OFFRE POUR MATERIEL NOUVEAU MPC GAROUA	2025-05-28	Rosine Kati
PI25407	SOCAPALM_Eseka	SOCAPALM	Audit	1077700	1	Lost	0	Terminé	Closed	Vérification des installations électriques (coffret et MALT)	2025-08-12	Anne Chantal Ngo Ngidjol
PI25408	SABC_Bafoussam	Boissons du Cameroun	Fourniture	0	1	Lost	0	Terminé	Closed	MATERIEL ECLAIRAGE LIGNES 4 & 5 BAFOUSSAM	2025-08-15	Rosine Kati
PI25409	BOCOM 	BOCOM PETROLEUM SA	Fourniture	9408480	1.63	Lost	0	Terminé	Closed	fourniture couvercles chemins de câbles	2025-08-12	
PI25410	BOCOM Industry	BOCOM Industry	Fourniture	19235500	1.55	Lost	0	Terminé	Closed	fourniture câble souple blindé 5G120 mm2	2025-08-12	
PI25411	BOCOM 	BOCOM PETROLEUM SA	Installation	698600	1.47	Lost	0	Terminé	Closed	Installation batterie de condensateurs	2025-08-18	
PI25412	SABC_Yaounde	Boissons du Cameroun	Fourniture	0	1	Lost	0	Terminé	Closed	DEMANDE DE PRIX MATERIELS POUR LA SUITE DES TRAVAUX  DE MISE LA TERRE DU GF CLAUGER YAOUNDE	2025-08-18	Rosine Kati
PI25413A	SABC_Bafoussam	Boissons du Cameroun	Fourniture	1032659	1.6	Lost	0	Terminé	Closed	REMPLACEMENT DES RELAIS 
STATIQUES DEFECTUEUX DANS L'ARMOIRE 
DE LA TORCHERE	2025-08-18	Alain Serge NOUNY NGASSAM 
PI25414	NeoIndustry_Kekem	NEO INDUSTRY SA	Fourniture	7314944	1.6	767	1	Terminé	Closed	Réapprovisionnement de stock	2025-08-19	Leo SIKATI
PI25415	SABC_Ndokoti	Boissons du Cameroun	Fourniture	2700000	1	Lost	0	Terminé	Closed	Console d'automatisme et d'instrumentation pour la nouvelle ligne 15	2025-08-20	Cedric NGAKAM
PI25416	SABC_Garoua	Boissons du Cameroun	Fourniture	1606016	1.6	Lost	0	Terminé	Closed	MINI PC BRASSAGE GAROUA	2025-08-20	Rosine Kati
PI25417	SOCAVER	Societe Camerounaise des Verrieries	Fourniture	2984328	1.5	Lost	0	Terminé	Closed	MODULE DE FREINAGE POUR LIGNE DE TRAITEMENT GROISIL	2025-08-20	Philemon SANDJONG TCHAZOU 
PI25418	NeoIndustry_Kekem	NEO INDUSTRY SA	Fourniture	0	1	Lost	0	Terminé	Closed	FOURNITURE MATERIEL ELECTRICIEN	2025-08-20	Leo SIKATI
PI25419	NeoIndustry_Kekem	NEO INDUSTRY SA	Fourniture	0	1	Lost	0	Terminé	Closed	FOURNITURE PERCEUSES ET ACCESSOIRES 	2025-08-20	Leo SIKATI
PI25420	NeoIndustry_Kekem	NEO INDUSTRY SA	Fourniture	1764963	1.4	Lost	0	Terminé	Closed	FOURNITURE TRANSPONDEUR ET APPAREIL DE DIAGNOSTIQUE	2025-08-20	Leo SIKATI
PI25421	NeoIndustry_Kekem	NEO INDUSTRY SA	Fourniture	378000	1.5	766	1	Terminé	Closed	FOURNITURE TESTEUR INJECTEUR	2025-08-20	Leo SIKATI
PI25422	NeoIndustry_Kekem	NEO INDUSTRY SA	Fourniture	0	1	Lost	0	Terminé	Closed	FOURNITURE VANNES ET ACCESSOIRES	2025-08-20	Leo SIKATI
PI25423	SABC_Bafoussam	Boissons du Cameroun	Fourniture	0	1	Lost	0	Annulé	Closed	FOURNITURE 02 MOTO VENTILATEURS POUR MOTEURS 3KW SEW	2025-08-20	Joseph DJIEUBOU 
PI25424	SABC_Koumassi	Boissons du Cameroun	Fourniture	1390000	1.6	3554288	1	Terminé	Closed	Demande d'offre pour matériel de câblage électrique projet désalcoolisation KOUMASSI	2025-08-21	Rosine Kati
PI25425	NeoIndustry_Kekem	NEO INDUSTRY SA	Fourniture	2500000	1	BCA02205	1	Terminé	Closed	FOURNITURE PIECES DE RECHANGE	2025-08-20	Leo SIKATI
PI25426	SABC_Ndokoti	Boissons du Cameroun	Fourniture	0	1	3587471	1	Terminé	Closed	Defaillance Spectrum Habillage  ligne16: Inspectrice hors service	2025-08-21	François Atangana
PI25427	SCDP Depot de Bessengue	SCDP	Fourniture_Pose	0	1	Lost	0	Terminé	Closed		2025-08-22	
PI25428	SCDP Depot de Bessengue	SCDP	Fourniture_Pose	0	1	Lost	0	Terminé	Closed		2025-08-22	
PI25429	SCDP Depot de Bessengue	SCDP	Fourniture_Pose	0	1	Lost	0	Terminé	Closed		2025-08-22	
PI25430	SABC_Yaounde	Boissons du Cameroun	Fourniture	1236928	1.4	Lost	0	Terminé	Closed	 BESOIN URGENT DE 2 REGULATEURS DE 
PRESSION POUR FILTRES SIROPERIE UBG	2025-08-22	Alain Serge NOUNY NGASSAM 
PI25431	SABC_Yaounde	Boissons du Cameroun	Fourniture	1409408	1.5	Lost	0	Terminé	Closed	 BESOIN URGENT DE FIN DE COURSE POUR 
PALLETISEUR UBG	2025-08-22	Alain Serge NOUNY NGASSAM 
PI25432	NeoIndustry_Kekem	NEO INDUSTRY SA	Fourniture	0	1	Lost	0	Terminé	Closed	FOURNITURE MATERIEL ATELIER PRESSE	2025-08-20	Leo SIKATI
PI25433	NeoIndustry_Kekem	NEO INDUSTRY SA	Fourniture	705000	1.5	Lost	0	Terminé	Closed	FOURNITURE FLEXIBLE PNEUMATIQUE 6x4mm	2025-08-25	
PI25434	NeoIndustry_Kekem	NEO INDUSTRY SA	Fourniture	4884192	1.8	Lost	0	Terminé	Closed	FOURNITURE DETECTEUR DE RUPTURE	2025-10-01	Leo SIKATI
PI25435	NeoIndustry_Kekem	NEO INDUSTRY SA	Fourniture	0	1	Lost	0	Terminé	Closed	FOURNITURE ELECTRODE SAFER	2025-08-25	Leo SIKATI
PI25436	SABC_Koumassi	Boissons du Cameroun	Fourniture	207000	1.5	Lost	0	Terminé	Closed	Demande d'offre matériel supplémentaire projet desalcoolosation bière Koumassi	2025-08-27	Rosine Kati
PI25437	DANGOTE_Dla	DANGOTE CEMENT SA	Fourniture_Pose	10623122	1.54	Lost	0	Terminé	Closed	SUPPLY & INSTALLATION OF ABB PANEL SWITCH HANDLES	2025-08-26	Saurelle Metiegoum
PI25438	SOCAVER	Societe Camerounaise des Verrieries	Fourniture	0	1	Lost	0	Terminé	Closed	SIRENE ELECTROMECANIQUE	2025-12-18	Philemon SANDJONG TCHAZOU 
PI25439	SABC_Ndokoti	Boissons du Cameroun	Fourniture	746550	1.5	Lost	0	Terminé	Closed	BESOIN OFFRE POUR REMPLACEMENT COFFRET EXTERNE LIGNE 15	2025-08-27	Cedric NGAKAM
PI25439A	SABC_Ndokoti	Boissons du Cameroun	Fourniture	1094250	1.5	Lost	0	Terminé	Closed	BESOIN OFFRE POUR REMPLACEMENT COFFRET EXTERNE LIGNE 15	2025-08-27	Cedric NGAKAM
PI25440	NeoIndustry_Kekem	NEO INDUSTRY SA	Fourniture	0	1	Lost	0	Annulé	Closed	FOURNITURE THERMOHYGROMETRE	2025-08-27	Leo SIKATI
PI25441	SOCAVER	Societe Camerounaise des Verrieries	Fourniture	869120	1.4	Lost	0	Terminé	Closed	COMMANDE PR ELECTRIQUES POUR REAPPROVISIONNEMENT STOCK	2025-08-27	Philemon SANDJONG TCHAZOU 
PI25442	SABC_Koumassi	Boissons du Cameroun	Fourniture_Pose	12339441	1.46	Lost	0	Terminé	Closed	Plan Poste Contrôle et Surveillance	2025-08-28	Christel TCHATO
PI25443	SABC_Ndokoti	Boissons du Cameroun	Fourniture	0	1	Lost	0	Annulé	Closed	FOURNITURE DISJONCTEUR ALIMENTATION NOUVELLE SOUTIREUSE L8	2025-08-28	Cedric NGAKAM
PI25444	DANGOTE_Dla	DANGOTE CEMENT SA	Fourniture	8460000	1.5	Lost	0	Terminé	Closed	ALARM SOUNDER BEACON,230V,105DB	2025-08-28	Saurelle Metiegoum
PI25449	SEMC	SEMC	Fourniture_Pose	2548600	1	3552174	1	Terminé	Closed	Travaux  d'electrification Nouvelle Salle de reunion SEMC	2025-06-20	Voltaire Tchotchou
PI25413	SABC_Yaounde	Boissons du Cameroun	Fourniture	0	1	3554430	1	Terminé	Closed	MATERIELS POUR LA SUITE DES TRAVAUX  DE MISE LA TERRE DU GF CLAUGER YAOUNDE	2025-08-18	
PI25445	NeoIndustry_Kekem	NEO INDUSTRY SA	Fourniture	344264	1.4	Lost	0	Terminé	Closed	CAPTEUR DE NIVEAU A FLOTTEUR VERTICAL3I6	2025-09-01	Leo SIKATI
PI25446	NeoIndustry_Kekem	NEO INDUSTRY SA	Fourniture	1983000	2	Lost	0	Terminé	Closed	Balance et Dessicateur	2025-09-01	Leo SIKATI
PI25447	SABC_Garoua	Boissons du Cameroun	Fourniture	0	1	Lost	0	Terminé	Closed	PLAFONNIER POUR MPC GAROUA	2025-09-02	Rosine Kati
PI25448	DIXSTONE	Dixstone Operations Cameroun	Metrologie	0	1	3303004740	1	Terminé	Closed	Calibration Pressure Transducers	2025-09-01	Sarah Edoul
PI25450	SCDP Depot de Bessengue	SCDP	Fourniture	0	1	Lost	0	Terminé	Closed	Padlock LOTO	2025-09-02	Joseph NONG
PI25451	DANGOTE_Dla	DANGOTE CEMENT SA	Fourniture_Pose	848619	1.4	Lost	0	Terminé	Closed	DCC2509-07 PORTABLE PH METER FOR LRS INSPECTION  - SUPPLY AND INSTALLATION OF HANDLE KEYS SIEMENS	2025-09-04	Saurelle Metiegoum
PI25452	DANGOTE_Dla	DANGOTE CEMENT SA	Fourniture	1503432	1	Lost	0	Terminé	Closed	TENDER DCC2509-09 PROCESSOR CP342-5. 6GK7 342-5DA03	2025-09-04	Saurelle Metiegoum
PI25453	DANGOTE_Dla	DANGOTE CEMENT SA	Fourniture_Pose	0	1	Lost	0	Terminé	Closed	TENDER DCC2508-13 Installation of Fire pumping system control panel	2025-09-01	Saurelle Metiegoum
PI25454	SABC_Koumassi	Boissons du Cameroun	Fourniture_Pose	940000	1	Lost	0	Terminé	Closed	Fourniture et pose trois projecteurs LED pour renforcement Eclairage Suite Travaux Migration FILTRATION	2025-09-05	Rosine Kati
PI25455	SOCAPALM_Eseka	SOCAPALM	Fourniture_Pose	0	1	Lost	0	Annulé	Closed	Fourniture et Mise en service Sonnerie	2025-09-04	Bayemi Kotto Emmanuel
PI25232S	DANGOTE_Yde	DANGOTE CEMENT SA	Fourniture_Pose	1932600	1.2	CM42009985	1	Terminé	Closed	Travaux d'eclairage exterieur et batiment 	2025-04-18	
PI25456	SABC_Koumassi	Boissons du Cameroun	Fourniture_Pose	0	1	Lost	0	Terminé	Closed	Consultation pour fourniture et pose ILS (Interrupteur Local de Sécurité) 75KW Moulin 9T KOUMASSI	2025-09-01	
PI25457	SABC_Yaounde	Boissons du Cameroun	Fourniture	1340000	1.3	Lost	0	Terminé	Closed	DEMANDE D'OFFRE POUR GAMELLE LED 200W PROJET CIP ENTONNEMENT YAOUNDE	2025-09-05	Rosine Kati
PI25458	SABC_Yaounde	Boissons du Cameroun	Fourniture	0	1	Lost	0	Terminé	Closed	DEMANDE D'OFFRE POUR DETECTEURS PROJETS STRUCTURANTS YAOUNDE	2025-09-08	Rosine Kati
PI25459	SABC_Koumassi	Boissons du Cameroun	Fourniture	5615750	1.57	3559346	1	Terminé	Closed	câble supplémentaire pour alimentation des armoires projet filtration Koumassi	2025-09-08	Rosine Kati
PI25460	SABC_Garoua	Boissons du Cameroun	Fourniture	3777520	1.51	3565644	1	Terminé	Closed	Matériel nouveau filtre ORIION Garoua	2025-09-08	Rosine Kati
PI25461	SABC_Yaounde	Boissons du Cameroun	Fourniture	440180	1.4	Lost	0	Terminé	Closed	DETECTEURS PROJETS STRUCTURANTS YAOUNDE	2025-09-08	Rosine Kati
PI25462	TICAM	TICAM SA	Metrologie	3535000	1	Lost	0	Terminé	Closed	Etalonnage des ESM Soticam	2025-09-08	
PI25463	SOCAVER	Societe Camerounaise des Verrieries	Fourniture_Pose	2213896	1.56	Lost	0	Terminé	Closed		2025-09-02	Philemon SANDJONG TCHAZOU 
PI25464	SOTICAM	SOTICAM	Fourniture	1712240	1.7	Lost	0	Terminé	Closed	Balance Kern 150Kg 1kg - Plateau	2025-09-08	
PI25465	SOCAPALM_Eseka	SOCAPALM	Fourniture_Pose	0	1	Lost	0	Terminé	Closed		2025-09-10	Anne Chantal Ngo Ngidjol
PI25466	SOCAPALM_Eseka	SOCAPALM	Fourniture_Pose	0	1	Lost	0	Terminé	Closed		2025-09-10	Anne Chantal Ngo Ngidjol
PI25467	SABC_Koumassi	Boissons du Cameroun	Fourniture	1350000	1	3559347	1	Terminé	Closed	FOURNITURE DU CABLE 4G1mm2	2025-09-10	Rosine Kati
PI25468	SABC_Garoua	Boissons du Cameroun	Fourniture	0	1	3565646	1	Terminé	Closed	DEMANDE D'OFFRE POUR MATERIEL ELECTRIQUE POUR MONTAGE FILTRE USINE DE GAROUA	2025-09-10	Rosine Kati
PI25469	SIAC	Boissons du Cameroun	Fourniture_Pose	2625432	1.37	Lost	0	Terminé	Closed	Remplacement Coffret electrique Salle serveur SIAC	2025-12-11	Sylvain Lonchele
PI25470	SABC_Ndokoti	Boissons du Cameroun	Fourniture	8562400	1	Lost	0	Terminé	Closed	PDR POUR REMISE EN SERVICE DE L '
ONDULEUR DES CAVES	2025-09-12	Rosine Kati
PI25471	SABC_Koumassi	Boissons du Cameroun	Fourniture	249000	1	3566416	1	Terminé	Closed	gaine à fibre optique pour projet migration filtration Koumassi	2025-09-15	Rosine Kati
PI25472	DANGOTE_Dla	DANGOTE CEMENT SA	Fourniture	14787904	1.64	Lost	0	Terminé	Closed	Autopac door repairing 	2025-09-09	Saurelle Metiegoum
PI25473	DANGOTE_Dla	DANGOTE CEMENT SA	Fourniture	0	1	Lost	0	Terminé	Closed	Supply and installation of electrical consummables / square false ceilix led lamp	2025-09-09	Saurelle Metiegoum
PI25474	SABC_Garoua	Boissons du Cameroun	Fourniture	1598720	1.6	Lost	0	Terminé	Closed	Pour harmonisation des transmetteurs 4-20mA
dans les sondes de température TOD et PR de
reserve.	2025-09-15	Alain Serge NOUNY NGASSAM 
PI25475	DANGOTE_Dla	DANGOTE CEMENT SA	Fourniture	224400	1	Lost	0	Terminé	Closed	Carte analogique	2025-09-16	Martin-Pierre DOOH
PI25288	DANGOTE_Dla	DANGOTE CEMENT SA	Fourniture	188955	1.3	40007003	1	Terminé	Closed	encodeur pepper fuchs	2025-06-18	Saurelle Metiegoum
PI25476	SABC_Ndokoti	Boissons du Cameroun	Fourniture	4778714	1.6	Lost	0	Terminé	Closed	Pour complement materiel du chantier de 
l'eclairage de la ch8	2025-09-17	Victor William Mpondo Mouyeme
PI25477	SABC_Ndokoti	Boissons du Cameroun	Fourniture	2244352	1.6	3563269	1	Terminé	Closed	DEMANDE DE PRIX 3240612	2025-09-17	Victor William Mpondo Mouyeme
PI25478	SOTICAM	SOTICAM	Installation	500000	1	Lost	0	Terminé	Closed	Progiciel de gestion des dechets - Phase 1	2025-09-18	Hassan ATWI
PI25479	SIAC	Boissons du Cameroun	Fourniture_Pose	194120	1.3	3571135	1	Terminé	Closed	Rehabilitation Prise Climatiseur Salle Serveur	2025-09-19	Sylvain Lonchele
PI25480	SABC_Ndokoti	Boissons du Cameroun	Fourniture	17464000	1	Lost	0	Terminé	Closed	Consultation pour Eclairage et climatisation Extension bureau L15	2025-09-22	Cedric NGAKAM
PI25481-1	DANGOTE_Dla	DANGOTE CEMENT SA	Fourniture	930462	1.95	Lost	0	Terminé	Closed	RFQ Supply & Installation of a burner mot - 1.1kW  90Sburner motor	2025-09-19	Saurelle Metiegoum
PI25482-A	NeoIndustry_Kekem	NEO INDUSTRY SA	Fourniture	13504000	1.4	Lost	0	Terminé	Closed	Réhabilitation du circuit d'admjssion d'eau du broyeur à couteaux de l'atelier torréfaction	2025-09-23	Leo SIKATI
PI25483	DANGOTE_Dla	DANGOTE CEMENT SA	Fourniture_Pose	0	1	Lost	0	Terminé	Closed	REHAB INDOOR LIGHTX TALL PROCESS BUILDX-OUTDOOR LIGHTX SPEED APPRO	2025-09-23	Saurelle Metiegoum
PI25484	SABC_Bafoussam	Boissons du Cameroun	Fourniture_Pose	290000	2.8	Lost	0	Terminé	Closed	TRAVAUX ANNEXES DE MAINTENANCE POSTES ET CELLULES MT USINE LOCAL XFO SS-SOL BRASSAGE ET LOCAL TGBT CONDITIONNEMENT	2025-09-23	Anicet GHISLAIN FOKA
PI25485	ADDAX	Addax Petroleum Cameroon Company SA	Reparation	8728192	2.1800000000000002	Lost	0	Terminé	Closed	REPAIR OF THE ACRP102 COOLING UNIT AT THE DATA CENTRE	2025-09-23	Cyrille Njoko
PI25486	DANGOTE_Dla	DANGOTE CEMENT SA	Fourniture	3385600	1.6	Lost	0	Terminé	Closed	PURCHASE OF 10 MANUAL SIREN ALARM 120db WITHOUT POWER SUPPLY	2025-09-23	Christian Essaka
PI25487	NeoIndustry_Kekem	NEO INDUSTRY SA	Fourniture	0	1	Lost	0	Terminé	Closed	Pour soudure TIG	2025-09-23	Leo SIKATI
PI25488	SABC_Bafoussam	Boissons du Cameroun	Fourniture_Pose	8020000	2.17	Lost	0	Terminé	Closed	FOURNITURE ET REMPLACEMENT DES CABLES DES SONDES DE TEMPERATURE TOD	2025-09-25	Anicet GHISLAIN FOKA
PI25489	NeoIndustry_Kekem	NEO INDUSTRY SA	Fourniture	0	1	BCA02546	1	Terminé	Closed	Fourniture Accouplement 42R 1/1B	2025-09-25	Leo SIKATI
PI25490	DANGOTE_Dla	DANGOTE CEMENT SA	Fourniture_Pose	0	1	Lost	0	Terminé	Closed	Supply & Inst. of three (03) Aviation Lamps - ELECTRICAL	2025-09-25	Benjamin N. Eteh
PI25491	Sodecoton	SODECOTON	Fourniture	0	1.6	Lost	0	Terminé	Closed	SODECOTON - AVIS09-25	2025-09-25	
PI25492	NeoIndustry_Kekem	NEO INDUSTRY SA	Fourniture	0	1	Lost	0	Annulé	Closed	PRECIBALL	2025-09-25	Leo SIKATI
PI25493	SABC_Bafoussam	Boissons du Cameroun	Fourniture	0	1	Lost	0	Terminé	Closed	Matériels de communication projet ALPHA LAVAL <-> SOUTIREUSES BAFOUSSAM par Montelektro	2025-09-26	Rosine Kati
PI25496	NeoIndustry_Kekem	NEO INDUSTRY SA	Fourniture	22334576	1.43	Lost	0	Terminé	Closed	Remplacer les pompes doseuses de la salle de traitement d'eau	2025-09-26	Leo SIKATI
PI25497	NeoIndustry_Kekem	NEO INDUSTRY SA	Fourniture	224000	1.6	Lost	0	Terminé	Closed	Destruction des documents non utilisables	2025-09-26	Leo SIKATI
PI25498	NeoIndustry_Kekem	NEO INDUSTRY SA	Fourniture	0	1	Lost	0	Annulé	Closed	Pour remplacernent des existants usés - Balance en ligne MSDL-80	2025-09-26	Leo SIKATI
PI25499	NeoIndustry_Kekem	NEO INDUSTRY SA	Fourniture	0	1	Lost	0	Annulé	Closed	EBM-070N	2025-09-26	Leo SIKATI
PI25500	DANGOTE_Dla	DANGOTE CEMENT SA	Fourniture	0	1	Lost	0	Terminé	Closed	RFQ for Plant Street Lighting - ELECTRICAL	2025-09-26	Benjamin N. Eteh
PI25501	NeoIndustry_Kekem	NEO INDUSTRY SA	Fourniture	0	1	Lost	0	Annulé	Closed	EBM-071N	2025-09-26	Leo SIKATI
PI25494	NeoIndustry_Kekem	NEO INDUSTRY SA	Fourniture	8976340	1.3	Lost	0	Terminé	Closed	Modification du système moto-ventilateur du cyclone C par un système de transmission poulie courroie	2025-09-26	Leo SIKATI
PI25502	SOCAPALM_Eseka	SOCAPALM	Fourniture	63000	3	Lost	0	Terminé	Closed	Relais instantanné 12V 4NO	2025-09-27	Bayemi Kotto Emmanuel
PI25503	SABC_Bafoussam	Boissons du Cameroun	Fourniture_Pose	360000	2.8	Lost	0	Terminé	Closed	TRAVAUX ANNEXES DE MAINTENANCE POSTES ET CELLULES MT USINE CENTRALE THERMIQUE	2025-09-23	
PI25504	DANGOTE_Dla	DANGOTE CEMENT SA	Fourniture	0	1	Lost	0	Terminé	Closed	LAMP,METAL HALIDE,E40	2025-09-29	Benjamin N. Eteh
PI25505	SOCAVER	Societe Camerounaise des Verrieries	Fourniture	7336180	1.57	3566222	1	Terminé	Closed	COMMANDE CONNECTEURS ELECTRIQUE POUR REAPPROVISIONNEMENT STOCK	2025-09-29	Philemon SANDJONG TCHAZOU 
PI25506	NeoIndustry_Kekem	NEO INDUSTRY SA	Fourniture	0	1	Lost	0	Terminé	Closed	Roulements	2025-09-30	Leo SIKATI
PI25507	DANGOTE_Dla	DANGOTE CEMENT SA	Fourniture_Pose	0	1	CM42010282	1	Terminé	Closed	RHEHABILITATION OF INDOOR LIGHTING TALL PROCESS BUILDINGS	2025-09-23	Saurelle Metiegoum
PI25508	SIAC	Boissons du Cameroun	Fourniture_Pose	0	1	3573985	1	Terminé	Closed	Mise en conformite coffret electrique salle cafe Etage Bat Administratif	2025-09-30	Sylvain Lonchele
PI25509	DANGOTE_Dla	DANGOTE CEMENT SA	Reparation	0	1	Lost	0	Terminé	Closed	RFQ E&I/ DCC2509-30 TENDER NAME: CCR SREEN REPAIR / INSTRUMENTATION 	2025-10-01	Saurelle Metiegoum
PI25510	SOCAVER	Societe Camerounaise des Verrieries	Fourniture	3627900	1.55	Lost	0	Terminé	Closed	Bobines	2025-10-01	Philemon SANDJONG TCHAZOU 
PI25511	DANGOTE_Dla	DANGOTE CEMENT SA	Fourniture	0	1	Lost	0	Terminé	Closed	DCC 2509-48 Supply AUX CONTACT, 3RH1931-1DA11, 1NO + 1NC - ELECTRICAL	2025-10-01	Benjamin N. Eteh
PI25512	NeoIndustry_Kekem	NEO INDUSTRY SA	Fourniture	18321300	1.5	Lost	0	Terminé	Closed	GRAND BAC A BEC POLYPROPYLENE ALVEOLAIRE Pour agrandissement Magasin Central et rangement des afticles	2025-10-01	Leo SIKATI
PI25513	NeoIndustry_Kekem	NEO INDUSTRY SA	Fourniture	0	1	Lost	0	Terminé	Closed	Pour remplacement des joints alimentaires usés des équipements et utilisation quotidienne
des outils	2025-10-01	Leo SIKATI
PI25514	SABC_Koumassi	Boissons du Cameroun	Fourniture_Pose	5355950	1	Lost	0	Terminé	Closed	travaux de mise à jour des  capteurs de présence à la guérite principale	2025-10-02	Tientcheu Clement
PI25515	SABC_Koumassi	Boissons du Cameroun	Fourniture_Pose	0	1	Lost	0	Terminé	Closed	VISITE DE JANVIER AVEC TEGUIA en attente	2025-10-02	
PI25516	SABC_Bafoussam	Boissons du Cameroun	Fourniture	1200000	1	3565648	1	Terminé	Closed	demande d'offre fourniture materiel pour projet ALPHA LAVAL Bafoussam	2025-10-02	Rosine Kati
PI25517	SABC_Ndokoti	Boissons du Cameroun	Fourniture	3062500	1	3565179	1	Terminé	Closed	chantier remplacement soutireuse CH8	2025-10-02	
PI25518	DANGOTE SIEGE	DANGOTE CEMENT SA	Fourniture	219850	1	Regul	1	Terminé	Closed	Regularisation [PI25223 16Gb desktop RAM + PI25300 Deplacement detecteur]	2025-10-06	Iloga Gerard
PI25519	SABC_Ndokoti	Boissons du Cameroun	Fourniture_Pose	6299500	1.37	Lost	0	Terminé	Closed	REVAMPING DES CHEMINS DE CABLES AUX TRAITEMENTS DES EAUX NDOKOTI	2025-10-02	Yves Ajoumessi
PI25520	SABC_Bafoussam	Boissons du Cameroun	Fourniture	513890	1.7	Lost	0	Terminé	Closed	Mise en service nouveaux tableaux pontage	2025-03-10	Rosine Kati
PI25521	SABC_Ndokoti	Boissons du Cameroun	Fourniture	10143900	1.5	Lost	0	Terminé	Closed	CELLULE  pour TK ,ENCAISSE ,DECAISSE  et TB	2025-10-03	François Atangana
PI25522	SABC_Bafoussam	Boissons du Cameroun	Placement_RH	0	1	3595258	1	Terminé	Closed	Mise à disposition personnel de maintenance révision CH4	2025-10-06	Cheugoua Rommel
PI25523	SOCAPALM_Eseka	SOCAPALM	Fourniture_Pose	498800	1	Lost	0	Terminé	Closed	Inspection et remise en État de l'inverseur groupe électrogène Volvo 46kva de la cité des cadres	2025-10-06	Anne Chantal Ngo Ngidjol
PI25524	SABC_Bafoussam	Boissons du Cameroun	Placement_RH	0	1	Lost	0	Terminé	Closed	Mise à disposition personnel de maintenance révision CH4	2025-10-06	Cheugoua Rommel
PI25525	DANGOTE_Dla	DANGOTE CEMENT SA	Fourniture_Pose	0	1	Lost	0	Terminé	Closed	RFQ DCC2509-33 Supply and inst. Of Ground cable lups bolt sc	2025-10-06	Saurelle Metiegoum
PI25526	SABC_Ndokoti	Boissons du Cameroun	Fourniture	1495000	1.3	3567424	1	Terminé	Closed	POUR RENFORCEMENT ECLAIRAGE CLOTURE USINE	2025-10-07	Victor William Mpondo Mouyeme
PI25527	SABC_Ndokoti	Boissons du Cameroun	Fourniture_Pose	9784500	1.57	Lost	0	Terminé	Closed	Amélioration de la luminosité au magasin Produit trop de zones d'ombres	2025-10-29	François Atangana
PI25528	DANGOTE_Dla	DANGOTE CEMENT SA	Fourniture	6119176	1.4	Lost	0	Terminé	Closed	DCC 2511 - 08 /Supply of Few Items of ELWETRICAL	2025-11-21	Benjamin N. Eteh
PI25529	SABC_Garoua	Boissons du Cameroun	Fourniture_Pose	0	1	Lost	0	Terminé	Closed	DEPLACEMENT EQUIPEMENTS CIRCUIT ECLAIRAGE SUR PILONNE GAROUA	2025-10-07	Rosine Kati
PI25530	SABC_Garoua	Boissons du Cameroun	Fourniture_Pose	7337000	1.4	3569951	1	Terminé	Closed	DEPLACEMENT EQUIPEMENTS PARATONNERRE SUR PILONNE GAROUA	2025-10-07	Rosine Kati
PI25531	DANGOTE_Dla	DANGOTE CEMENT SA	Fourniture	0	1	Lost	0	Terminé	Closed	Supply of Few Items for INSTRUMENTATION	2025-10-07	Benjamin N. Eteh
PI25532	SABC_Koumassi	Boissons du Cameroun	Fourniture	624000	1.3	3566414	1	Terminé	Closed	DEMANDE D'OFFRE MATERIEL PROJETFILTRATION KOUMASSI	2025-10-07	Rosine Kati
PI25533	NeoIndustry_Kekem	NEO INDUSTRY SA	Fourniture	514923	1	Lost	0	Terminé	Closed	remplacement du transformateur du détecteur magnétique ligne beurre	2025-10-03	Leo SIKATI
PI25535	NeoIndustry_Kekem	NEO INDUSTRY SA	Fourniture	0	1	Lost	0	Terminé	Closed	Pour remplacement des joints usés du réducteur du mixeur	2025-10-03	Leo SIKATI
PI25534	SEMC	SEMC	Fourniture_Pose	6812000	1.6	Lost	0	Terminé	Closed	ECLAIRAGE EXTERNE USINE SEMC	2025-10-08	Germain PONDI
PI25536	DIXSTONE	Dixstone Operations Cameroun	Installation	3996000	1.6	Lost	0	Terminé	Closed	A130-2025-090005-B // (Service Request for GENERATOR N°2)	2025-10-08	Hervige Ngendeme
PI25537	DANGOTE_Dla	DANGOTE CEMENT SA	Fourniture	0	1	CM40007240	1	Terminé	Closed	Supply of following item: FLOWTRANSMITTER;ABB;ProcessMaster;FEP311 – INSTRUMENTATION.      	2025-10-10	Benjamin N. Eteh
PI25538	SABC_Siege	Boissons du Cameroun	Fourniture	1318192	2	Lost	0	Terminé	Closed	SUPPORT POUR SAUVEGARDE DES BACKUPS ET PROGRAMMES D'INGENIEURIE HMI ET  REALISATION DES CLOONAGES DES PC BOX	2025-10-10	Rosine Kati
PI25539	HBO_Clients	HBO	Metrologie	150165000	1.3	Lost	0	Terminé	Closed	Metrologie Parc instrument Niger-Benin	2025-10-10	PIR
PI25540	Terre du Monde	Terre du Monde	Fourniture_Pose	0	1	Lost	0	Terminé	Closed	Mise en conformite Armoires Electriques et Cablerie Usine de Palmerais de Njombe	2025-10-09	
PI25541	Terre du Monde	Terre du Monde	Fourniture_Pose	0	1	Lost	0	Terminé	Closed	Mise en conformite Reseau Terre et Equipotentialité Usine de Palmerais de Njombe	2025-10-09	
PI25542	SABC_Koumassi	Boissons du Cameroun	Fourniture	288000	1	3571333	1	Terminé	Closed	DEMANDE D'OFFRE MATERIEL PROJETFILTRATION KOUMASSI	2025-10-13	Rosine Kati
PI25543	NeoIndustry_Kekem	NEO INDUSTRY SA	Fourniture	20296640	1	Lost	0	Terminé	Closed	Détermination visuelle de la couleur de la poudre et du tourteau de cacao, lors des analyses sensorielles	2025-10-08	Leo SIKATI
PI25544	NeoIndustry_Kekem	NEO INDUSTRY SA	Fourniture	1142000	1	Lost	0	Terminé	Closed	pour cabient pca batiment administratif	2025-10-08	Leo SIKATI
PI25545	DANGOTE SIEGE	DANGOTE CEMENT SA	Fourniture	124000	1	CM40007097 	1	Terminé	Closed	solenoid coil 230V	2025-09-03	
PI25546	DIXSTONE	Dixstone Operations Cameroun	Fourniture	975000	1	Lost	0	Terminé	Closed	MR-3835-STI -CABLES DE PUISSANCE	2025-10-24	Sarah Edoul
PI25547	SABC_Ndokoti	Boissons du Cameroun	Fourniture_Pose	6039104	1.26	Lost	0	Terminé	Closed	DEPLACEMENT DES COFFRETS ELECTRIQUE DU GROUPE INFORMATIQUE	2025-10-22	Yves Ajoumessi
PI25548	DIXSTONE	Dixstone Operations Cameroun	Fourniture	3356500	1.4	3303005090	1	Terminé	Closed	SKGW-2025-020008-B(01) - Engine - Electrical Consumables	2025-10-14	Hervige Ngendeme
PI25549	SABC_Bafoussam	Boissons du Cameroun	Fourniture	6650170	1	Lost	0	Terminé	Closed	RESEAU MES SOUTIREUSE CH8	2025-10-14	Cedric NGAKAM
PI25550	SABC_Bafoussam	Boissons du Cameroun		97920	1	Lost	0	Terminé	Closed	FOURNITURE DE 02 PIECES DE TRANSISTOR IGBT PT A VSAT ULTRA FAIBLE POUR DES COMMUTATIONS  JUSQU'A 5 KHZ REFERENCE IXGN320N60A3.	2025-10-14	Michel KENMOE
PI25551	SABC_Yaounde	Boissons du Cameroun		5344120	1	3568358	1	Terminé	Closed	DEMANDE D'OFFRE POUR MATERIEL PROJETS STRUCTURANTS YAOUNDE	2025-10-14	Rosine Kati
PI25552	SABC_Koumassi	Boissons du Cameroun	Fourniture_Pose	1060347	1.3	Lost	0	Terminé	Closed	fourniture et installation câble d'alimentation filtration	2025-10-15	Judiscael YONKEU HEKOUA
PI25553	DIXSTONE	Dixstone Operations Cameroun	Fourniture	25698360	1.5	Lost	0	Terminé	Closed	MR-1386 -DOS Magnetic pickup	2025-10-16	Sarah Edoul
PI25554	DANGOTE_Dla	DANGOTE CEMENT SA	Fourniture	9383808	2.25	Lost	0	Terminé	Closed	Supply of Few Items for INSTRUMENTATION	2025-10-16	Benjamin N. Eteh
PI25555	SABC_Koumassi	Boissons du Cameroun	Fourniture_Pose	2441500	1	Lost	0	Terminé	Closed	travaux de réhabilitation circuit apparent ondulé local sous station conditionnement 	2025-10-14	Judiscael YONKEU HEKOUA
PI25556	DANGOTE_Dla	DANGOTE CEMENT SA	Maintenance	0	1	Lost	0	Terminé	Closed	DCC 2510-17 /Maintenance of PABX Server UPS - INSTRUMENTATION	2025-10-17	Benjamin N. Eteh
PI25557	SABC_Koumassi	Boissons du Cameroun	Fourniture_Pose	4708750	1.29	Lost	0	Terminé	Closed	Mise en Conformité éclairage des Cuves au Brassage 1 et 2	2025-12-15	Iris Dkouam
PI25558	NeoIndustry_Kekem	NEO INDUSTRY SA	Fourniture	0	1	Lost	0	Annulé	Closed	REPARATION DE LA COLONNE DU CLIMATISEUR LABO PHYSICO	2025-10-20	Leo SIKATI
PI25559	Socapalm Edea Ferme Suisse		Fourniture_Pose	200500	1	Lost	0	Terminé	Closed	TRAVAUX DE CORRECTION TERRE Bâtiment administratif	2025-10-17	Fidele Kenzam
PI25560	SEMC	SEMC	Fourniture_Pose	13626238	1.7	Lost	0	Terminé	Closed	RE: MISE EN CONFORMITE DES ARMOIRES ELECTRIQUE PHASE 2	2025-10-20	Germain PONDI
PI25561	DIXSTONE	Dixstone Operations Cameroun	Fourniture	300000	1	Lost	0	Terminé	Closed	RIG LUG MR 70880 # CONNECTION OF THE HEATERS *** URGENT ***	2025-10-21	Sarah Edoul
PI25562	DIXSTONE	Dixstone Operations Cameroun	Fourniture	12813312	1.5	Lost	0	Terminé	Closed	MR-3831-STI - Cementing Data  to Mud Logging	2025-10-21	Sarah Edoul
PI25563	SABC_Yaounde	Boissons du Cameroun	Fourniture	16441500	1	3574484	1	Terminé	Closed	DEMANDE D'OFFFRE POUR MATERIEL PROJETS YAOUNDE	2025-10-21	Rosine Kati
PI25564	SABC_Koumassi	Boissons du Cameroun		1939740	1	Lost	0	Terminé	Closed	CONSOLE APPLICATION STEP 7 V5.7 SP3 + DD EXTERNE SSD	2025-10-21	Benjamin BAYANG
PI25565	DANGOTE_Dla	DANGOTE CEMENT SA	Fourniture	258970	1.6	Lost	0	Terminé	Closed	DCC 2510-23 /Supply of CONTACTOR,1NC,9A,3RT1016-1AP02 - ELECTRICAL	2025-10-24	Benjamin N. Eteh
PI25566	SEMC	SEMC	Fourniture_Pose	18031238	1.5	3579824	1	Terminé	Closed	Avis d'appel d'offre projet ECLAIRAGE A PANNEAUX SOLAIRES SEMC	2025-10-28	Fred Ewande
PI25567	SABC_Ndokoti	Boissons du Cameroun	Placement_RH	4800000	1	Lost	0	Terminé	Closed	Renforcement entretien instrumentiste-electricien
	2025-10-28	François Atangana
PI25568	SEMC	SEMC	Fourniture_Pose	0	1	Regul	1	Terminé	Closed	fourniture enceinte acoustique pour la salle de reunion	2025-10-30	Germain PONDI
PI25569	Socapalm Edea Ferme Suisse	SOCAPALM	Reparation	992000	1	Lost	0	Terminé	Closed	TRAVAUX D'IDENTIFICATION ET DE CORRECTION DE LA TENSION NEUTRE TERRE Bâtiment administratif	2025-10-17	Fidele Kenzam
PI25570	Socapalm Edea Ferme Suisse	SOCAPALM	Fourniture_Pose	944900	1	Lost	0	Terminé	Closed	TRAVAUX DE CORRECTION TERRE Centre médico-social	2025-10-17	Fidele Kenzam
PI25571	Socapalm Edea Ferme Suisse	SOCAPALM	Fourniture_Pose	488850	1	Lost	0	Terminé	Closed	TRAVAUX DE CORRECTION TERRE Pont bascule	2025-10-17	Fidele Kenzam
PI25572	Socapalm Edea Ferme Suisse	SOCAPALM	Fourniture_Pose	1689850	1	Lost	0	Terminé	Closed	TRAVAUX DE CORRECTION TERRE Garage	2025-10-17	Fidele Kenzam
PI25573	Socapalm Edea Ferme Suisse	SOCAPALM	Fourniture_Pose	345350	1	Lost	0	Terminé	Closed	TRAVAUX DE CORRECTION TERRE Station fuel	2025-10-17	Fidele Kenzam
PI25574	Socapalm Edea Ferme Suisse	SOCAPALM	Reparation	713600	1	Lost	0	Terminé	Closed	TRAVAUX DE CORRECTION TERRE bâtiment phyto	2025-10-17	Fidele Kenzam
PI25162	SABC_Koumassi	Boissons du Cameroun	Fourniture_Pose	472032	1.1499999999999999	3529649	1	Terminé	Closed	Pissoirs automatiques de l’Usine de KOUMASSI	2025-04-01	Iris Dkouam
PI25575	SABC_Yaounde	Boissons du Cameroun	Fourniture	4915300	1.47	Lost	0	Terminé	Closed	fourniture pour matériel mise en service CIP chaude bloc froid Yaoundé	2025-11-03	Rosine Kati
PI25576	SOCAVER	Societe Camerounaise des Verrieries	Metrologie	520000	1	3580739	1	Terminé	Closed	DEMANDE DE COTATION  ETALONNAGE ET VERIFICATION CAMERA INFRA ROUGE 	2025-11-01	Vardest TAWASSI YANKAM
PI25577	SABC_Bafoussam	Boissons du Cameroun	Fourniture	1823040	1.5	3598701	1	Terminé	Closed	SUGGESTION DE REAPPRO N° 5881 ARTICLES DE MARQUE ASCO : REMPLACEMENT DE TOUTES LES ELECTROVANNES QUI DECONNENT	2025-11-04	Alain Serge NOUNY NGASSAM 
PI25578	SABC_Yaounde	Boissons du Cameroun	Fourniture	6282450	1.5	Lost	0	Terminé	Closed	Commande PR pour grille SUDMO circuit en filtration bière Yaoundé	2025-11-04	Alain Serge NOUNY NGASSAM 
PI25373-1	NeoIndustry_Kekem	NEO INDUSTRY SA	Fourniture	1391000	1	722	1	Terminé	Closed	Pieces de rechange	2025-07-31	Leo SIKATI
PI25579	SOCAVER	Societe Camerounaise des Verrieries	Fourniture	6698160	2.2000000000000002	Lost	0	Terminé	Closed	appareil d'analyse vibratoire	2025-11-04	Cecile TCHUIENCHE
PI25580	DANGOTE_Dla	DANGOTE CEMENT SA	Fourniture	186600	1	Lost	0	Terminé	Closed	RFI SOLENOID COIL,230V,8W,4818653D DSLF	2025-11-04	Saurelle Metiegoum
PI25207-1	SABC_Yaounde	Boissons du Cameroun	Placement_RH	12600000	1	3519041	1	Terminé	Closed	PRESTATION JANV A DEC 2025: RENFORT INSTRUMENTISTE JUNIOR ET ASSISTANT METROLOGUE	2025-04-22	
PI25481	SABC_Bafoussam	Boissons du Cameroun	Fourniture	5042040	1	3566410	1	Terminé	Closed	Matériels de communication projet ALPHA LAVAL <-> SOUTIREUSE	2025-09-15	Rosine Kati
PI25581	DIXSTONE	Dixstone Operations Cameroun	Fourniture	318240	1.3	Lost	0	Terminé	Closed	MR-3837-STI -Emergency Stop Button	2025-11-06	Sarah Edoul
PI25582	SABC_Bafoussam	Boissons du Cameroun	Fourniture	4758000	1.5	Lost	0	Terminé	Closed	CARTE MEMOIRE EPROM FLASH POUR S7 400 FABRICATION ET FILTRATION	2025-11-06	Rosine Kati
PI25583	SEMC	SEMC		601250	1.75	3580985	1	Terminé	Closed	fourniture des rallonges industrielles	2025-11-06	Voltaire Tchotchou
PI25584	SABC_Koumassi	Boissons du Cameroun	Fourniture	0	1	3572367	1	Terminé	Closed	Cadenas à code 50 pièces pour les armoires et coffrets électrique de l'Usine à noté qu'on a 39 armoires dans l'usine	2025-11-07	Iris Dkouam
PI25585	SIAC	Boissons du Cameroun	Fourniture	323000	1	Lost	0	Terminé	Closed	Fourniture contacteur de Schneider 4P REF : LCD95004	2025-11-24	Sylvain Lonchele
PI25586	SABC_Bafoussam	Boissons du Cameroun	Fourniture	1247400	1.5	Lost	0	Terminé	Closed	Besoin de votre offre pour 02  moto ventilateurs pour moteurs 3kw SEW	2025-11-10	Joseph DJIEUBOU 
PI25588	SOCAPALM_Eseka	SOCAPALM	Fourniture	483520	2	Lost	0	Terminé	Closed	Fourniture du controleur pour Inversion de Sources	2025-11-12	Bayemi Kotto Emmanuel
PI25589	SIAC	Boissons du Cameroun	Maintenance	860000	1	3575290	1	Terminé	Closed	Maintenance Routine Onduleur SIAC	2025-11-19	Sylvain Lonchele
PI26059	SABC_Yaounde	Boissons du Cameroun	Fourniture	2499000	1.47	Lost	0	Terminé	Closed	ACHAT CABLE POUR ASSERVISSEMENT ARMOIRES DE COMPENSATION COS PHI USINES CP/TC YAOUNDE	2026-01-27	Rosine Kati
PI25591	DIXSTONE	Dixstone Operations Cameroun	Fourniture	0	1	Lost	0	Terminé	Closed	MR-3280-WIR_Mégohmmètres Unités Logging-ELINE	2025-11-12	Sarah Edoul
PI25592	SEMC	SEMC	Fourniture_Pose	820000	1.6	3408569	1	Terminé	Closed	FOURNITURE D'UN CHARGEUR DE BATTERIE 240Ah 10A	2025-11-13	Voltaire Tchotchou
PI25593	SABC_Yaounde	Boissons du Cameroun	Fourniture	0	1	3577054	1	Terminé	Closed	DEMANDE D'OFFRE POUR MATERIEL CABLAGE CENTRIFUGEUSE YAOUNDE	2025-11-14	Rosine Kati
PI25594	SABC_Garoua	Boissons du Cameroun	Fourniture	1619400	1.4	Lost	0	Terminé	Closed	POUR TEMPERATURE LEVURIERS ET CHAMBRES FROIDE SUIVANT OFFRES N0 PR2303-3200 DU 13/03/23	2025-11-14	Victor William Mpondo Mouyeme
PI25595	ADDAX	Addax Petroleum Cameroon Company SA	Fourniture_Pose	0	1	Lost	0	Terminé	Closed	REQ722129849 - REVAMP OF THE CARBON FIBER TANK OF THE POZZOLAN PURIFIERS OF THE 02 SEPTIC TANKS AT THE APCC BASE	2025-11-14	Cyrille Njoko
PI25596	ADDAX	Addax Petroleum Cameroon Company SA	Fourniture_Pose	0	1	Lost	0	Terminé	Closed	REQ722129850 - REVAMP OF THE CLUB HOUSE TOILETS	2025-11-14	Cyrille Njoko
PI25597	SABC_Koumassi	Boissons du Cameroun	Fourniture	876400	1.4	Lost	0	Terminé	Closed	ECLAIRAGE ZONES DE TRAVAIL POUR REVISION LIGNE 9 (EXIGENCE DES MONTEURS)	2025-11-17	Victor William Mpondo Mouyeme
PI25598	DIXSTONE	Dixstone Operations Cameroun	Fourniture	398300	1.4	Lost	0	Terminé	Closed	MR-1398-DOS Matériel Informatique ECA 	2025-11-25	Sarah Edoul
PI25599	SABC_Garoua	Boissons du Cameroun	Fourniture	3846400	1.3	Lost	0	Terminé	Closed	POUR HARMONISATION DES PLAGES DE TEMPERATURE DES TOD ET PR DE Marque SECURITE.	2025-11-17	Alain Serge NOUNY NGASSAM 
PI25600	SCDP SIEGE	SCDP	Fourniture_Pose	62404478	1	Lost	0	Terminé	Closed	 Travaux de raccordement des deux GES de l'ancien Siege au GES du nouveau Siège pour des raisons de redondance en cas de panne du GES situé au nouveau Siège	2025-11-18	Joseph NONG
PI25601	SABC_Siege	Boissons du Cameroun	Fourniture_Pose	375000	1	Lost	0	Terminé	Closed	TRAVAUX DE POSE MEUBLERIE POUR COFFRETS ELECTRIQUES SIEGE	2025-11-17	François Atangana
PI25602	SABC_Bafoussam	Boissons du Cameroun	Fourniture	1855840	1	Lost	0	Terminé	Closed	DEMANDE D'OFFRE POUR PROJECTEURS LED 200W	2025-11-27	Rosine Kati
PI25603	SABC_Siege	Boissons du Cameroun	Fourniture	8450000	1	3578215	1	Terminé	Closed	Commande serveur HPE ProLiant DL380 Gen11 – Rack (SFF)	2025-11-27	Benjamin BAYANG
PI25604	SABC_Koumassi	Boissons du Cameroun	Fourniture	632000	1.4	Lost	0	Terminé	Closed	CONSULTATION FOURNITURE ET POSE OUTILLAGE SUITE INCIDENT PARAMIX CHAINE 12	2025-12-01	Iris Dkouam
PI25605	SABC_Ndokoti	Boissons du Cameroun	Fourniture	0	1	Lost	0	Annulé	Closed	FOURNITURE DES TUBES LEDS 1.20 LUMINEUSITE BLANCHE	2025-12-03	Yves Ajoumessi
PI25606	SABC_Ndokoti	Boissons du Cameroun	Fourniture	518000	1	Lost	0	Terminé	Closed	CABLE POUR MISE EN SERVICE DE LA POMPE NOUVELLE LANTERNE LAVAGE CITERNE_x000D_	2025-12-02	Victor William Mpondo Mouyeme
PI25607	SEMC	SEMC	Fourniture	8700000	1.35	Lost	0	Terminé	Closed	Fourniture Cable d'alimentation des machines a laver SEMC	2025-12-09	Germain PONDI
PI25608	Socapalm Edea Ferme Suisse	SOCAPALM	Maintenance	2511000	1	Lost	0	Terminé	Closed	proposition maintenance onduleurs et régulateurs Socapalm Edéa 	2025-11-25	Fidele Kenzam
PI25609	SOCAVER	Societe Camerounaise des Verrieries	Metrologie	1485000	1	Lost	0	Terminé	Closed	CAHIER DE CHARGE POUR ETALONNAGE DE TROIS COMPTEURS D'EAU	2025-11-25	Vardest TAWASSI YANKAM
PI25700	DIXSTONE	Dixstone Operations Cameroun	Fourniture	240000	3	3303005244	1	Terminé	Closed	ADN130-Relay // Relais 12V DC	2025-11-20	Hervige Ngendeme
PI25701	SABC_Garoua	Boissons du Cameroun	Fourniture	55494000	1.4	3579870	1	Terminé	Closed	DEMANDE D'OFFRE POUR MATERIEL LIGNE 8 GAROUA	2025-11-21	Rosine Kati
PI25563-1	SABC_Yaounde	Boissons du Cameroun	Fourniture	0	1	3574483	1	Terminé	Closed	DEMANDE D'OFFFRE POUR MATERIEL PROJETS YAOUNDE	2025-10-21	Rosine Kati
PI25563-2	SABC_Yaounde	Boissons du Cameroun	Fourniture	0	1	3574486	1	Terminé	Closed	DEMANDE D'OFFFRE POUR MATERIEL PROJETS YAOUNDE	2025-10-21	Rosine Kati
PI25563-3	SABC_Yaounde	Boissons du Cameroun	Fourniture	0	1	3574481	1	Terminé	Closed	DEMANDE D'OFFFRE POUR MATERIEL PROJETS YAOUNDE	2025-10-21	Rosine Kati
PI25563-4	SABC_Yaounde	Boissons du Cameroun	Fourniture	0	1	3577069	1	Terminé	Closed	DEMANDE D'OFFFRE POUR MATERIEL PROJETS YAOUNDE	2025-10-21	Rosine Kati
PI25702	SABC_Ndokoti	Boissons du Cameroun	Fourniture_Pose	3466400	1.4	Lost	0	Terminé	Closed	APPEL D'OFFRE POUR DEPLACEMENT DES COFRETS ELECTRIQUES ANCIEN LOCAL GROUPE INFORMATIQUE VERS NOUVEAU LOCAL	2025-11-26	Yves Ajoumessi
PI25703	SEMC	SEMC	Fourniture_Pose	1886980	1	3580992	1	Terminé	Closed	Alimentation machine à laver et sèche-linge	2025-11-26	Germain PONDI
PI25704	SABC_Ndokoti	Boissons du Cameroun	Fourniture_Pose	1879640	1.37	3602375	1	Terminé	Closed	APPEL D'OFFRE POUR INSTALLATION DE 02 NOUVEAUX BUREAUX DES AGENTS LOGISTIQUE NDOKOTI.	2025-11-25	Yves Ajoumessi
PI25705	DANGOTE_Dla	DANGOTE CEMENT SA	Fourniture_Pose	0	1	Lost	0	standby	Closed	DCC 2511 - 12/ Supply of EXIT LAMPS STICKERS - ELECTRICAL	2025-12-02	Benjamin N. Eteh
PI25414-2	NeoIndustry_Kekem	NEO INDUSTRY SA	Fourniture	0	1.6	767	1	Terminé	Closed	Réapprovisionnement de stock	2025-08-19	Leo SIKATI
PI25706	Cegelec	CEGELEC SA	Fourniture	27826070	1	Lost	0	Terminé	Closed	CONSULTATION MATERIEL (du 02 décembre 2025)	2025-12-02	
PI25707	SABC_Siege	Boissons du Cameroun	Fourniture	7126950	1.6	Lost	0	Terminé	Closed	DEMANDE DE PRIX FUSIBLE MINIATURE OMEGA 1A 500V	2025-12-03	Cedric NGAKAM
PI25708	SABC_Koumassi	Boissons du Cameroun	Fourniture_Pose	2387650	1.3	Lost	0	Terminé	Closed	PROJET DE FINALISATION BUREAU MAINTENANCE PET	2025-12-04	Iris Dkouam
PI25709	DANGOTE_Dla	DANGOTE CEMENT SA	Fourniture	2546040	1.4	Lost	0	Terminé	Closed	DCC 2511 - 13/ Supply of Cable flexible 1cx70 sqmm, copper 	2025-12-04	Benjamin N. Eteh
PI25710	SEMC	SEMC	Fourniture	1290000	4.5	3590570	1	Terminé	Closed	Fourniture des cadenas a code et cle de reinitialisation pour armoires electriques	2025-12-04	Voltaire Tchotchou
PI25711	DANGOTE_Dla	DANGOTE CEMENT SA	Fourniture_Pose	3109480	1	Lost	0	Terminé	Closed	Replacement of Toilets Lights 2xE27 with LED Bulb	2025-12-02	Benjamin N. Eteh
PI25712	SABC_Koumassi	Boissons du Cameroun	Fourniture	13078442	1.3	Lost	0	Terminé	Closed	Materiel pour banc d'essai	2025-12-05	Cedric NGAKAM
PI25713	DIXSTONE	Dixstone Operations Cameroun	Fourniture	10114000	1	Lost	0	Terminé	Closed	MR-3853-STI Personnal Gas Detector	2025-12-08	Sarah Edoul
PI25714	SIAC	Boissons du Cameroun	Fourniture_Pose	428000	1	Lost	0	Terminé	Closed	Remplacement coffret electrique salle serveur	2025-12-08	Sylvain Lonchele
PI25715	DANGOTE_Dla	DANGOTE CEMENT SA	Fourniture	12580420	1.6	Lost	0	Terminé	Closed	DCC 2512 - 01/ Supply of Power supply, Solenoide coil & valve - INSTRUMENTATION	2025-12-08	Benjamin N. Eteh
PI25716	DANGOTE_Dla	DANGOTE CEMENT SA	Fourniture	9880800	1	CM40007267	1	Terminé	Closed	Request for POWER MODULE, ATV1200 700/200, NHA98291 	2025-12-08	Benjamin N. Eteh
PI25717	SABC_Ndokoti	Boissons du Cameroun	Fourniture	1110000	1.85	Lost	0	Terminé	Closed	COMMANDE CONSOLE CENTRALE THERMIQUE, CELLULE DE COMPTAGE NDOKOTI 	2025-12-03	Cedric NGAKAM
PI25718	DANGOTE_Dla	DANGOTE CEMENT SA	Fourniture_Pose	360000	1.8	Lost	0	Terminé	Closed	LIVING AREA CABLE REPAIR-URGENT	2025-12-10	Benjamin N. Eteh
PI25719	SABC_Siege	Boissons du Cameroun	Fourniture	2554116	1.4	Lost	0	Terminé	Closed	DEMANDE DE PRIX 3247895 - OUTILS DE CONNECTION AUX AUTOMATES,	2025-12-10	Benjamin BAYANG
PI25720	SABC_Bafoussam	Boissons du Cameroun	Fourniture	1328000	1.58	Lost	0	Terminé	Closed	Cuivre nu de 35 mm2 pour mise à terre chemin de câble à la meunerie	2025-12-10	Albert Bertind Libong
PI25721	SABC_Siege	Boissons du Cameroun	Fourniture	1668000	1	Lost	0	Terminé	Closed	DEMANDE DE PRIX 3249017 - LUNETTE DE NIVEAU POUR BUREAU D'ETUDE ET TRAVAUX NEUFS	2025-12-11	Benjamin BAYANG
PI25722	SABC_Ndokoti	Boissons du Cameroun	Fourniture	10114613	1.5	Lost	0	Terminé	Closed	Pièce de rechange pour mise à niveau de la lubrification transporteur de bouteilles +connecteurs et Cellules pour machines Krones 	2025-12-11	Victor William Mpondo Mouyeme
PI25723	SABC_Yaounde	Boissons du Cameroun	Fourniture	2109000	1	Lost	0	Terminé	Closed	BESOIN DES PR POUR LA FARDELEUSE DE MARQUE SICK_x000D_	2025-12-12	Alain Serge NOUNY NGASSAM 
PI25724	ADDAX	Addax Petroleum Cameroon Company SA	Fourniture	154400	1	Lost	0	Terminé	Closed	REQ722130034 - Purchase of electrical materials 	2025-12-12	Cyrille Njoko
PI25725	SABC_Garoua	Boissons du Cameroun	Fourniture	4762750	1.5	Lost	0	Terminé	Closed	DEMANDE D'OFFRE MATERIEL POUR FINALISATION DES TRAVAUX DU RESEAU INFORMATIQUE - USINE DE GAROUA	2025-12-12	Rosine Kati
PI25726	NeoIndustry_Kekem	NEO INDUSTRY SA	Fourniture	4511296	1.47	Lost	0	Terminé	Closed	EBU - 109 pompe de forage	2026-01-08	Leo SIKATI
PI25727	SOCAVER	Societe Camerounaise des Verrieries	Fourniture	0	1	Lost	0	Terminé	Closed		2025-12-18	Philemon SANDJONG TCHAZOU 
PI25608A	ADDAX	Addax Petroleum Cameroon Company SA	Fourniture_Pose	4258000	1.4	Lost	0	Terminé	Closed		2025-11-20	Cyrille Njoko
PI25609A	ADDAX	Addax Petroleum Cameroon Company SA	Fourniture_Pose	716033	1.34	Lost	0	Terminé	Closed	REVAMP OF THE CLUB HOUSE TOILETS	2025-11-25	Cyrille Njoko
PI25482	DANGOTE SIEGE	DANGOTE CEMENT SA	Fourniture	195000	1	Regul	1	Terminé	Closed	Rental Carbide Hole SAW PI24678 + Cell-Past MM11 ( 4X1,5 -4X10MM2) PI24665	2025-10-05	Iloga Gerard
PI25728	TICAM	TICAM SA	Fourniture_Pose	750000	1	Lost	0	Terminé	Closed	Rehabilitation coffret prise atelier PK11	2025-12-20	Emmeriault Leunang
PI25729	GUINNESS	GUINNESS SA	Fourniture_Pose	3249750	1	Lost	0	Terminé	Closed	RE: REHABILITATION ECLAIRAGE DANS LA ZONE DES FERMENTEURS	2025-12-23	Carelle BELLA ETEME
PI25730	GUINNESS	GUINNESS SA	Fourniture	14433750	1	3595682	1	Terminé	Closed	RE: COMMANDE DES DISJONCTEURS DIFFERENTIELS	2025-12-24	Marie Solange ABANS
PI25731	SABC_Bafoussam	Boissons du Cameroun	Fourniture	24254240	1	Lost	0	Terminé	Closed	Acquisition Matériel Boucle Fibre Usine Bafoussam	2025-12-29	Fabrice KOUOPTCHOP TASENG
PI25732	SEMC	SEMC	Fourniture	172000	1	Regul	1	Terminé	Closed	carte cfast et lecteur cfast	2025-12-29	Voltaire Tchotchou
PI25733	GUINNESS	GUINNESS SA	Fourniture	1204896	1.4	3587237	1	Terminé	Closed	APPROVISIONNEMENT PR/ DIVERS ELEMENTS  ELECTRIQUES	2025-12-30	Marie Solange ABANS
PI25734	SABC_Garoua	Boissons du Cameroun	Fourniture	16268379	1.42	Lost	0	Terminé	Closed	POUR REMPLACEMENT BARRIERE DE SECURITE FLM DEFECTUEUX	2025-12-30	Martine KACTHE BIDEG 
PI25735	SABC_Bafoussam	Boissons du Cameroun	Placement_RH	105000	1	Lost	0	Terminé	Closed	Demande du personnel prestataire	2025-12-30	Delvis Keumelieu
PI26000	SABC_Koumassi	Boissons du Cameroun	Fourniture	4133844	1	Lost	0	Terminé	Closed	pour remplacement des flotteurs des pompe fosses STEP et motopompes mobiles de vidange ,siroperie et conditionnement HS	2026-01-02	Victor William Mpondo Mouyeme
PI26001	SABC_Yaounde	Boissons du Cameroun	Fourniture	1053630	1.4	Lost	0	Terminé	Closed	DEMANDE D'OFFRE POUR MATERIEL INSTALLATION COMPRESSEUR ZT 250 YAOUNDE	2026-01-02	Rosine Kati
PI26002	DIXSTONE	Dixstone Operations Cameroun	Fourniture	1463732	1.3	Lost	0	Terminé	Closed	MR-3868-STI-Programmable Logic Controler	2026-01-05	Sarah Edoul
PI26003	SABC_Bafoussam	Boissons du Cameroun	Fourniture_Pose	597900	1.32	Lost	0	Terminé	Closed	OFFRE POUR DEPLACEMENT DE L'ALIMENTATION DU COFFRET ELECTRIQUE DE LA NOURRICE FUEL USINE	2026-01-05	Anicet GHISLAIN FOKA
PI26004	SABC_Siege	Boissons du Cameroun	Fourniture	3028500	1	Lost	0	Terminé	Closed	OUTILS DE CONNECTION AUX AUTOMATES, AUX HMI ET AUX PC BOX	2026-01-05	Benjamin BAYANG
PI26005	SCDP SIEGE	SCDP	Installation	2984000	1	2026000016	1	Terminé	Closed	MISE EN CONFORMITE DES BAU DE CERTAINS DEPOTS SCDP	2026-01-05	Francois OUNKAP
PI26006	SABC_Ndokoti	Boissons du Cameroun	Placement_RH	3600000	1.5	Regul	1	Terminé	Closed	Mise a disposition de 4 instrumentistes Team A pour entretien journalier Ndokoti (janvier 2026 à mars 2026)	2026-01-05	François Atangana
PI26007	SABC_Ndokoti	Boissons du Cameroun	Placement_RH	1000000	1	3586029	1	Terminé	Closed	prestation de travaux renfort entretien électrique (commande ouverte sur 12 mois)	2026-01-05	François Atangana
PI26008	SABC_Yaounde	Boissons du Cameroun	Fourniture	4926640	1.62	Lost	0	Terminé	Closed	Commande détecteurs de mouvements pour économie d'énergie bâtiments techniques usine CP	2026-01-05	Alain Serge NOUNY NGASSAM 
PI26009	Cegelec	CEGELEC SA	Fourniture	2595840	1.52	Lost	0	Terminé	Closed	Consultation Bulk V2	2026-01-05	Romuald Mengue
PI26010	SABC_Yaounde	Boissons du Cameroun	Fourniture	723000	1.63	3586521	1	Terminé	Closed	Commande complémentaire projet ZT 250 Usine Yaoundé CP	2026-01-06	Rosine Kati
PI26011	Sodecoton	SODECOTON	Admin	0	1	Lost	0	Terminé	Closed	AVIS N11027 /25/DG/DAG/S-DAMP-S06/DAP/SCA/FO AUX FOURNISSEURS DE LA SODECOTON
	2026-01-26	
PI26012	SABC_Ndokoti	Boissons du Cameroun	Fourniture	6860000	1.4	Lost	0	Terminé	Closed	Projet étiqueteuse ligne 14 Ndokoti	2026-01-06	Cedric NGAKAM
PI26013	SABC_Yaounde	Boissons du Cameroun	Fourniture	9337360	1	3587350	1	Terminé	Closed	DEMANDE D'OFFRE POUR MATERIEL COMMUNICATION PROJET GUINNESS YAOUNDE	2026-01-06	Rosine Kati
PI26014	SABC_Yaounde	Boissons du Cameroun	Fourniture	1050000	1.4	Lost	0	Terminé	Closed	CDE APPAREILS DE MESURES  USINE YAOUNDE	2026-01-07	Alain Serge NOUNY NGASSAM 
PI26015	GUINNESS	GUINNESS SA	Installation	9120500	1	Lost	0	Terminé	Closed	Demande d'offre financière pour prestation passage fibre optique en boucle usines Guinness	2026-01-07	Fabrice KOUOPTCHOP TASENG
PI26016	SABC_Koumassi	Boissons du Cameroun	Installation	10811000	1	Lost	0	Terminé	Closed	Demande d'offre financière pour prestation passage fibre optique en boucle usines Koumassi	2026-01-07	Fabrice KOUOPTCHOP TASENG
PI26017	SOCAVER	Societe Camerounaise des Verrieries	Installation	7484600	1	Lost	0	Terminé	Closed	Demande d'offre financière pour prestation passage fibre optique en boucle usines Socaver	2026-01-07	Fabrice KOUOPTCHOP TASENG
PI26018	SABC_Ndokoti	Boissons du Cameroun	Installation	10664000	1	Lost	0	Terminé	Closed	Demande d'offre financière pour prestation passage fibre optique en boucle usines Ndokoti	2026-01-07	Fabrice KOUOPTCHOP TASENG
PI26019	SOCAVER	Societe Camerounaise des Verrieries	Fourniture	1918200	1	Lost	0	Terminé	Closed	DA 3251074 ENCODEUR	2026-01-07	Philemon SANDJONG TCHAZOU 
PI26020	GUINNESS	GUINNESS SA	Fourniture	7531524	1.4	Lost	0	Terminé	Closed	DP 3250219 / MATERIEL SUPPLEMENTAIRE POUR FINALISATION DES RACCORDEMENTS ELECTRIQUES PROJET GUINNESS YAOUNDE	2026-01-07	Rosine Kati
PI26021	SABC_Ndokoti	Boissons du Cameroun	Fourniture_Pose	1194200	1	Lost	0	Terminé	Closed	INSTALLATION DES DETECTEURS DE PRESENCE AUX MPR	2026-01-08	Yves Ajoumessi
PI26022	DIXSTONE	Dixstone Operations Cameroun	Fourniture	2400000	2.86	Lost	0	Terminé	Closed	"Supmea RN6500-EN3 Screen monitor and data Logger	2026-01-08	Hervige Ngendeme
PI26023	GUINNESS	GUINNESS SA	Fourniture	1087528	1	Lost	0	Terminé	Closed	RAVITAILLEMENT DISJONCTEUR POUR POMPE PRT	2026-01-08	Marie Solange ABANS
PI26024	SCDP SIEGE	SCDP	Fourniture	0	1	Lost	0	Terminé	Closed	Fournitures des cartes	2026-01-12	Francois OUNKAP
PI25460-1	SABC_Garoua	Boissons du Cameroun	Fourniture	299520	1.5	3565644	1	Terminé	Closed	Matériel nouveau filtre ORIION Garoua	2025-09-08	Rosine Kati
PI26025	ADDAX	Addax Petroleum Cameroon Company SA	Fourniture_Pose	716033	1	Lost	0	Terminé	Closed	Purchase of  kitchen utensils for the clubhouse	2026-01-12	Cyrille Njoko
PI26026	ADDAX	Addax Petroleum Cameroon Company SA	Fourniture_Pose	4595500	1	Lost	0	Terminé	Closed	Purchase of General Services Materials for Electrical Maintenance	2026-01-12	Cyrille Njoko
PI26027	NeoIndustry_Kekem	NEO INDUSTRY SA	Maintenance	471000	1	FCB2600376	1	Terminé	Closed	Calibration de la Chaine de regulation Temperature (Vanne modulante, Controleur de temperature...)	2026-01-09	Joseph KENMOE
PI26028	SABC_Koumassi	Boissons du Cameroun	Fourniture	4900000	1	Lost	0	Terminé	Closed	Fourniture ds tablettes industrielles	2026-01-13	Benjamin BAYANG
PI26029	SABC_Garoua	Boissons du Cameroun	Fourniture	28819000	1	Lost	0	Terminé	Closed	HPE ProLiant DL380 Gen11 – Rack (SFF)	2026-01-14	Benjamin BAYANG
PI26030	SABC_Koumassi	Boissons du Cameroun	Fourniture	1690000	1	Lost	0	Terminé	Closed	Commande CDM mécanique	2026-01-14	Rosine Kati
PI26031	Barry Callebaut	Barry Callebaut	Installation	232500	1	4504958176-GL1/20.01.2026	1	Terminé	Closed	Codification et Gravure sur Cadena de securite	2026-01-14	Jules Passomben Bakak
PI26007-1	SABC_Ndokoti	Boissons du Cameroun	Placement_RH	1000000	1	3586029	1	Terminé	Closed	prestation de travaux renfort entretien électrique (commande ouverte sur 12 mois)	2026-01-05	François Atangana
PI26007-2	SABC_Ndokoti	Boissons du Cameroun	Placement_RH	1000000	1	3586029	1	Terminé	Closed	prestation de travaux renfort entretien électrique (commande ouverte sur 12 mois)	2026-01-05	François Atangana
PI26007-3	SABC_Ndokoti	Boissons du Cameroun	Placement_RH	1000000	1	3586029	1	Terminé	Closed	prestation de travaux renfort entretien électrique (commande ouverte sur 12 mois)	2026-01-05	François Atangana
PI26007-4	SABC_Ndokoti	Boissons du Cameroun	Placement_RH	1000000	1	3586029	1	Terminé	Closed	prestation de travaux renfort entretien électrique (commande ouverte sur 12 mois)	2026-01-05	François Atangana
PI26007-5	SABC_Ndokoti	Boissons du Cameroun	Placement_RH	1000000	1	Lost	0	Terminé	Closed	prestation de travaux renfort entretien électrique (commande ouverte sur 12 mois)	2026-01-05	François Atangana
PI26007-6	SABC_Ndokoti	Boissons du Cameroun	Placement_RH	1000000	1	Lost	0	Terminé	Closed	prestation de travaux renfort entretien électrique (commande ouverte sur 12 mois)	2026-01-05	François Atangana
PI26007-7	SABC_Ndokoti	Boissons du Cameroun	Placement_RH	1000000	1	Lost	0	Terminé	Closed	prestation de travaux renfort entretien électrique (commande ouverte sur 12 mois)	2026-01-05	François Atangana
PI26007-8	SABC_Ndokoti	Boissons du Cameroun	Placement_RH	1000000	1	Lost	0	Terminé	Closed	prestation de travaux renfort entretien électrique (commande ouverte sur 12 mois)	2026-01-05	François Atangana
PI26007-9	SABC_Ndokoti	Boissons du Cameroun	Placement_RH	1000000	1	Lost	0	Terminé	Closed	prestation de travaux renfort entretien électrique (commande ouverte sur 12 mois)	2026-01-05	François Atangana
PI26007-10	SABC_Ndokoti	Boissons du Cameroun	Placement_RH	1000000	1	Lost	0	Terminé	Closed	prestation de travaux renfort entretien électrique (commande ouverte sur 12 mois)	2026-01-05	François Atangana
PI26007-11	SABC_Ndokoti	Boissons du Cameroun	Placement_RH	1000000	1	Lost	0	Terminé	Closed	prestation de travaux renfort entretien électrique (commande ouverte sur 12 mois)	2026-01-05	François Atangana
PI26032	SABC_Yaounde	Boissons du Cameroun	Placement_RH	5040000	1	3585675	1	Terminé	Closed	JAN-MARS 2026: RENFORT INSTRUMENTISTE JUNIOR CP (5/MOIS) + Metrologue 1/Mois	2026-01-16	Olivier Talteng
PI26033	GUINNESS	GUINNESS SA	Fourniture	3920000	1	3592768	1	Terminé	Closed	APPROVISIONNEMENT PR/ CONSOMMABLES ELECTRIQUES	2026-01-14	Marie Solange ABANS
PI26034	GUINNESS	GUINNESS SA	Fourniture	161875	1	3590882	1	Terminé	Closed	RAVITAILLEMENT GOULOTTE DE CABLAGE PVC EN LAMELLE POUR PROTECTION DES CABLES ELECTRIQUES	2026-01-14	Marie Solange ABANS
PI26035	GUINNESS	GUINNESS SA	Fourniture	3793600	1	Lost	0	Terminé	Closed	AUTOCLAVES SUPPLY REHABILITATION	2026-01-14	Marie Solange ABANS
PI25404-1	Barry Callebaut	Barry Callebaut	Fourniture	2428360	1	CM0124339	1	Terminé	Closed	RFQ Barry CallebautS_MATERIELS SECURITE INCENDIE ET CONSIGNATION LOTOTO	2026-01-08	Jules Passomben Bakak
PI26032-1	SABC_Yaounde	Lost	Placement_RH	5040000	1	3585675	1	Terminé	Closed	AVR-JUIN 2026: RENFORT INSTRUMENTISTE JUNIOR CP (5/MOIS) + Metrologue 1/Mois	2026-01-16	Olivier Talteng
PI26032-2	SABC_Yaounde	Lost	Placement_RH	5040000	1	Lost	0	Terminé	Closed	JUIL-SEPT 2026: RENFORT INSTRUMENTISTE JUNIOR CP (5/MOIS) + Metrologue 1/Mois	2026-01-16	Olivier Talteng
PI26032-3	SABC_Yaounde	Lost	Placement_RH	5040000	1	Lost	0	Terminé	Closed	OCT-DEC 2026: RENFORT INSTRUMENTISTE JUNIOR CP (5/MOIS) + Metrologue 1/Mois	2026-01-16	Olivier Talteng
PI26036	SABC_Koumassi	Boissons du Cameroun	Placement_RH	2540000	1	Lost	0	Terminé	Closed	RE: DEMANDE DE PRIX 3248187 - PRESTATION DU REVAMPING DE L'ARMOIRE DE LA CIP TBF KOUMASSI	2026-01-17	Benjamin BAYANG
PI26037	SABC_Yaounde	Boissons du Cameroun	Fourniture	0	1	Lost	0	Annulé	Closed	DEMANDE D'OFFRE DE CABLES POUR ALIMENT ET COMMANDE DE 02 SURPRESSEURS - USINE DE YAOUNDE	2026-01-16	Rosine Kati
PI26038	ADDAX	Addax Petroleum Cameroon Company SA	Fourniture	1675875	1	Lost	0	Terminé	Closed	REQ722130246 -Purchase of General Services Materials for Plumbing Maintenance	2026-01-16	Cyrille Njoko
PI26039	SABC_Siege	Boissons du Cameroun	Fourniture	750000	1	Lost	0	Terminé	Closed	Maintenance Preventive trimestrielle pour x3 portails SABC	2026-01-20	Christel TCHATO
PI26040	SABC_Bafoussam	Boissons du Cameroun	Fourniture	6276000	1	Lost	0	Terminé	Closed	REMPLACEMENT DES BATTERIES DEFECTUEUSES DANS LES ONDULEURS SUIVANT ENTRETIEN ANNUELLE EFFECTUEE	2026-01-19	Alain Serge NOUNY NGASSAM 
PI26041	DANGOTE_Dla	DANGOTE CEMENT SA	Fourniture	88927200	1.65	Lost	0	Terminé	Closed	DCC 2601 - 06/ Supply of Nine Power Cells - INSTRUMENTATION	2026-01-19	Benjamin N. Eteh
PI26042	SABC_Koumassi	Boissons du Cameroun	Maintenance	100000	1	Regul	1	Terminé	Closed	maintenance laptop laboratoire usine Koumassi	2026-01-15	Fabrice Tassegheng
PI26043	DANGOTE_Dla	DANGOTE CEMENT SA	Fourniture	0	1	CM40007329	1	Terminé	Closed	FW: DCC 2511 - 10/ Supply of Few Items for INSTRUMENTATION	2026-01-19	Benjamin N. Eteh
PI26044	DANGOTE_Dla	DANGOTE CEMENT SA	Fourniture_Pose	0	1	Lost	0	Terminé	Closed	DCC 2601-09 / Living Area Tower - ELECTRICAL	2026-01-19	Benjamin N. Eteh
PI26045	DANGOTE_Dla	DANGOTE CEMENT SA	Fourniture_Pose	0	1	Lost	0	Terminé	Closed	DCC 2601-10 / 84E Battery Replacement - ELECTRICAL	2026-01-19	Benjamin N. Eteh
PI26046	SABC_Bafoussam	Boissons du Cameroun	Fourniture	820000	1.4	Lost	0	Terminé	Closed	DEMANDE DE PRIX 3243557//REMISE EN SERVICE DES VANNES SIMULEES SAB BAFOUSSAM	2026-01-20	Alain Serge NOUNY NGASSAM 
PI26047	SOCAVER	Societe Camerounaise des Verrieries	Fourniture_Pose	0	1	Lost	0	Terminé	Closed	CDC POUR CÂBLAGE ET MISE EN SERVICE D’UNE ARMOIRE DE COMMANDE DU VENTILATEUR REFROIDISSEMENT MOULES MACHINE IS 22 (AVEC VARIATEUR POWERFLEX 753 250KW)	2026-01-13	Cecile TCHUIENCHE
PI26048	GUINNESS	GUINNESS SA	Fourniture	1772800	1	3593224	1	Terminé	Closed	RAVITAILLEMENT MODULE 6ES7157-0AD82-0XA0 	2026-01-20	Marie Solange ABANS
PI26049	SABC_Yaounde	Boissons du Cameroun	Fourniture_Pose	0	1	Lost	0	Terminé	Closed	Commande électrodistributeurs pour balance automatique meunerie Yaoundé	2026-01-19	Alain Serge NOUNY NGASSAM 
PI26050	SABC_Siege	Boissons du Cameroun	Fourniture_Pose	9800000	1.4	Lost	0	Terminé	Closed	Fourniture d'un onduleur de 20KVA a l'ancienne usine BVS 	2026-01-29	Christel TCHATO
PI26051	SABC_Ndokoti	Boissons du Cameroun	Placement_RH	2205000	1	Lost	0	Terminé	Closed	REVISION ANNUELLE CHAINE 13	2026-01-21	François Atangana
PI26052	SABC_Koumassi	Boissons du Cameroun	Fourniture	14265000	1	Lost	0	Terminé	Closed	Fourniture d'un serveur ProLiant DL380 Gen11	2026-01-21	Benjamin BAYANG
PI26053	SOCAPALM_Eseka	SOCAPALM	Fourniture_Pose	1050440	1	Lost	0	Terminé	Closed	REMPLACEMENT APPAREILLAGES DEFECTUEUX COFFRET INVERSEUR DE SOURCE (SINISTRE)	2026-01-22	Bayemi Kotto Emmanuel
PI26054	SABC_Yaounde	Boissons du Cameroun	Fourniture	0	1	Lost	0	Terminé	Closed	DP 3252438 / CARTE CP POUR ECHANGE DE SIGNAUX PROJET GUINNESS YAOUNDE POUR AUTOMATE S7-400	2026-01-21	Rosine Kati
PI26055	Cegelec	CEGELEC SA	Fourniture	0	1	Lost	0	Annulé	Closed	PanelSeT - Coffret polyester 1056x852x350 - IP66 Ral 7035	2026-01-21	Romuald Mengue
PI26056	DANGOTE_Dla	DANGOTE CEMENT SA	Fourniture	293216	1	Lost	0	Terminé	Closed	RE: DCC 2510-23 /Supply of CONTACTOR,1NC,9A,3RT1016-1AP02 - ELECTRICAL	2026-01-22	Benjamin N. Eteh
PI26057	Cegelec	CEGELEC SA	Fourniture	120156	1	Lost	0	Terminé	Closed	Fourniture materiel TeSys GV2L - disjoncteur moteur 	2026-01-22	Romuald Mengue
PI26058	SABC_Bafoussam	Boissons du Cameroun	Fourniture_Pose	2968500	1	3606363	1	Terminé	Closed	Visite terrain pour offre alimentation de la pompe 22Kw retour CIP entonnement vers TOD 3	2026-01-23	Joseph DJIEUBOU 
PI26060	SOCAVER	Societe Camerounaise des Verrieries	Metrologie	652300	1	Lost	0	Terminé	Closed	CDC ETALONNAGE EQUIPEMENTS QHSE	2026-01-27	Philemon SANDJONG TCHAZOU 
PI26061	SABC_Yaounde	Boissons du Cameroun	Fourniture	150000	1.5	3592135	1	Terminé	Closed	ACHAT CABLE POUR ASSERVISSEMENT ARMOIRES DE COMPENSATION COS PHI USINES CP/TC YAOUNDE	2026-01-27	Rosine Kati
PI26062	SABC_Garoua	Boissons du Cameroun	Fourniture	2499000	1.47	Lost	0	Terminé	Closed	ACHAT CABLE POUR ASSERVISSEMENT ARMOIRES DE COMPENSATION COS PHI USINE DE GAROUA	2026-01-27	Rosine Kati
PI26063	GUINNESS	GUINNESS SA	Fourniture	0	1	Lost	0	Terminé	Closed	FOURNITURE HMI PASTO ET BUFFER TANK 7	2026-01-27	Marie Solange ABANS
PI26064	SABC_Bafoussam	Boissons du Cameroun	Fourniture	992300	1	3606353	1	Terminé	Closed	REMPLACEMENT DES DETECTEURS DEFECTUEUX SUR LA CIP ET PR DE SECURITE POUR VANNES DESAERATEUR D'EAU FILTRATION USINE BAFOUSSAM 	2026-01-27	Alain Serge NOUNY NGASSAM 
PI26065	GUINNESS	GUINNESS SA	Fourniture_Pose	33447353	1	Lost	0	Terminé	Closed	AUTOCLAVES SUPPLY REHABILITATION - Onduleur 90KVA	2026-01-28	Carine MANFOUO NGNINTEDEM
PI25590	SABC_Ndokoti		Placement_RH	2100000	1	3587505	1	Terminé	Closed	Travaux de démontage des matériels électriques chaine 7 usine Ndokoti	2025-11-12	
PI26066	SIAC	Boissons du Cameroun	Fourniture	82000	1	3595271	1	Terminé	Closed	Fourniture pieces de rechanges - Televariateur et Spots	2026-01-28	Sylvain Lonchele
PI26067	SABC_Yaounde	Boissons du Cameroun	Fourniture	26884620	1	3608540	1	Terminé	Closed	Demande d'offre pour cartes de communication projet CPS YAOUNDE	2026-01-29	Rosine Kati
PI26068	SABC_Bafoussam	Boissons du Cameroun	Fourniture_Pose	353000	1.45	Lost	0	Terminé	Closed	OFFRE POUR DEPLACEMENT DES BACS DE CARBONATE ET BAC NALCO 71213 +POMPES DOSEUSES	2026-01-29	Anicet GHISLAIN FOKA
PI26069	SOCAVER	Societe Camerounaise des Verrieries	Fourniture	301000	1.4	3593923	1	Terminé	Closed	CONTACTEURS/ DA 3253335 COMPLEMENTAIRE 	2026-01-29	Philemon SANDJONG TCHAZOU 
PI26070	SCDP Depot de  Bafoussam	SCDP	Maintenance	900000	1	Regul	1	Terminé	Closed	Intervention sur Onduleurs BAF - Mise en service	2026-01-24	Pie Owona
PI26071	CIMAF	CIMAF SA	Fourniture_Pose	0	1	Lost	0	Terminé	Closed	Traitement d'air 	2026-01-29	Thierry Egin
PI26072	DIXSTONE	Dixstone Operations Cameroun	Fourniture	1030400	1.4	Lost	0	Terminé	Closed	A130-2026-020003-B(01) - STARTER MOTOR , KOBELCO ENGINE HINO	2026-01-29	Hervige Ngendeme
PI26073	DIXSTONE	Dixstone Operations Cameroun	Fourniture	2340000	1.3	Lost	0	Terminé	Closed	SIGW-2026-020003-B(01) - SILI GWENN-ENGINE CONSUMBLE-BATTERIES VARTA-LOCAL	2026-01-29	Hervige Ngendeme
PI26074	GUINNESS	GUINNESS SA	Fourniture	742500	1	Lost	0	Terminé	Closed	Travaux de mise en conformité du coffret labo usine guinness	2026-01-29	Marie Solange ABANS
PI26075	GUINNESS	GUINNESS SA	Fourniture	0	1	Lost	0	Terminé	Closed	COMMANDE COMPTEUR DE GAZ CHAUDIERE 5 BOSCH	2026-01-30	Marie Solange ABANS
PI26076	NeoIndustry_Kekem	NEO INDUSTRY SA	Fourniture	0	1	Lost	0	Terminé	Closed	EBU255 Remplacer les aspirateurs VMC dans les toilettes des bâtiments administratif	2026-01-30	Leo SIKATI
PI26077	NeoIndustry_Kekem	NEO INDUSTRY SA	Fourniture	6020858	1	Lost	0	Terminé	Closed	EBU239 TRAVAIL EN FROID ET CLIMATISATION	2026-01-30	Leo SIKATI
PI26078	NeoIndustry_Kekem	NEO INDUSTRY SA	Fourniture	19646874	1	Lost	0	Terminé	Closed	PRODUITS HYGIENE	2026-01-30	Leo SIKATI
PI26079	NeoIndustry_Kekem	NEO INDUSTRY SA	Fourniture	6271500	1	Lost	0	Terminé	Closed	EBU236 Remplacement des equipements de mesure sur les reseaux eau glacee	2026-01-30	Leo SIKATI
PI26080	NeoIndustry_Kekem	NEO INDUSTRY SA	Fourniture	0	1	Lost	0	Terminé	Closed	EBMI-01 Remplacement du distillateur d'eau defectueux au laboratoire microbiologique	2026-01-30	Leo SIKATI
PI26081	SABC_Garoua	Boissons du Cameroun	Fourniture	23099800	1.6	3595450	1	Terminé	Closed	DEMANDE D'OFFRE POUR MATERIEL LIGNE 8 GAROUA	2026-02-02	Rosine Kati
PI26082	SABC_Siege	Boissons du Cameroun	Fourniture_Pose	1620200	1.37	Lost	0	Terminé	Closed	INSTALLATION COFFRET ONDULE CASTEL ACADEMY	2026-01-29	
PI26083	SABC_Siege	Boissons du Cameroun	Fourniture	10184440	1.37	Lost	0	Terminé	Closed	FOURNITURE MATERIEL ELECTRIQUE - ECLAIRAGE	2026-01-29	Christel TCHATO
PI26084	GUINNESS	GUINNESS SA	Fourniture	2459800	1	Lost	0	Terminé	Closed	DP 3253509 RAVITAILLEMENT PR/ VARIATEUR  POUR CONDENSEUR 310	2026-02-02	Marie Solange ABANS
PI26085	GUINNESS	GUINNESS SA	Fourniture_Pose	0	1	Lost	0	Terminé	Closed	ETANCHEITE DES ENTREES DE CABLES DANS LES ARMOIRES ELECTRIQUES DU MCC	2026-02-03	Marie Solange ABANS
PI26086	SABC_Yaounde	Boissons du Cameroun	Fourniture	8962965	1.52	Lost	0	Terminé	Closed	Demande d'offre câble projet  groupe froid Hansa Yde CP	2026-02-03	Rosine Kati
PI26087	SOCAVER	Societe Camerounaise des Verrieries	Fourniture	2029800	1	3595476	1	Terminé	Closed	DA 3252182 PR AQUACIAT  ANCIEN OA 3322273	2026-02-03	Philemon SANDJONG TCHAZOU 
PI26088	SCDP Depot de Garoua	SCDP	Fourniture_Pose	7061000	1	Lost	0	Terminé	Closed	travaux d'éclairage  des dépôts SCDP de Garoua	2026-02-03	Kimmie Hassiatou SCDP
PI26090	SCDP Depot de Ngaoundere	SCDP	Fourniture_Pose	4956000	1	Lost	0	Terminé	Closed	travaux d'éclairage  des dépôts SCDP de Ngaoundere	2026-02-03	Kimmie Hassiatou SCDP
PI26089	DANGOTE_Dla	DANGOTE CEMENT SA	Fourniture	26850000	1	Lost	0	Terminé	Closed	DCC 2601-19 / UPS Systems 87E, 66E - ELECTRICAL	2026-02-03	Benjamin N. Eteh
PI26091	SEMC	SEMC	Fourniture	490000	1	Lost	0	Terminé	Closed	Fourniture des hygrometer haute visibilite pour Magasin et grande surface	2026-02-04	Germain PONDI
PI26092	SABC_Yaounde	Boissons du Cameroun	Fourniture	2856000	1	Lost	0	Terminé	Closed	MATERIEL POUR MISE A NIVEAU POSTE ELECTRIQUE PT2 (phasing déplacement des transformateurs au PT2) YAOUNDE	2026-02-05	Rosine Kati
PI26093	SEMC	SEMC	Fourniture	6384672	1	Lost	0	Terminé	Closed	Fourniture d'un Traceur de de cable reseau M12/M8	2026-02-04	Voltaire Tchotchou
PI26094	SEMC	SEMC	Fourniture	1501856	1	Lost	0	Terminé	Closed	Fourniture Hygrometre Fixe et mobile	2026-02-04	Voltaire Tchotchou
PI26095	SEMC	SEMC	Fourniture	9761000	1	Lost	0	Terminé	Closed	Furniture d'une camera thermique et d'un thermometre infrarouge	2026-02-04	Voltaire Tchotchou
PI26096	SEMC	SEMC	Fourniture	377856	1	Lost	0	Terminé	Closed	Fourniture d'un deshumidificateur 10L smart	2026-02-04	Voltaire Tchotchou
PI26097	HBO_Clients	HBO	Fourniture_Pose	1122000	1.2	Lost	0	Terminé	Closed	TRAVAUX D'INSTALLATION SYSTEME ALIMENTATON SOLAIRE DE SECOURS	2026-01-30	PIR
PI26098	SABC_Garoua	Boissons du Cameroun	Fourniture	17921000	1.4	3594926	1	Terminé	Closed	MATERIEL ELECTRIQUE COMPLEMENTAIRE POUR TRAVAUX ECLAIRAGE LIGNE 8 GAROUA	2026-02-05	Rosine Kati
PI26099	SABC_Garoua	Boissons du Cameroun	Fourniture	3380000	1.3	Lost	0	Terminé	Closed	 Console d'intervention 
d'automatisme/instrumentation et sur des 
Controleurs en ligne	2026-02-05	Rosine Kati
PI26100	GUINNESS	GUINNESS SA	Fourniture	0	1	Lost	0	Terminé	Closed	MATERIEL POUR REMPLACEMENT DES COFFRETS ELECTRIQUES OBSOLETES BH	2026-02-05	Marie Solange ABANS
PI26100A	GUINNESS	GUINNESS SA	Fourniture	895440	1	3597961	1	Terminé	Closed	Re: MATERIEL POUR REMPLACEMENT DES COFFRETS ELECTRIQUES OBSOLETES BH	2026-02-05	Marie Solange ABANS
PI26101	SOCAPALM_Eseka	SOCAPALM	Fourniture	0	1	Lost	0	Terminé	Closed	REMISE EN FONCTIONNEMENT PALAN	2026-02-06	Bayemi Kotto Emmanuel
PI26102	SOCAPALM_Eseka	SOCAPALM	Fourniture_Pose	0	1	Lost	0	Terminé	Closed	FOURNITURE ET POSE VARIATEUR 	2026-02-06	Bayemi Kotto Emmanuel
PI26103	DIXSTONE	Dixstone Operations Cameroun	Fourniture	3200000	1	Lost	0	Terminé	Closed	SKGW-2025-020019-B(01)	2026-02-09	Hervige Ngendeme
PI26104	SOCAVER	Societe Camerounaise des Verrieries	Fourniture	5222400	1	Lost	0	Terminé	Closed	RE: DA 3250917 REAPPROVIONNEMENT COMMANDE A THYRISTORS	2026-02-09	Philemon SANDJONG TCHAZOU 
PI26105	SEMC	SEMC	Fourniture	1245514	1.54	Lost	0	Terminé	Closed	DEMANDE D'OFFRE - MATERIEL POUR INTERVENTION TRAVAUX SITE SEMC	2026-02-10	Rosine Kati
PI26108	SABC_Yaounde	Boissons du Cameroun	Reparation	285000	1	Lost	0	Terminé	Closed	URGENT: PANNE CHARIOT ELECTRIQUE SIROPERIE TC	2026-02-10	Christian MBOGOS MBA
PI26107	SABC_Yaounde	Boissons du Cameroun	Reparation	266000	1	Lost	0	Terminé	Closed	DI 258748 dépannage écran MES	2026-02-10	Christian MBOGOS MBA
PI26106	SABC_Yaounde	Boissons du Cameroun	Reparation	285000	1	Lost	0	Terminé	Closed	DI 258746 dépannage moteur avec variateur intégré	2026-02-10	Christian MBOGOS MBA
PI26109	Socapalm Edea Ferme Suisse	SOCAPALM	Maintenance	1545000	1	Lost	0	Terminé	Closed	Proposition maintenance onduleurs et régulateurs Socapalm Edéa 	2026-02-10	Fidele Kenzam
PI26110	DANGOTE_Dla	DANGOTE CEMENT SA	Fourniture_Pose	0	1	Lost	0	Terminé	Closed	Supply & Inst. of GENSET PENJA QUARRY - ELECTRICAL	2026-02-10	Benjamin N. Eteh
PI26111	SABC_Ndokoti	Boissons du Cameroun	Fourniture	389500	1	Lost	0	Terminé	Closed	Fourniture des transformateurs d'intensité	2026-02-11	Eric Bisso
PI26112	GUINNESS	GUINNESS SA	Fourniture_Pose	0	1	Lost	0	Terminé	Closed	Démolition et relocalisation des pompes connectées au MCC BBT	2026-02-12	Carelle BELLA ETEME
PI26113	SABC_Koumassi	Boissons du Cameroun	Fourniture	2939000	1.7	Lost	0	Terminé	Closed	PR DE SECURITE // CAPTEUR DE CHLORE LIBRE MEMOSENS CCS51D POUR MESURE DU TAUX DE CHLORE	2026-02-12	Stheve NGAPE LONTE 
PI26114	SOCAVER	Societe Camerounaise des Verrieries	Fourniture	0	1	Lost	0	Terminé	Closed	DA 3254121 REAPPROVISIONNEMENT CARTE CALIA	2026-02-12	Philemon SANDJONG TCHAZOU 
PI26115	SEMC	SEMC	Fourniture	1262500	1.6	Lost	0	Terminé	Closed	DEMANDE D'OFFRE DE CABLE POUR FORAGE N3 SEMC	2026-02-13	Rosine Kati
PI26116	SABC_Bafoussam	Boissons du Cameroun	Fourniture_Pose	34514752	1.63	Lost	0	Terminé	Closed	Cahier de Charge MISE en conformité Armoire Moulin 	2026-02-13	Benjamin BAYANG
PI26117	DANGOTE_Dla	DANGOTE CEMENT SA	Fourniture	0	1	Lost	0	Terminé	Closed	DCC 2602-17 /Supply of Few Items - ELECTRICAL	2026-02-13	Benjamin N. Eteh
PI26118	SOCAPALM_Eseka	SOCAPALM	Fourniture_Pose	0	1	Lost	0	Terminé	Closed	FOURNITURE ET POSE COFFRET INVERSEUR DE SOURCE TRIBUNAL ESEKA	2026-02-13	Emmanuel Biyong
PI26119	GUINNESS	GUINNESS SA	Fourniture	1012500	1.5	Lost	0	Terminé	Closed	FOURNITURE CABLE 4G4MM2 SOUPLE BLINDE	2026-02-13	Marie Solange ABANS
PI26120	Socapalm Edea Ferme Suisse	SOCAPALM	Fourniture	1013600	1	Lost	0	Terminé	Closed	Fourniture des onduleurs	2026-02-16	Fidele Kenzam
PI26121	GUINNESS	GUINNESS SA		0	1	Lost	0	Terminé	Closed	Démolition et relocalisation des pompes connectées SALLE DE FILTRATION	2026-02-12	Carelle BELLA ETEME
PI26122	SABC_Siege	Boissons du Cameroun	Fourniture	30579560	1	Lost	0	Terminé	Closed	commande projecteurs Région du Littoral	2026-02-17	Alain Serge NOUNY NGASSAM 
PI26123	SABC_Koumassi	Boissons du Cameroun	Fourniture	334400	1	3597291	1	Terminé	Closed	Original O pour livraison (Cadenas)	2026-02-16	Luc Degaul Ngoubeyou
PI26124	SABC_Bafoussam	Boissons du Cameroun	Placement_RH	140000	1	Lost	0	Terminé	Closed	Offre pour 2 électriciens pour les travaux suivant la Demande d'intervention en image 	2026-02-17	Delvis Keumelieu
PI26125	SABC_Ndokoti	Boissons du Cameroun	Fourniture	4104000	1	Lost	0	Terminé	Closed	FOURNITURE D'UN DEMARREUR DE REF: ATS480C48Y	2026-02-18	Ajoumessi Yves
PI26126	GUINNESS	GUINNESS SA	Fourniture	6858656	1.4	Lost	0	Terminé	Closed	APPROVISIONNEMENT PR/ MODULE FESTO POUR LE CO2 PLANT	2026-02-18	Marie Solange ABANS
PI26127	SABC_Ndokoti	Boissons du Cameroun	Fourniture	0	1	Lost	0	Terminé	Closed	COTACTEUR TRIPOLAIRE POUR ZR132 REF:3RT1056-6AP36 	2026-02-18	Yves Ajoumessi
PI26128	DANGOTE_Dla	DANGOTE CEMENT SA	Fourniture	24432480	1	Lost	0	Terminé	Closed	DCC 2602-20 /160Kw Motor for Air Compresser - ELECTRICAL	2026-02-18	Benjamin N. Eteh
PI26129	SOCAPALM_Eseka	SOCAPALM	Fourniture_Pose	0	1	Lost	0	Terminé	Closed	REMISE À NEUF DU PALAN - USINE ESEKA	2026-02-18	Anne Chantal Ngo Ngidjol
PI26130	SABC_Garoua	Boissons du Cameroun	Fourniture	7435000	1.55	3599866	1	Terminé	Closed	MATERIEL ELECTRIQUE POUR ASSAINISSEMENT CHEMIN DES CABLES  ACCES USINE GAROUA	2026-02-23	Rosine Kati
PI26131	SOCAPALM_Eseka	SOCAPALM	Fourniture_Pose	0	1	Lost	0	Terminé	Closed	Adoucisseur Eseka	2026-02-15	Anne Chantal Ngo Ngidjol
PI26132	SEMC	SEMC	Fourniture	2093280	1	Lost	0	Terminé	Closed	ACHAT MODULE SCALANCE POUR USINE SEMC -------------HBO	2026-02-19	Alain Serge NOUNY NGASSAM 
PI26133	DANGOTE_Dla	DANGOTE CEMENT SA	Fourniture	195000	1	CM42010626	1	Terminé	Closed	SUPPLY OF HOLE SAW & Cell-Past MM11	2026-02-20	Benjamin N. Eteh
PI24513-1	SOCAPALM_Eseka	SOCAPALM	Fourniture_Pose	0	1.64	315/2024	1	Terminé	Closed	Installation nouvelle armoire chaudière 1	2024-08-29	
PI26134	SABC_Koumassi	Boissons du Cameroun	Fourniture_Pose	1200000	1.5	0	1	Terminé	Closed	MAIL DE CONSULTATION POUR REVAMPING COFFRET FOSSES CHAINES 4 ET 5	2026-02-20	Tientcheu Clement
PI26135	GUINNESS	GUINNESS SA	Fourniture	568320	1	Lost	0	Terminé	Closed	remise en service sécurité pal 7	2026-02-23	Marie Solange ABANS
PI26136	DANGOTE_Dla	DANGOTE CEMENT SA	Fourniture_Pose	0	1	Lost	0	Terminé	Closed	RFQ- E AND I-DCC2602-25- -Sup. & Inst. square false ceilx LED lamp	2026-02-23	Saurelle Metiegoum
PI26137	SABC_Ndokoti	Boissons du Cameroun	Fourniture_Pose	720000	1	3600080	1	Terminé	Closed	MISE EN CONFORMITE DU COFFRET CHAINE7-CH14	2026-02-23	François Atangana
PI26138	SABC_Ndokoti	Boissons du Cameroun	Fourniture	3791000	1.54	3600063	1	Terminé	Closed	MATERIEL POUR ALIMENTATION PARAMIX CH15 NDOKOTI	2026-02-24	Rosine Kati
PI26139	SABC_Koumassi	Boissons du Cameroun	Fourniture_Pose	1200000	1.5	Lost	0	Terminé	Closed	MAIL DE CONSULTATION POUR REVAMPING COFFRET FOSSES PET	2026-02-20	Tientcheu Clement
PI26140	SABC_Koumassi	Boissons du Cameroun	Fourniture_Pose	2900000	1.33	Lost	0	Terminé	Closed	MAIL DE CONSULTATION POUR REVAMPING COFFRET FOSSES EMPOTAGE	2026-02-20	Tientcheu Clement
PI26141	SABC_Garoua	Boissons du Cameroun	Fourniture	4209400	1	Lost	0	Terminé	Closed	MATERIEL POUR CABLAGE POMPE EAU GLYCOLEE MIXEUR L8 GAROUA	2026-02-24	Rosine Kati
PI26142	SEMC	SEMC	Fourniture	0	1	Lost	0	Terminé	Closed	Detecteur souffleuse Chaine 3 SEMC	2026-02-24	Voltaire Tchotchou
PI26143	SABC_Bafoussam	Boissons du Cameroun		0	1	3606371	1	Terminé	Closed	OFFRE POUR FOURNITURE ET REMPLACEMENT DES LAMPES DANS LES BUREAUX	2026-02-24	Anicet GHISLAIN FOKA
PI26144	SABC_Garoua	Boissons du Cameroun	Fourniture	7301920	1	3600264	1	Terminé	Closed	DEMANDE D'OFFRE POUR MATERIEL SIEMENS LIGNE 8 GAROUA	2026-02-25	Rosine Kati
PI26145	SABC_Koumassi	Boissons du Cameroun	Fourniture	376000	1	Regul	1	Terminé	Closed	Fourniture et remplacement des flotteurs sur les bacs des CIP de Koumassi	2026-02-25	Iris Dkouam
PI26146	SEMC	SEMC	Fourniture	0	1	3602595	1	Terminé	Closed	COMPTAGE ENERGIE MACHINES A LAVER	2026-02-25	Voltaire Tchotchou
PI26147	SABC_Koumassi	Boissons du Cameroun	Fourniture	3583665	1	Lost	0	Terminé	Closed	Fourniture et remplacement des flotteurs sur les bacs des CIP de Koumassi	2026-02-25	Iris Dkouam
PI26148	GUINNESS	GUINNESS SA	Fourniture	1477500	1.5	Lost	0	Terminé	Closed	RAVITAILLEMENT PR/ TRANSMETTEUR DE PRESSION	2026-02-25	Marie Solange ABANS
PI26149	SABC_Garoua	Boissons du Cameroun	Fourniture	305400	1	3599872	1	Terminé	Closed	DP 3255413 / INTERRUPTEURS DE NIVEAU A FLOTTEUR POUR MISE EN SERVICE FOSSE DE RELEVAGE DES EAUX USEES LIGNE 8 USINE GAROUA	2026-02-26	Rosine Kati
PI26150	SABC_Ndokoti	Boissons du Cameroun	Fourniture_Pose	0	1	Lost	0	Annulé	Closed	APPEL D'OFFRE 3255553 - Réseau OT fibre optique en boucle usine Ndokoti.	2026-02-26	Benjamin BAYANG
PI26151	GUINNESS	GUINNESS SA	Fourniture	1044000	1	Lost	0	Terminé	Closed	DA 3255575 APPROVISIONNEMENT PR/ CAPTEURS DE PRESSION	2026-02-26	Marie Solange ABANS
PI26152	DANGOTE_Dla	DANGOTE CEMENT SA	Fourniture	0	1	Lost	0	Terminé	Closed	DCC 2602 - 34 / Supply & Inst. of 02 battery laptop + charger	2026-02-26	Benjamin N. Eteh
PI26153	GUINNESS	GUINNESS SA	Fourniture_Pose	0	1	Lost	0	Annulé	Closed	INFILTRATION D'EAU DANS LE MCC FRIDGE PLANT	2026-02-26	Carine MANFOUO NGNINTEDEM
PI26154	DANGOTE_Dla	DANGOTE CEMENT SA	Fourniture	0	1	Lost	0	Terminé	Closed	DCC 2602 -37 / Supply of Contactors & Control devices - ELECTRICAL	2026-02-26	Benjamin N. Eteh
PI26155	Soticam	SOTICAM	Reparation	462000	1	0	1	Terminé	Closed	Reparation Onduleur	2026-02-27	Hassan ATWI
PI26156	SIAC	Boissons du Cameroun	Fourniture	112000	1	Lost	0	Terminé	Closed	Fourniture des detecteurs de mouvements	2026-03-02	Sylvain Lonchele
PI26157	SIAC	Boissons du Cameroun	Fourniture	0	1	Lost	0	Annulé	Closed	Fourniture d'un disjoncteur moteur GV2ME32A	2026-03-03	Sylvain Lonchele
PI26158	SABC_Koumassi	Boissons du Cameroun	Fourniture	5320000	2	Lost	0	Terminé	Closed	DEMANDE DE PRIX 3240423 / REHABILITATION BOUCLES DE MESURE DE TEMPERATURE DES TOD ET RESERVE	2026-03-04	Stheve NGAPE LONTE 
PI26159	SABC_Koumassi	Boissons du Cameroun	Fourniture	0	1	Lost	0	Terminé	Closed	Duplicateurs 4_20mA pour opto-couplage des signaux analogiques vers 02 utilisation différentes usine KOUMASI	2026-03-04	Cedric NGAKAM
PI26160	DIXSTONE	Dixstone Operations Cameroun	Maintenance	4800000	1	3303005989	1	Terminé	Closed	MR-3295-WIR-Cable Spooling UNIT	2026-03-04	Sarah Edoul
PI26161	SABC_Koumassi	Boissons du Cameroun	Fourniture_Pose	6954125	1	Lost	0	Terminé	Closed	Fourniture et pose d’un bloc motoriser pour inverseur socomec	2026-03-04	Tientcheu Clement
PI26162	SEMC	SEMC	Fourniture_Pose	3272900	1	Lost	0	Terminé	Closed	Electrification local cuve stockage gasoil	2026-03-04	Voltaire Tchotchou
PI26163	SEMC	SEMC	Fourniture_Pose	0	1	Lost	0	Terminé	Closed	Normalisation coffrets électrique locaux forages SEMC	2026-03-04	Voltaire Tchotchou
PI26164	DIXSTONE	Dixstone Operations Cameroun	Fourniture	3656400	1.5	Lost	0	Terminé	Closed	RIG LUG MR 70940 # RIG MOVE ELECTRICAL MATERIAL	2026-03-04	Marc MILLANGO
PI26165	SABC_Garoua	Boissons du Cameroun	Fourniture	4038720	1	Lost	0	Terminé	Closed	POUR REMPLACEMENT ELECTROVANNE DE LUBRIFICATION DEFECTUEUSES	2026-03-05	Victor William Mpondo Mouyeme
PI26166	SABC_Bafoussam	Boissons du Cameroun	Fourniture_Pose	0	1	Lost	0	Annulé	Closed	CDC MISE EN CONFORMITE STATION EAU GLYCOLEE	2026-03-05	Patrick DJAKOU MOUOFO
PI26167	SIAC	Boissons du Cameroun	Fourniture	625800	1	Regul	1	Terminé	Closed	ALIMENTATION PYLONE 	2026-03-06	Sylvain Lonchele
PI26168	SABC_Yaounde	Boissons du Cameroun	Fourniture	144600	1	Lost	0	Terminé	Closed	CDE INTERFACE RELAIS USINE YAOUNDE	2026-03-06	Alain Serge NOUNY NGASSAM 
PI26169	SABC_Koumassi	Boissons du Cameroun	Fourniture	1120000	1	Lost	0	Terminé	Closed	UPS POUR RENFORCER LA SÉCURITÉ DES TRANSFORMATEURS AU BLOC CONDITIONNEMEN	2026-03-06	Victor William Mpondo Mouyeme
PI26170	SABC_Bafoussam	Boissons du Cameroun	Fourniture	0	1	Lost	0	Terminé	Closed	Demande d'offre pour Cartes mémoires usine de Bafoussam	2026-03-06	Rosine Kati
PI26171	SABC_Bafoussam	Boissons du Cameroun	Fourniture_Pose	0	1	Lost	0	Terminé	Closed	AUTOMATISATION DE LA REGULATION DU BAC DE RECUPERATION D'EAU LAVEUSE DE BOUTEILLES CHAINE 5	2026-03-06	Aurelien KWANDA
PI26172	DANGOTE_Dla	DANGOTE CEMENT SA	Fourniture	0	1	CM40007342	1	Terminé	Closed	Supply of Few Spares for PLC/Automation - instrumentation	2026-03-06	Benjamin N. Eteh
PI26173	DANGOTE_Dla	DANGOTE CEMENT SA	Metrologie	6800000	1	Lost	0	Terminé	Closed	AMC - Weighbridges,Scales & Chkweig 2026 - INSTRUMENTATION	2026-03-06	Benjamin N. Eteh
PI26174A	SABC_Koumassi	Boissons du Cameroun	Maintenance	2565000	1.8	Lost	0	Terminé	Closed	REMPLACEMENT DES BATTERIES ONDULEUR 1 30KVA LOCAL ELECTRIQUE BRASSAGE	2026-03-06	HAMO FIKOUE Patrick Aime 
PI26175	SABC_Koumassi	Boissons du Cameroun	Fourniture_Pose	0	1	Lost	0	Terminé	Closed	Assainissement des pompes doseuses des aéros 	2026-03-06	HAMO FIKOUE Patrick Aime 
PI26176	SABC_Koumassi	Boissons du Cameroun	Fourniture_Pose	0	1	Lost	0	Terminé	Closed	Pose et raccordement transmetteur de niveau bac à fuel des chaudières LOOS	2026-03-06	HAMO FIKOUE Patrick Aime 
PI26177	SABC_Bafoussam	Boissons du Cameroun	Fourniture	2082000	1	3606357	1	Terminé	Closed	REMPLACEMENT DES POSITIONNEURS DEFECTUEUX//USINE BAFOUSSAM	2026-03-09	Victor William Mpondo Mouyeme
PI26178	Sodecoton	SODECOTON	Fourniture	3023692	1	Lost	0	Terminé	Closed	DEMANDE DE PRIX N° 56145 MATERIELS REBOBINAGE	2026-03-09	Abdoul Wahab Amadou 
PI26164A	DIXSTONE	Dixstone Operations Cameroun	Fourniture	7848900	1.5	Lost	0	Terminé	Closed	RIG LUG MR 70940 # RIG MOVE ELECTRICAL MATERIAL	2026-03-04	Marc MILLANGO
PI26179	DANGOTE_Dla	DANGOTE CEMENT SA	Fourniture	0	1	Lost	0	Terminé	Closed	DCC 2603 - 03 /Supply of FILTER,PANEL,RITTAL,SK 3243.100 - INSTRUMENTATION	2026-03-09	Benjamin N. Eteh
PI26180	SLB	SLB	Fourniture	650000	1	Regul	1	Terminé	Closed	Request for Availability and Pricing- Profibus Cables	2026-03-09	Arnaud Valentin DZOGNE 
PI26181	SABC_Koumassi	Boissons du Cameroun	Fourniture_Pose	467600	1	Lost	0	Terminé	Closed	Fourniture et remplacement des câbles des sondes TOD 6 et 23	2026-03-10	HAMO FIKOUE Patrick Aime 
PI26182	GUINNESS	GUINNESS SA	Fourniture	750000	1.5	3602898	1	Terminé	Closed	RAVITAILLEMENT CABLE POUR CONNECTION POMPE PRT	2026-03-10	Marie Solange ABANS
PI26183	GUINNESS	GUINNESS SA	Fourniture	623616	1	Lost	0	Terminé	Closed	APPROVISONNEMENT PR/FUSIBLE POUR CONDENSEURS GROUPES FROID	2026-03-10	Marie Solange ABANS
PI26184	SABC_Garoua	Boissons du Cameroun	Fourniture	581100	1.45	Lost	0	Terminé	Closed	Materiels nouvelle vannes sur grille TBF usine garoua fonctionnant avec la nouvelle lanterne de la ligne 8	2026-03-10	Cedric NGAKAM
PI26185	SABC_Garoua	Boissons du Cameroun	Fourniture	1937648	1.4	Lost	0	Terminé	Closed	Materiels nouvelle vannes sur grille TBF usine garoua fonctionnant avec la nouvelle lanterne de la ligne 8	2026-03-10	Cedric NGAKAM
PI26186	SABC_Koumassi	Boissons du Cameroun	Fourniture_Pose	20617950	1	Lost	0	Terminé	Closed	Réaménagement ateliers Chaudronnerie & Mécanique	2026-03-10	HAMO FIKOUE Patrick Aime 
PI26174B	SABC_Koumassi	Boissons du Cameroun	Maintenance	2052000	1.8	Lost	0	Terminé	Closed	REMPLACEMENT DES BATTERIES ONDULEUR 2 30KVA LOCAL ELECTRIQUE BRASSAGE	2026-03-06	HAMO FIKOUE Patrick Aime 
PI26174C	SABC_Koumassi	Boissons du Cameroun	Maintenance	2925000	1.8	Lost	0	Terminé	Closed	REMPLACEMENT DES BATTERIES ONDULEUR BATIMENT ADMINISTRATIF	2026-03-06	HAMO FIKOUE Patrick Aime 
PI26174D	SABC_Koumassi	Boissons du Cameroun	Maintenance	2925000	1.8	Lost	0	Terminé	Closed	REMPLACEMENT DES BATTERIES ONDULEUR LOCAL PET	2026-03-06	HAMO FIKOUE Patrick Aime 
PI26174E	SABC_Koumassi	Boissons du Cameroun	Maintenance	2925000	1.8	Lost	0	Terminé	Closed	REMPLACEMENT DES BATTERIES ONDULEUR TRAITEMENT D'EAU	2026-03-06	HAMO FIKOUE Patrick Aime 
PI26187	SABC_Ndokoti	Boissons du Cameroun	Fourniture_Pose	104453500	1.53	Lost	0	Terminé	Closed	ECLAIRAGE & CLIMATISATION LABORATOIRE L15 USINE NDOKOTI LOT 1	2026-03-11	Rosine Kati
PI26188	SABC_Koumassi	Boissons du Cameroun	Fourniture	0	1	Lost	0	Annulé	Closed	Fourniture d'un coffret précabler pour vaporiseur CO2	2026-03-11	Tientcheu Clement
PI26189	SABC_Bafoussam	Boissons du Cameroun	Fourniture	7543800	1.5	Lost	0	Terminé	Closed	EQUIPEMENTS POUR EQUIPE MOTEURS ET  EQUIPE DE QUART//USINE BAFOUSSAM	2026-03-12	Victor William Mpondo Mouyeme
PI26190	SABC_Ndokoti	Boissons du Cameroun	Fourniture_Pose	37037395	1.58	Lost	0	Terminé	Closed	ECLAIRAGE & CLIMATISATION LABORATOIRE L15 USINE NDOKOTI LOT 2	2026-03-11	Rosine Kati
PI26191	SABC_Ndokoti	Boissons du Cameroun	Fourniture_Pose	0	1	Lost	0	Annulé	Closed	ECLAIRAGE & CLIMATISATION LABORATOIRE L15 USINE NDOKOTI LOT 3	2026-03-12	Rosine Kati
PI26192	SABC_Bafoussam	Boissons du Cameroun	Fourniture_Pose	0	1	Lost	0	Terminé	Closed	OFFRE POUR PASSAGE CABLES DES SIGNAUX FOSSES DE RELEVAGE 	2026-03-11	Anicet GHISLAIN FOKA
PI26193	SABC_Yaounde	Boissons du Cameroun	Fourniture	2880000	1.5	Lost	0	Terminé	Closed	COMMANDE CABLE RIGIDE POUR 
ASSERVISSEMENT APPOINT D'EAU BACHE 
EAU CHAUDE TC VERS BACHE EAU CHAUDE 
CP ET AUTRES	2026-03-13	Martine KACTHE BIDEG 
PI26194	GUINNESS	GUINNESS SA	Fourniture	0	1	Lost	0	Terminé	Closed	APPROVISIONNEMENT PR/ COLLIER COLRING ET CONNECTEUR M12	2026-03-16	Marie Solange ABANS
PI26195	SABC_Koumassi	Boissons du Cameroun	Fourniture_Pose	2354750	1	Lost	0	Terminé	Closed	Fourniture et remplacement câbles de puissance calciné sur moteur compresseur GF6	2026-03-16	HAMO FIKOUE Patrick Aime 
PI26196	GUINNESS	GUINNESS SA	Fourniture	1482880	1	3609029	1	Terminé	Closed	Bloc valves pour RTD	2026-03-16	Marie Solange ABANS
PI26197	BOCOM Industry	BOCOM Industry	Fourniture_Pose	224451	1.49	Lost	0	Terminé	Closed	TRAVAUX DE REFECTION ECLAIRAGE - RESIDENCE BOGNE	2026-03-16	Aristote BOGNE
PI26198	BOCOM 	BOCOM PETROLEUM SA	Fourniture_Pose	76539950	1.57	Lost	0	Terminé	Closed	TRAVAUX D'AMELIORATION DU COS PHI	2026-03-16	
PI26199	Socapalm Edea Ferme Suisse	SOCAPALM	Etudes	1965000	1.5	Lost	0	Terminé	Closed	MISE EN CONFORMITE DU SYSTEME DE PROTECTION FOUDRE USINE FERME SUISSE	2026-03-12	Patrick RANDRIAMISATA
PI26200	SABC_Ndokoti	Boissons du Cameroun	Fourniture	0	1	3368169	1	Terminé	Closed	PR DE SECURITE NOUVELLE CIP	2026-03-17	Cedric NGAKAM
PI26201	Sodecoton	SODECOTON	Fourniture	0	1	Lost	0	Terminé	Closed	COMMANDE URGENTE POUR DECORTIQUEUR N° 1	2026-03-17	Abdoul Wahab Amadou 
PI26202	SLB	SLB	Maintenance	0	1	Regul	1	Terminé	Closed	Request for S7-300 API configuration	2026-03-16	
PI26203	SABC_Bafoussam	Boissons du Cameroun	Fourniture	0	1	3606348	1	Terminé	Closed	REMPLACEMENT DIALOGUE OPERATEUR 
CENTRIFUGEUSE DEFECTUEUSE ET PR DE 
SECURITE STATION DILUTION SUCRE	2026-03-18	Victor William Mpondo Mouyeme
PI26204	SABC_Bafoussam	Boissons du Cameroun	Fourniture	0	1	Lost	0	Terminé	Closed	PDR DE SECURITE DISSOLUTION SUCRE ET 
STATION CIP ENTONNEMENT BAFOUSSAM	2026-03-18	Victor William Mpondo Mouyeme
PI26205	SLB	SLB	Installation	350000	1	Lost	0	Terminé	Closed	Configuration PLC	2026-03-18	Arnaud Valentin DZOGNE 
PI26206	DANGOTE_Dla	DANGOTE CEMENT SA	Installation	150000	1.5	Lost	0	Terminé	Closed	TRAVAUX D'ASSISTANCE REMPLACEMENT CENTRALE INCENDIE ALGOREX	2026-03-18	Iloga Gerard
PI26207	SABC_Koumassi	Boissons du Cameroun	Fourniture_Pose	0	1	Lost	0	Annulé	Closed	Installation électrique salle serveurs nouveaux bureaux techniques	2026-03-19	HAMO FIKOUE Patrick Aime 
PI26208	DANGOTE_Dla	DANGOTE CEMENT SA	Fourniture_Pose	0	1	Lost	0	Annulé	Closed	RFQ E&I-DCC2602-41-SUPPLY & INST OF TOILET & CORRIDOR LAMPS	2026-03-19	Saurelle Metiegoum
PI26209	SABC_Bafoussam	Boissons du Cameroun	Fourniture_Pose	0	1	Lost	0	Annulé	Closed	OFFRE POUR FOURNITURE ET INSTALLATION DES COFFRETS 20X20	2026-03-19	Anicet GHISLAIN FOKA
PI26210	SABC_Garoua	Boissons du Cameroun	Fourniture	2879396	1.45	Lost	0	Terminé	Closed	offre complémentaire matériels pour échanges de signaux nouvelle ligne 8 Garoua	2026-03-23	Cedric NGAKAM
PI26211	SABC_Koumassi	Boissons du Cameroun	Fourniture	80000	1.6	Lost	0	Terminé	Closed	Fourniture cable de commande	2026-03-23	HAMO FIKOUE Patrick Aime 
PI26212	SABC_Koumassi	Boissons du Cameroun	Fourniture	200000	1	Lost	0	Terminé	Closed	Fourniture et remplacement batteries des onduleurs Baie salle à brasser	2026-03-24	HAMO FIKOUE Patrick Aime 
PI26213	SOCAVER	Societe Camerounaise des Verrieries	Fourniture	0	1	3607235	1	Terminé	Closed	DA 3257916 AVERTISSEUR	2026-03-23	Philemon SANDJONG TCHAZOU 
PI26214	CIMAF	CIMAF SA	Fourniture_Pose	0	1	Lost	0	Terminé	Closed	Maintenance Unité d'air(remplacement de filtre)	2026-03-24	Thierry Egin
PI26215	SABC_Koumassi	Boissons du Cameroun	Fourniture_Pose	0	1	Lost	0	Annulé	Closed	FOURNITURE ET INSTALLATION D'UN INVERSEUR DE SOURCE 40A	2026-03-25	HAMO FIKOUE Patrick Aime 
PI26216	SCDP Depot de Mboppi	SCDP	Fourniture_Pose	16486000	1	Lost	0	Terminé	Closed	Rehabilitation Sirene d'alarme Mboppi	2026-03-25	Francois OUNKAP
PI26217	SCDP Depot de Mboppi	SCDP	Fourniture_Pose	0	1	Lost	0	Terminé	Closed	Fourniture et installation d'un systeme d'arret d'urgence au depot de SCDP Mboppi	2026-03-25	Francois OUNKAP
PI26218	ADDAX	Addax Petroleum Cameroon Company SA	Fourniture_Pose	24000000	1	Lost	0	Terminé	Closed	Request For Quotation_Procurement of Defective Spare Parts for UPS Systems (Galaxy 5500 – 2×80 kVA)	2026-03-25	Cyrille Njoko
PI26219	SCDP Depot de Mboppi	SCDP	Fourniture_Pose	18783600	1.37	2026000162/2026/SCDP	1	Terminé	Closed		2026-03-22	Francois OUNKAP
PI26220	GUINNESS	GUINNESS SA	Fourniture	0	1	3609026	1	Terminé	Closed	RAVITAILEMENT/PR  DALLE LED	2026-03-26	Marie Solange ABANS
PI26222	DIXSTONE	Dixstone Operations Cameroun	Fourniture	0	1	Lost	0	Annulé	Closed	LUG / BASE - FLUKE NEEDED	2026-03-26	Marc MILLANGO
PI26221	GUINNESS	GUINNESS SA	Fourniture	0	1	3610820	1	Terminé	Closed	besoin d'appareil de mesures pour conditionnement et brassage 	2026-03-26	Marie Solange ABANS
PI26223	SABC_Koumassi	Boissons du Cameroun	Fourniture_Pose	3023900	1	Lost	0	Terminé	Closed	Réaménagement du laboratoire de l’Usine de Koumassi	2026-03-26	HAMO FIKOUE Patrick Aime 
PI26224	SABC_Bafoussam	Boissons du Cameroun	Fourniture	0	1	Lost	0	Terminé	Closed	Commande Projecteurs Région de L'OUEST	2026-03-28	Luc Degaul Ngoubeyou
PI26225	ADDAX	Addax Petroleum Cameroon Company SA	Fourniture_Pose	8493415	1	Lost	0	Terminé	Closed	CONSTRUCTION OF A TOILET AROUND THE YARD AT THE APCC BASE	2026-03-28	Cyrille Njoko
PI26226	SABC_Ndokoti	Boissons du Cameroun	Placement_RH	3600000	1.5	Lost	0	Terminé	Closed	Mise a disposition de 4 instrumentistes Team A pour entretien journalier Ndokoti avril 2026 à juin 2026)	2026-03-20	François Atangana
PI26227	SABC_Yaounde	Boissons du Cameroun	Fourniture	7231700	1.4	Lost	0	Terminé	Closed	BESOIN CELLULES ET REFLECTEURS POUR TRANSPORTEURS ET PAL/DEPAL CH5	2026-03-28	Martine KACTHE BIDEG 
PI26228	SABC_Siege	Boissons du Cameroun	Fourniture_Pose	4676700	1	Lost	0	Terminé	Closed	Avis de consultation Aménagement Espace Commerciale et Marketing Siège social	2026-03-25	Christel TCHATO
PI26229	Sodecoton	SODECOTON	Fourniture	0	1	Lost	0	Terminé	Closed	Demande de prix n° 56233 du 27/03/2026 - Commande des encres pour la delegation de yaounde	2026-03-30	Abdoul Wahab Amadou 
PI26230	SABC_Bafoussam	Boissons du Cameroun	Fourniture	1444280	1.5	3608534	1	Terminé	Closed	Demande d'offre pour matériels de communication nouveau TOD BAFOUSSAM ISAS	2026-03-31	Rosine Kati
PI26231	Sodecoton	SODECOTON	Fourniture	0	1	Lost	0	Terminé	Closed	COMMANDE URGENTE POUR DECORTIQUEUR N° 1	2026-03-31	Abdoul Wahab Amadou 
PI26232	DANGOTE_Dla	DANGOTE CEMENT SA	Fourniture_Pose	896000	1.4	Lost	0	Terminé	Closed	RFQ E&I-DCC2602-41-SUPPLY & INST OF TOILET & CORRIDOR LAMPS	2026-03-30	Saurelle Metiegoum
PI26233	SIAC	Boissons du Cameroun	Fourniture_Pose	0	1	Lost	0	Terminé	Closed	Fourniture Pose Onduleur Salle Serveur	2026-03-30	Sylvain Lonchele
PI26234	GUINNESS	GUINNESS SA	Fourniture	1238400	1	Lost	0	Terminé	Closed	besoin d'electrovanne pour les soutireuses 5 et 6	2026-04-01	Marie Solange ABANS
PI26235	GUINNESS	GUINNESS SA	Fourniture	7695752	1.4	Lost	0	Terminé	Closed	MATERIEL COMMANDE POMPES MOBILES FABRICATION	2026-04-02	Marie Solange ABANS
PI26236	GUINNESS	GUINNESS SA	Fourniture	512220	1.5	Lost	0	Terminé	Closed	Demande d'achat des kits de configuration de transmetteur JUMO et Endress	2026-04-02	Marie Solange ABANS
PI26237	SABC_Ndokoti	Boissons du Cameroun	Fourniture	1923712	1	Lost	0	Terminé	Closed	Achat transformateurs de courant et relais  pour centrale thermique Ndokoti	2026-04-02	Rosine Kati
PI26238	SABC_Yaounde	Boissons du Cameroun	Fourniture	207200	1	Lost	0	Terminé	Closed	PDR POUR RESOLUTION DES ANOMALIES ET VARIATEURS DE RESERVE POUR DEPAL	2026-04-02	Stheve NGAPE LONTE 
PI26239	DIXSTONE	Dixstone Operations Cameroun	Fourniture	1923712	1	Lost	0	Terminé	Closed	MERCURY 60 HP 4	2026-04-02	Hervige Ngendeme
PI26240	DIXSTONE	Dixstone Operations Cameroun	Fourniture	676000	1	Lost	0	Terminé	Closed	SKGW-2026-010016-B01 Engine Outboard Engine Mercury	2026-04-02	Hervige Ngendeme
PI26241	DIXSTONE	Dixstone Operations Cameroun	Fourniture	6770959	1	Lost	0	Terminé	Closed	A130-2026-020013-B(01) - ENGINE CONSUMABLES MARS 2026	2026-04-02	Hervige Ngendeme
PI26242	SOCAVER	Societe Camerounaise des Verrieries	Fourniture	1769600	1	3609416	1	Terminé	Closed	3258563 AVERTISSEUR ET VENTILATEUR	2026-04-02	Annette Nicole OBOM
PI26243	SABC_Koumassi	Boissons du Cameroun	Fourniture_Pose	10944672	1	Lost	0	Terminé	Closed	Mail de consultation mise en conformité local TGBT brassage	2026-04-04	Tientcheu Clement
PI26244	SABC_Koumassi	Boissons du Cameroun	Fourniture_Pose	0	1	Lost	0	Terminé	Closed	mail de consultation mise en conformité local SDM	2026-04-04	Tientcheu Clement
PI26245	SABC_Koumassi	Boissons du Cameroun	Fourniture_Pose	1203400	1	Lost	0	Terminé	Closed	mail de consultation mise en conformité local arrivée ENEO	2026-04-04	Tientcheu Clement
PI26246	SABC_Yaounde	Boissons du Cameroun	Fourniture	10925744	1	Lost	0	Terminé	Closed	BESOIN DES PIECES DE REMPLACEMENT POUR ENTRETIEN PAL/DEPAL CONDITIONNEMENT	2026-04-06	Stheve NGAPE LONTE 
PI26247	NeoIndustry_Kekem	NEO INDUSTRY SA	Fourniture_Pose	437500	1	0	1	Terminé	Closed	Travaux de correction des vannes de regulations 	2026-04-06	Joseph KENMOE
PI26248	GUINNESS	GUINNESS SA	Fourniture	0	1	Lost	0	Terminé	Closed	réhabilitation des laveuses de casiers	2026-04-06	Marie Solange ABANS
PI26249	SABC_Garoua	Boissons du Cameroun	Fourniture	499200	1	Lost	0	Terminé	Closed	Matériels MES CH8 GAROUA/ RELANCE	2026-04-06	Cedric NGAKAM
PI26250	DIXSTONE	Dixstone Operations Cameroun	Fourniture	2313000	1.53	Lost	0	Terminé	Closed	A130-2026-020012-B(01) - GENSET EXHAUST EXTENSION PIPE	2026-04-02	Hervige Ngendeme
PI26251	SABC_Koumassi	Boissons du Cameroun	Fourniture_Pose	0	1	Lost	0	Terminé	Closed	mise en conformité Disjoncteur Groupe Froid	2026-04-07	Tientcheu Clement
PI26252	SCDP Depot de Garoua	SCDP	Fourniture_Pose	2850000	1	Lost	0	Terminé	Closed	Rehabilitation Eclairage exterieur et Interieur SCDP Garoua	2026-04-07	Francois OUNKAP
PI26253	SCDP Depot de Garoua	SCDP	Fourniture_Pose	9313000	1	Lost	0	Terminé	Closed	Rehabilitation Eclairage exterieur et Interieur SCDP Garoua	2026-04-07	Francois OUNKAP
PI26144-1	SABC_Garoua	Boissons du Cameroun	Fourniture	3139920	1	3606307	1	Terminé	Closed	DEMANDE D'OFFRE POUR MATERIEL SIEMENS LIGNE 8 GAROUA	2026-02-25	Rosine Kati
PI26254	SOCAVER	Societe Camerounaise des Verrieries	Metrologie	4300000	1	Lost	0	Terminé	Closed	DEMANDE DE COTATION APPAREILAGE ELECTRIQUE - METROLOGIE	2026-04-07	Vardest TAWASSI YANKAM
PI26255	SABC_Koumassi	Boissons du Cameroun	Fourniture_Pose	0	1	Regul	1	Terminé	Closed	MISE EN CONFORMITÉ COFFRET DES DPQ	2026-04-07	HAMO FIKOUE Patrick Aime 
PI26262	SABC_Koumassi	Boissons du Cameroun	Fourniture_Pose	0	1	Lost	0	Terminé	Closed	MISE EN CONFORMITÉ COFFRET DES QHSE	2026-04-07	HAMO FIKOUE Patrick Aime 
PI26256	SABC_Koumassi	Boissons du Cameroun	Fourniture_Pose	1235600	1.29	Lost	0	Terminé	Closed	MISE EN CONFORMITE COFFRET QHSE		HAMO FIKOUE Patrick Aime 
PI26257	DIXSTONE	Dixstone Operations Cameroun	Fourniture	612015	1	0	1	Terminé	Closed	regularisation TVA facture 500 et 25548	2026-04-09	
PI26258	SABC_Bafoussam	Boissons du Cameroun	Placement_RH	1960000	1.75	Lost	0	Terminé	Closed	révision annuelle de la chaine 7	2026-04-09	Michel KENMOE
PI26259	SABC_Bafoussam	Boissons du Cameroun	Placement_RH	1960000	1.75	Lost	0	Terminé	Closed	révision annuelle de la chaine 7	2026-04-09	Michel KENMOE
PI26260	SABC_Bafoussam	Boissons du Cameroun	Placement_RH	1960000	1.75	Lost	0	Terminé	Closed	révision annuelle de la chaine 7	2026-04-09	Michel KENMOE
PI26261	SABC_Koumassi	Boissons du Cameroun	Fourniture_Pose	8498560	1.38	Lost	0	Terminé	Closed	fourniture et remplacement électrovanne TOD et brassage	2026-04-09	Tientcheu Clement
PI26263	GUINNESS	GUINNESS SA	Fourniture	947500	1.58	Lost	0	Terminé	Closed	RAVITAILLEMENT PR/CABLES POUR INSTALLATION NOUVEAUX DES DISJONCTEURS DIFFERENTIELS	2026-04-09	Marie Solange ABANS
PI26264	SABC_Koumassi	Boissons du Cameroun	Fourniture_Pose	2206236	1	Lost	0	Terminé	Closed	mise en conformité zone atelier mécanique	2026-04-09	Tientcheu Clement
PI26265	SABC_Koumassi	Boissons du Cameroun	Fourniture	0	1	3613765	1	Terminé	Closed	DEMANDE DE PRIX 3252272 / RALLONGE POUR UTILISATION EN SDM ET TTE	2026-04-09	Stheve NGAPE LONTE 
PI26266	SABC_Koumassi	Boissons du Cameroun	Fourniture_Pose	1259850	1	Lost	0	Terminé	Closed	Mail de consultation mise en conformité local conditionnement	2026-04-09	Tientcheu Clement
PI26267	SABC_Bafoussam	Boissons du Cameroun	Fourniture	760340	1.4	Lost	0	Terminé	Closed	DEMANDE DE PRIX DA 3257377 / MISE A NIVEAU DES NON CONFORMITES SUIVAINT AUDIT APAVE	2026-04-08	Cedric NGAKAM
PI26268	GUINNESS	GUINNESS SA	Fourniture	710265	1.5	3612674	1	Terminé	Closed	COMMANDE MATERIELS ADDITIFS POUR INSTALLATION DES DISJONCTEURS DIFFERENTIELS	2026-04-10	Marie Solange ABANS
PI26269	SABC_Ndokoti	Boissons du Cameroun	Fourniture_Pose	5417400	1	Lost	0	Terminé	Closed	REHABILITATION ÉCLAIRAGE VESTIAIRES H/F NDOKOTI	2026-04-09	François Atangana
PI26270	GUINNESS	GUINNESS SA	Fourniture	48984	2.6	Lost	0	Terminé	Closed	THERMOSTAT POUR FOUR ÉLECTRIQUE DE 0 À 300°C	2026-04-10	Carine MANFOUO NGNINTEDEM
PI26271	SOCAPALM DIBOMBARI	SOCAPALM	Fourniture_Pose	916800	1	Lost	0	Terminé	Closed	Remplacement serrure pour armoires electriques	2026-04-08	Serge Ngamaleu
PI26272	SOCAPALM DIBOMBARI	SOCAPALM	Fourniture_Pose	1040520	1.1000000000000001	Lost	0	Terminé	Closed	Mise en conformite (FDC, INterrupteurs)	2026-04-13	Serge Ngamaleu
PI26273	SABC_Koumassi	Boissons du Cameroun	Fourniture_Pose	0	1	Lost	0	Terminé	Closed	MISE EN CONFORMITE COFFRET APH	2026-04-13	Tientcheu Clement
PI26274	HOPITAL St Jean De Malte de Njombe	Hopital Saint Jean De Malte	Fourniture_Pose	0	1	Lost	0	Terminé	Closed	fourniture et pose des serrures intelligentes	2026-04-08	Philippe Marie De Marie De Gayffier
PI26275	SABC_Ndokoti	Boissons du Cameroun	Fourniture	1995936	1.42	Lost	0	Terminé	Closed	PDR POUR MONTAGE DES NOUVELLES SONDES DE TEMPERATURE	2026-04-13	Hassan FOUAPON KOUOTOU
PI26276	Sodecoton	SODECOTON	Fourniture	0	1	Lost	0	Annulé	Closed	INSTRUMENT DE MESURE POUR ATELIER NEUTRALISATION	2026-04-13	
PI26277	DIXSTONE	Dixstone Operations Cameroun	Fourniture	1089720	1.5	Lost	0	Terminé	Closed	ELECTRICAL MOTOR FOR HOSES SAW	2026-04-13	
PI26278	Sodecoton	SODECOTON	Fourniture	2133872	1.3	Lost	0	Terminé	Closed	COMMANDE URGENTE POUR DECORTIQUEUR N1/ROULEMENT SKF REF: 23222	2026-04-13	Abdoul Wahab Amadou 
PI26279	SABC_Ndokoti	Boissons du Cameroun	Fourniture	1556800	1.4	Lost	0	Terminé	Closed	PDR POUR PROTECTION ALIMENTATION MACHINE USINE NDOKOTI	2026-04-14	Hassan FOUAPON KOUOTOU
PI26280	SABC_Koumassi	Boissons du Cameroun	Fourniture_Pose	2621938	1	Lost	0	Terminé	Closed	MISE EN CONFORMITE LOCAL CHAUFFERIE	2026-04-09	Tientcheu Clement
PI26281	SABC_Koumassi	Boissons du Cameroun	Fourniture_Pose	3867050	1.28	Lost	0	Terminé	Closed	Travaux d'electrisation nouvelle Salle Serveur Koumassi	2026-04-14	Iris Dkouam
PI26282	SABC_Koumassi	Boissons du Cameroun	Fourniture_Pose	0	1	Lost	0	Terminé	Closed	MISE EN CONFORMITE ZONE TOD	2026-04-13	Tientcheu Clement
PI26283	SOCAPALM DIBOMBARI	SOCAPALM	Fourniture_Pose	1818880	1.2	Lost	0	Terminé	Closed	Mise en conformite (Extracteur, Kloxon)	2026-04-13	Serge Ngamaleu
PI26284	SABC_Koumassi	Boissons du Cameroun	Fourniture_Pose	815352	1.23	Lost	0	Terminé	Closed	Fourniture et pose compteur d'energie et TI	2026-04-14	Iris Dkouam
PI26285	Cegelec	CEGELEC SA	Fourniture	2787675	1.5	Lost	0	Terminé	Closed	DEMANDE DE MATERIEL URGENTE	2026-04-15	Romuald Mengue
PI26286	DANGOTE_Dla	DANGOTE CEMENT SA	Maintenance	188200	1	Lost	0	Terminé	Closed	REPAIR OF LAPTOP FOR SUBSTATION	2026-04-16	Iloga Gerard
PI26287	SABC_Garoua	Boissons du Cameroun	Fourniture	8424000	1.3	Lost	0	Terminé	Closed	CDC ECLAIRAGE BUREAUX ET ATELIERS L8 USINE GAROUA	2026-04-15	Cedric NGAKAM
PI26288	DANGOTE_Dla	DANGOTE CEMENT SA	Fourniture_Pose	0	1	Lost	0	Annulé	Closed	SUPPLY & INST. OF 1000L CUBICLE +NAOH S. - ELECTRICAL	2026-04-15	Benjamin N. Eteh
PI26289	DIXSTONE	Dixstone Operations Cameroun	Fourniture	0	1	Lost	0	Annulé	Closed	ELECTRODE FOR CAST STEEL	2026-04-15	Hervige Ngendeme
PI26290	SEMC	SEMC	Fourniture	1260000	1.4	Lost	0	Terminé	Closed	COMMANDE CONSOLE DE PROGRAMMATION USINE SEMC	2026-04-15	Alain Serge NOUNY NGASSAM 
PI26291	DANGOTE_Dla	DANGOTE CEMENT SA	Fourniture_Pose	14787904	1.64	Lost	0	Terminé	Closed	AUTOPAC DOOR REPAIRING	2026-04-15	Saurelle Metiegoum
PI26292	DANGOTE_Dla	DANGOTE CEMENT SA	Reparation	50000	1	Lost	0	Terminé	Closed	Reparation imprimante Rhino 6000+	2026-04-16	Saurelle Metiegoum
PI26293	SABC_Koumassi	Boissons du Cameroun	Fourniture_Pose	1670054	1.22	Lost	0	Terminé	Closed	Mise en service Vaporiseur SDM Koumassi	2026-04-15	Iris Dkouam
PI26294	SABC_Koumassi	Boissons du Cameroun	Fourniture_Pose	13023260	1.25	Lost	0	Terminé	Closed	Fourniture et Pose Onduleur 20KVA nouvelle Salle Serveur Koumassi	2026-04-15	Iris Dkouam
PI26295	SABC_Koumassi	Boissons du Cameroun	Fourniture_Pose	1317300	1	Regul	1	Terminé	Closed	CONSULTATION POUR MISE EN CONFORMITE ZONE FROID ENTONNEMENT	2026-04-16	Tientcheu Clement
PI26296	SABC_Siege	Boissons du Cameroun	Fourniture	16848980	1.34	Lost	0	Terminé	Closed	MINI PC INDUSTRIEL + ECRAN ET ACCESSOIRE	2026-04-16	Benjamin BAYANG
PI26297	SABC_Siege	Boissons du Cameroun	Fourniture	24898512	1.38	Lost	0	Terminé	Closed	STATION DE TRAVAIL INDUSTRIELS MOBILES	2026-04-16	Benjamin BAYANG
PI26298	DIXSTONE	Dixstone Operations Cameroun	Fourniture	0	1	Lost	0	Annulé	Closed	PIUSI PUMP PARTS	2026-04-21	Hervige Ngendeme
PI26299	SABC_Koumassi	Boissons du Cameroun	Fourniture_Pose	0	1	Lost	0	Terminé	Closed	FOURNITURE ET POSE CABLE ALIMENTATION DES BAIES PROJET CPS	2026-04-16	Iris Dkouam
PI26300	DIXSTONE	Dixstone Operations Cameroun	Fourniture	8003400	1.5	Lost	0	Terminé	Closed	TOWING WIRE CABLE	2026-04-16	Hervige Ngendeme
PI26301	DIXSTONE	Dixstone Operations Cameroun	Fourniture	2056460	1.4	Lost	0	Terminé	Closed	ENGINE-CONSUMABLES	2026-04-16	Hervige Ngendeme
PI26302	Sodecoton	SODECOTON	Fourniture	0	1	Lost	0	Annulé	Closed	COMMANDE FEUILLES DE JOINT EN URGENCE POUR RAFFINERIE ET VAP	2026-04-17	
PI26303	Hydrac Douala	Hydrocarbures Analyses Contrôles SA	Audit Inspection	875000	1	019/HT-04/2026	1	Terminé	Closed	Inspection Atex - Tchad	2026-03-20	Bakoura Moussa
PI26304	GUINNESS	GUINNESS SA	Fourniture	346348	1.55	Lost	0	Terminé	Closed	ELECTROVANNE GAZ INCOMPRESSIBLE GROUPES FROIDS	2026-04-17	Marie Solange ABANS
PI26305	SABC_Koumassi	Boissons du Cameroun	Fourniture_Pose	1541400	1	Lost	0	Terminé	Closed	MEC ZONE ATELIER MECANIQUE	2026-04-15	Tientcheu Clement
PI26306	SABC_Ndokoti	Boissons du Cameroun	Fourniture_Pose	2216250	1.42	Lost	0	Terminé	Closed	DETECTION ALARME TEMPERATURE	2026-04-20	François Atangana
PI26307	GUINNESS	GUINNESS SA	Fourniture	791910	1.5	Lost	0	Terminé	Closed	REFECTION DU CIRCUIT DE DISTRIBUTION DE L'ARMOIRE ELECTRIQUE LAVEUSE 5	2026-04-21	Marie Solange ABANS
PI26308	SABC_Koumassi	Boissons du Cameroun	Fourniture_Pose	1205100	1	Regul	1	Terminé	Closed	MEC COFFRET PRISE CHAUDRONNERIE	2026-04-21	Tientcheu Clement
PI26309	SABC_Koumassi	Boissons du Cameroun	Fourniture_Pose	0	1	Regul	1	Terminé	Closed	MEC COFFRET FOUR	2026-04-21	Tientcheu Clement
PI26310	SABC_Koumassi	Boissons du Cameroun	Fourniture_Pose	0	1	Lost	0	Terminé	Closed	MEC COFFRET PRISE SOUS SOL FLM	2026-04-21	Tientcheu Clement
PI26311	SABC_Koumassi	Boissons du Cameroun	Fourniture_Pose	968200	1	Regul	1	Terminé	Closed	MEC COFFRET PRISE SIROPERIE BRASSAGE	2026-04-21	Tientcheu Clement
PI26312	SABC_Siege	Boissons du Cameroun	Fourniture	1744400	1	Lost	0	Terminé	Closed	MINI PC INDUSTRIEL Z2 G5/i7	2026-04-22	Benjamin BAYANG
PI26313	NeoIndustry_Kekem	NEO INDUSTRY SA	Installation	1050000	2.5	Lost	0	Terminé	Closed	TRAVAUX DE VERIFICATION ET ETALONNAGE ANNUEL DES SONDES DE TEMPERATURE	2026-04-22	
PI26314	NeoIndustry_Kekem	NEO INDUSTRY SA	Fourniture	5349618	1	Lost	0	Terminé	Closed	PIECES DE RECHANGES	2026-04-22	
PI26315	NeoIndustry_Kekem	NEO INDUSTRY SA	Fourniture	30614033	1.3	Lost	0	Terminé	Closed	PIECES DE RECHANGES	2026-04-22	
PI26316	SABC_Koumassi	Boissons du Cameroun	Fourniture_Pose	1815885	1	Regul	1	Terminé	Closed	MEC ZONE FILTRATION	2026-04-22	Tientcheu Clement
PI26317	SABC_Koumassi	Boissons du Cameroun	Fourniture_Pose	1 819 916	1	Lost	0	Terminé	Closed	MEC ZONE TTE	2026-04-22	Tientcheu Clement
PI26318	DANGOTE_Dla	DANGOTE CEMENT SA	Fourniture	2250000	1	Lost	0	Terminé	Closed	PURCHASE OF SAFETY LOCKOUT PADLOCK	2026-04-23	Saurelle Metiegoum
PI26319	DANGOTE_Dla	DANGOTE CEMENT SA	Maintenance	7953936	1.65	Lost	0	Terminé	Closed	Repair of Lighting @Speed Appro, Batoke & Dibombari - ELECTRICAL	2026-04-23	Benjamin N. Eteh
PI26320	SOCAPALM_Bambou	SOCAPALM	Etudes	0	1	Lost	0	Annulé	Closed	MEC suivant Rapport bureau veritas Socapalm Mbongo	2026-04-23	
PI26321	SABC_Koumassi	Boissons du Cameroun		209500	1	Lost	0	Terminé	Closed	ALIMENTATION ONDULEE POMPE INCENDIE	2026-04-23	Judiscael YONKEU HEKOUA
PI26322	SABC_Koumassi	Boissons du Cameroun		1050301	1	Lost	0	Terminé	Closed	Consultation pour mise en conformité coffret éclairage filtration	2026-04-23	Tientcheu Clement
PI26323	SABC_Koumassi	Boissons du Cameroun	Fourniture_Pose	661050	1	Regul	1	Terminé	Closed	consultation pour mise en conformité coffret éclairage intérieur,extérieur MLU	2026-04-23	Tientcheu Clement
PI26324	SABC_Koumassi	Boissons du Cameroun		2378528	1	Lost	0	Terminé	Closed	Consultation pour mise en conformité des disjoncteurs arrivée tension  TTE	2026-04-23	Tientcheu Clement
PI26325	SOCAVER	Societe Camerounaise des Verrieries	Fourniture	2013547	1.53	Lost	0	Terminé	Closed	Fourniture capteur pour maintenance préventive presse à capsules	2026-04-20	Armand Tchounkeu
PI26326	DANGOTE_Dla	DANGOTE CEMENT SA	Fourniture_Pose	0	1	Lost	0	Terminé	Closed	Replacement of 2 electrical cabinets at Jetty	2026-04-24	Saurelle Metiegoum
PI26327	HBO_Clients	HBO	Fourniture	0	1	Lost	0	Terminé	Closed	FOURNITURE DEBITMETRE	2026-04-24	PIR
PI26328	SABC_Koumassi	Boissons du Cameroun	Fourniture_Pose	0	1	Lost	0	Terminé	Closed	MEC ZONE SOUS-SOL BRASSAGE	2026-04-13	Tientcheu Clement
PI26329	SABC_Ndokoti	Boissons du Cameroun	Fourniture	400176	1	Lost	0	Terminé	Closed	MATERIELS POUR PROLONGEMENT SIGNAUX DVI-D POUR HMI PASTO ET DEPLOIEMENT IMAGE PC-BOX PASTO CH8 NDOKOTI 	2026-04-27	Rosine Kati
PI26330	SABC_Ndokoti	Boissons du Cameroun	Fourniture	4683000	1	Lost	0	Terminé	Closed	Demande d'offre de câbles complémentaires pour centrale thermique NDOKOTI	2026-04-27	Rosine Kati
PI26331	GUINNESS	GUINNESS SA	Fourniture	645000	1.5	Lost	0	Terminé	Closed	RAVITAILLEMENT PDR DIVERS DISJONCTEURS	2026-04-27	Marie Solange ABANS
PI26332	GUINNESS	GUINNESS SA	Fourniture	0	1	Lost	0	Annulé	Closed	RAVITAILLEMENT CABLE DE COMMUNICATION RS485	2026-04-27	Marie Solange ABANS
PI26333	NeoIndustry_Kekem	NEO INDUSTRY SA	Fourniture	3770928	1.35	Lost	0	Terminé	Closed	PIECES DE RECHANGES	2026-04-27	
PI26334	ADDAX	Addax Petroleum Cameroon Company SA	Fourniture	11341700	1.35	Lost	0	Terminé	Closed	Installation of a new power cable (Main Board to PUMA Unit, PUMA Unit to Chemical Warehouse)	2026-04-27	Cyrille Njoko
PI26335	DANGOTE_Dla	DANGOTE CEMENT SA	Fourniture	0	1	Lost	0	Prix	Ongoing	Check weigher front plate, Telephone sets & Supply & Installation of thermographic camera instrument - ELECTRICAL	2026-05-04	Benjamin N. Eteh
PI26336	SABC_Koumassi	Boissons du Cameroun	Fourniture_Pose	1086920	1	Lost	0	Terminé	Closed	FOURNITURE ET RACCORDEMENT CABLE SIGNAL DEBITMETRE DEVERSEUR TBF	2026-04-29	HAMO FIKOUE Patrick Aime 
PI26337	SABC_Yaounde	Boissons du Cameroun	Fourniture	594000	1.5	Lost	0	Terminé	Closed	COMMANDE DES DISJONCTEURS POUR PROTECTION DES COMPTEURS D'ENERGIES DES EQUIPEMENTS NOUVELLEMENTS INSTALLES A USINE CP DE YAOUNDE	2026-04-30	Alain Serge NOUNY NGASSAM 
PI26338	SABC_Siege	Boissons du Cameroun	Fourniture	3510000	1.4	Lost	0	Terminé	Closed	SCANNER 3D CREALITY RAPTORX	2026-04-30	Benjamin BAYANG
PI26339	ADDAX	Addax Petroleum Cameroon Company SA	Fourniture	3096800	1.4	Lost	0	Terminé	Closed	REQ722130975-Purchase of General Services Materials for Electrical Maintenance	2026-04-30	Cyrille Njoko
PI26340	GUINNESS	GUINNESS SA	Fourniture	3500400	1.54	Lost	0	Terminé	Closed	RAVITAILLEMENT PR ELECTRIQUES/CONTACTEURS	2026-05-01	Marie Solange ABANS
PI26341	GUINNESS	GUINNESS SA	Fourniture	750000	1,5	Lost	0	Terminé	Closed	RAVITAILLEMENT PR ELECTRIQUES/INTERRUPTEURS	2026-04-30	Marie Solange ABANS
PI26342	GUINNESS	GUINNESS SA	Fourniture	925500	1.5	Lost	0	Terminé	Closed	RAVITAILLEMENT PR ELECTRIQUES/ACCESSOIRES ET DIVERS	2026-04-30	Marie Solange ABANS
PI26343	SCDP Depot de Mboppi	SCDP	Fourniture_Pose	0	1	Lost	0	Annulé	Closed	MISE EN CONFORMITE BOUTONS D'ARRET	2026-04-30	
PI26344	SOCAPALM MBONGO	SOCAPALM	Fourniture_Pose	0	1	Lost	0	Review	Ongoing	MISE EN CONFORMITE ELECTRIQUES - ELEMENTS CRITIQUES LOT 1	2026-04-30	Ayissi Ndono
PI26345	SOCAPALM MBONGO	SOCAPALM	Fourniture_Pose	0	1	Lost	0	Review	Ongoing	MISE EN CONFORMITE ELECTRIQUES - ELEMENTS CRITIQUES LOT 2	2026-04-30	Steve Armand
PI26346	NeoIndustry_Kekem	NEO INDUSTRY SA	Fourniture	109815	1.89	Lost	0	Terminé	Closed	PIECES DE RECHANGES - VANNES ET ROBINETS	2026-05-04	
PI26347	NeoIndustry_Kekem	NEO INDUSTRY SA	Fourniture	2402400	1.4	Lost	0	Terminé	Closed	PIECES DE RECHANGES - COLONNES LUMINEUSES	2026-05-04	
PI26348	NeoIndustry_Kekem	NEO INDUSTRY SA	Fourniture	243600	1.4	FBC2600792	1	Terminé	Closed	PIECES DE RECHANGE - COUDES INOX	2026-05-04	
PI26349	NeoIndustry_Kekem	NEO INDUSTRY SA	Fourniture	2130900	1.7	Lost	0	Terminé	Closed	PIECES DE RECHANGES - COFFRET ET ACCESSOIRES	2026-05-04	
PI26350	NeoIndustry_Kekem	NEO INDUSTRY SA	Fourniture	295360	1.3	Lost	0	Terminé	Closed	PIECES DE RECHANGE - BAES	2026-05-04	
PI26351	SLB	SLB	Fourniture	492000	1	Lost	0	Terminé	Closed	Repair kit for turbine	2026-05-04	Arnaud Valentin DZOGNE 
PI26352	SABC_Siege	Boissons du Cameroun	Fourniture	1636500	1.5	Lost	0	Terminé	Closed	Matériels supplémentaires - Intégration chaîne 7 PET	2026-05-04	Cedric NGAKAM
PI26353	GUINNESS	GUINNESS SA	Fourniture	600000	1.5	Lost	0	Terminé	Closed	compteurs horaires mécaniques sur les compresseurs froid	2026-05-05	Marie Solange ABANS
PI26354	BOCOM Industry	BOCOM Industry	Fourniture	15242883	1.4	Lost	0	Terminé	Closed	FOURNITURE CONTACTEURS ET RELAIS THERMIQUES	2026-05-05	Roland Takam
PI26355	GUINNESS	GUINNESS SA	Fourniture_Pose	0	1	Lost	0	Annulé	Closed	REMISE EN SERVICE ECLAIRAGE DES TANKS DU BRASSAGE	2026-05-01	Carelle BELLA ETEME
PI26356	SABC_Yaounde	Boissons du Cameroun	Fourniture	6134240	1.4	Lost	0	Terminé	Closed	Commande des mégohmmètres pour usines Yaoundé (usines CP/TC/UBG)	2026-05-06	Alain Serge NOUNY NGASSAM 
PI26357	GUINNESS	GUINNESS SA	Fourniture	1653100	1.6	Lost	0	Terminé	Closed	ZT 55 AIR COMPRESSOR CONTACTORS SPARE 	2026-05-06	Marie Solange ABANS
PI26358	Sodecoton	SODECOTON	Fourniture	0	1	Lost	0	Prix	Ongoing	MISE EN PLACE DE LA TELEPHONIE IP A LA DIRECTION GENERALE	2026-05-06	
PI26359	BOCOM Industry	BOCOM Industry	Fourniture	876658	1.4	Lost	0	Terminé	Closed	FOURNITURE CONTACTEURS	2026-05-05	Roland Takam
PI26360	BOCOM 	BOCOM PETROLEUM SA	Fourniture	37007200	1.43	Lost	0	Terminé	Closed	FOURNITURE MATERIEL DIVERS	2026-05-06	Roland Takam
PI26361	SABC_Ndokoti	Boissons du Cameroun	Fourniture	555436	1.4	Lost	0	Terminé	Closed	BESOIN D'UN COMPTEUR SENTRON 4200 ET DE 03 TI 200/5A	2026-05-07	
PI26362	SABC_Ndokoti	Boissons du Cameroun	Fourniture_Pose	0	1	Lost	0	Annulé	Closed	TRAVAUX DE REMPLACEMENT DE GOULOTTES ET REFECTION ECLAIRAGE BUREAU DU	2026-05-07	Yves Ajoumessi
PI26363	SABC_Ndokoti	Boissons du Cameroun	Fourniture_Pose	712000	1.26	Regul	1	Terminé	Closed	TRAVAUX DE DEPLACEMENT PROJECTEURS ET DEPOSE CHEMINS DE CABLES	2026-05-07	Yves Ajoumessi
PI26364	SABC_Ndokoti	Boissons du Cameroun	Etudes	0	1	Lost	0	Annulé	Closed	ETUDES POUR IMPLEMENTATION SYSTEME SOLAIRE	2026-05-12	
PI26365	SABC_Ndokoti	Boissons du Cameroun	Fourniture	8400000	1.4	Lost	0	Terminé	Closed	FOURNITURE CABLE POUR ALIMENTATION N/S CENTRALE TERMIQUE NDOKOTI	2026-05-08	Rosine Kati
PI26366	DANGOTE_Dla	DANGOTE CEMENT SA	Fourniture	6347600	1.4	Lost	0	Terminé	Closed	DCC 2604-42 /Few Communications Items - INSTRUMENTATION	2026-05-08	Benjamin N. Eteh
PI26367	ADDAX	Addax Petroleum Cameroon Company SA	Fourniture	0	1	Lost	0	Reponse	Ongoing	REQ722131065 - THE CONSTRUCTION OF TWO LOCKER ROOMS AROUND THE YARD	2026-05-08	Emeline Nshom 
PI26368	SABC_Bafoussam	Boissons du Cameroun	Fourniture_Pose	676000	1.3	Lost	0	Terminé	Closed	OFFRE POUR INSTALLATION DE 02 PRISES 2P+T POUR BALANCE TRAITEMENT DES EAUX	2026-05-05	Anicet GHISLAIN FOKA
PI26369	SABC_Yaounde	Boissons du Cameroun	Fourniture	1039500	1.5	Lost	0	Terminé	Closed	COMMANDE DES CONVERTISSEURS POUR PROGRAMMER LES TRANSMETTEURS DE TEMPERATURES TYPE T120 A L'USINE DE YAOUNDE 	2026-05-09	Alain Serge NOUNY NGASSAM 
PI26370	SABC_Yaounde	Boissons du Cameroun	Fourniture	3600000	1.5	Lost	0	Terminé	Closed	COMMANDE DIALOGUE OPERATEUR GROUPE FROID EAU GLACEE HANSA	2026-05-09	Alain Serge NOUNY NGASSAM 
PI26371	GUINNESS	GUINNESS SA	Fourniture	3719900	1.48	Lost	0	Terminé	Closed	MATERIEL POUR METTRE LES EQUIPEMENTS SGX SOUS RESEAU ONDULE	2026-05-11	Marie Solange ABANS
PI26372	SABC_Bafoussam	Boissons du Cameroun	Fourniture	1678280	1.44	Lost	0	Terminé	Closed	MINI PC INDUSTRIEL + ECRAN ET ACCESSOIRE POUR PROJET STEP BAFOUSSAM	2026-05-11	Rosine Kati
PI26373	SABC_Ndokoti	Boissons du Cameroun	Fourniture	5059000	1	Lost	0	Terminé	Closed	ACHAT CABLE POUR ALIMENTATION NOUVELLE ETIQUETEUSE CH14 NDOKOTI	2026-05-11	Rosine Kati
PI26374	DIXSTONE	Dixstone Operations Cameroun	Fourniture	18836012	1.5	Lost	0	Terminé	Closed	A130-2026-040007-B(01) - ATC Crane Spare Parts	2026-05-11	Hervige Ngendeme
PI26375	SLB	SLB	Fourniture_Pose	0	1	Lost	0	Prix	Ongoing	Inquiry on Calibration Services for Attached Instruments	2026-05-11	Arnaud Valentin DZOGNE 
PI26376	SOCAPALM_Eseka	SOCAPALM	Fourniture_Pose	0	1	Lost	0	Prix	Ongoing	Réhabilitation armoire extraction 	2026-05-08	Anne Chantal Ngo Ngidjol
PI26377	SABC_Ndokoti	Boissons du Cameroun	Placement_RH	3600000	1.5	Lost	0	Terminé	Closed	Mise a disposition de 4 instrumentistes Team A pour entretien journalier Ndokoti (avril 2026 à juin 2026)	2026-04-01	François Atangana
PI26378	Hydrac Douala	Hydrocarbures Analyses Contrôles SA		16000000	1	Lost	0	Terminé	Closed	Travaux d'inspection ATEX Mangara et Badila	2026-05-11	Bakoura Moussa
PI26379	SABC_Koumassi	Boissons du Cameroun	Fourniture_Pose	2821000	1	Lost	0	Terminé	Closed	Alimentation et câblage containers MLU	2026-05-12	Tientcheu Clement
PI26380	GUINNESS	GUINNESS SA	Fourniture	19915200	1.44	Lost	0	Terminé	Closed	RAVITAILLEMENT PR/ COMPRESSEUR TEMPERATEURE CONTROL	2026-05-12	Marie Solange ABANS
PI26381	SABC_Yaounde	Boissons du Cameroun	Fourniture	3970200	1.3	Lost	0	Terminé	Closed	Cartes de communication 6GK7243-1BX30-0XE0 pour projet CPS YAOUNDE	2026-05-13	Rosine Kati
PI26382	NeoIndustry_Kekem	NEO INDUSTRY SA	Fourniture	2832480	1.4	Lost	0	Terminé	Closed	REAPPROVISIONNEMENT PIECES DE RECHANGES	2026-05-13	
PI26383	NeoIndustry_Kekem	NEO INDUSTRY SA	Fourniture	1867264	1.4	Lost	0	Terminé	Closed	REAPPROVISIONNEMENT PIECES DE RECHANGES - COURROIES ET DISQUES	2026-05-13	
PI26384	DIXSTONE	Dixstone Operations Cameroun	Fourniture	0	1	Lost	0	Prix	Ongoing	FILTER HOUSING	2026-05-13	Hervige Ngendeme
PI26385	SABC_Bafoussam	Boissons du Cameroun	Fourniture	13342400	1.6	Lost	0	Terminé	Closed	DEMANDE D'OFFRE DE MATERIEL POUR TRAVAUX DE DEPLACEMENT DE L'ARMOIRE ELECTRIQUE DE CONCENTRATION - USINE DE BAFOUSSAM	2026-05-15	Rosine Kati
PI26386	SABC_Siege	Boissons du Cameroun	Fourniture	0	1	Lost	0	Prix	Ongoing	ALIMENTATION ELECTRIQUE POUR EQUIPEMENTS D'INJECTION DES SOLS	2026-05-15	Cedric NGAKAM
PI26387	SABC_Bafoussam	Boissons du Cameroun	Fourniture_Pose	0	1	Lost	0	Visite	Ongoing	OFFRE POUR FOURNITURE ET INSTALLATION DE DEUX (02) PROJECTEURS SOLAIRES	2026-05-16	Anicet GHISLAIN FOKA
PI26388	SABC_Koumassi	Boissons du Cameroun	Fourniture	0	1	Lost	0	Terminé	Closed	Travaux d'Assainissement de cables et pose des ventilateurs - Magasin principal	2026-05-18	Tientcheu Clement
PI26389	GUINNESS	GUINNESS SA	Fourniture	4940800	1.66	Lost	0	Terminé	Closed	RAVITAILLEMENT PDR ELECTRIQUES/ PROJECTEURS ET ACCESSOIRES	2026-05-18	Marie Solange ABANS
PI26390	SABC_Ndokoti	Boissons du Cameroun	Fourniture_Pose	1832000	1.24	Regul	1	Terminé	Closed	TRVAUX DE POSE DES CHEMINS DE CABLES AU QUAI DE DEPOTAGE	2026-05-14	François Atangana
PI26391	SABC_Ndokoti	Boissons du Cameroun	Fourniture_Pose	1931000	1.24	Regul	1	Terminé	Closed	TRVAUX DE POSE DES CHEMINS DE CABLES AU MAGASIN MPC	2026-05-14	François Atangana
PI26392	SABC_Bafoussam	Boissons du Cameroun	Fourniture	0	1	Lost	0	Prix	Ongoing	ACHAT COFFRET ELECTRIQUE POUR TRAVAUX DE MODIFICATION CHAUDIERES USINE BAFOUSSAM	2026-05-18	Rosine Kati
PI26393	SABC_Koumassi	Boissons du Cameroun	Fourniture	7404500	1.33	Lost	0	Terminé	Closed	ACHAT MATERIEL ELECTRIQUE POUR CIP IENTONNEMENT KOUMASSI	2026-05-18	Cedric NGAKAM
PI26394	GUINNESS	GUINNESS SA	Fourniture	127500	1.5	Lost	0	Terminé	Closed	DISJONCTEUR MANQUANT CIP ENTONNEMENT	2026-05-18	Marie Solange ABANS
PI26395	SABC_Ndokoti	Boissons du Cameroun	Fourniture	8648000	1.26	Lost	0	Terminé	Closed	ACHAT MATERIEL POUR CABLAGE GE N°3 CENTRALE THERMIQUE NDOKOTI	2026-05-19	Rosine Kati
PI26396	SABC_Bafoussam	Boissons du Cameroun	Fourniture_Pose	0	1	Lost	0	Calcul	Ongoing	DEMANDE D'OFFRE DE PRESTATION	2026-05-20	